{
  "type": "FeatureCollection",
  "features": [
    {
      "type": "Feature",
      "id": "way/29411501",
      "properties": {
        "admin_level": "5",
        "boundary": "administrative",
        "source": "ALKIS Hessen + Shapefiles",
        "id": "way/29411501"
      },
      "geometry": {
        "type": "LineString",
        "coordinates": [
          [8.974, 50.938],
          [8.974, 50.937],
          [8.973, 50.937],
          [8.973, 50.936],
          [8.973, 50.935],
          [8.974, 50.934],
          [8.975, 50.934],
          [8.974, 50.934],
          [8.973, 50.934],
          [8.973, 50.933],
          [8.972, 50.933],
          [8.974, 50.933],
          [8.975, 50.933],
          [8.975, 50.932],
          [8.973, 50.931],
          [8.974, 50.931],
          [8.974, 50.930]
        ]
      }
    },
    {
      "type": "Feature",
      "id": "way/29411610",
      "properties": {
        "admin_level": "4",
        "boundary": "administrative",
        "source": "http://wiki.openstreetmap.org/wiki/Import/Catalogue/Kreisgrenzen_Deutschland_2005",
        "id": "way/29411610"
      },
      "geometry": {
        "type": "LineString",
        "coordinates": [
          [8.175, 50.034],
          [8.176, 50.034],
          [8.177, 50.034],
          [8.178, 50.034],
          [8.181, 50.035],
          [8.182, 50.035],
          [8.184, 50.035],
          [8.185, 50.035],
          [8.190, 50.035]
        ]
      }
    },
    {
      "type": "Feature",
      "id": "way/29411656",
      "properties": {
        "admin_level": "4",
        "boundary": "administrative",
        "source": "http://wiki.openstreetmap.org/wiki/Import/Catalogue/Kreisgrenzen_Deutschland_2005",
        "id": "way/29411656"
      },
      "geometry": {
        "type": "LineString",
        "coordinates": [
          [8.286, 49.996],
          [8.287, 49.995],
          [8.289, 49.994],
          [8.290, 49.993]
        ]
      }
    },
    {
      "type": "Feature",
      "id": "way/29411676",
      "properties": {
        "admin_level": "4",
        "boundary": "administrative",
        "source": "Hessische Verwaltung für Bodenmanagement und Geoinformation - Digitale Verwaltungsgrenzen",
        "id": "way/29411676"
      },
      "geometry": {
        "type": "LineString",
        "coordinates": [
          [9.102, 49.577],
          [9.102, 49.576],
          [9.101, 49.574],
          [9.100, 49.572],
          [9.100, 49.571],
          [9.099, 49.571],
          [9.099, 49.570],
          [9.100, 49.569],
          [9.100, 49.568],
          [9.100, 49.566],
          [9.100, 49.565],
          [9.099, 49.564],
          [9.099, 49.563],
          [9.099, 49.562],
          [9.100, 49.561]
        ]
      }
    },
    {
      "type": "Feature",
      "id": "way/29411683",
      "properties": {
        "admin_level": "5",
        "boundary": "administrative",
        "source": "Hessische Verwaltung für Bodenmanagement und Geoinformation - Digitale Verwaltungsgrenzen (Shapefile)",
        "id": "way/29411683"
      },
      "geometry": {
        "type": "LineString",
        "coordinates": [
          [8.516, 50.407],
          [8.517, 50.407],
          [8.517, 50.406],
          [8.518, 50.406],
          [8.519, 50.405],
          [8.520, 50.405],
          [8.521, 50.405],
          [8.520, 50.405],
          [8.520, 50.404],
          [8.520, 50.403],
          [8.520, 50.402],
          [8.518, 50.401],
          [8.517, 50.401],
          [8.516, 50.401],
          [8.516, 50.400],
          [8.515, 50.400],
          [8.514, 50.400],
          [8.514, 50.399]
        ]
      }
    },
    {
      "type": "Feature",
      "id": "way/29411723",
      "properties": {
        "admin_level": "4",
        "boundary": "administrative",
        "source": "Hessische Verwaltung für Bodenmanagement und Geoinformation - Digitale Verwaltungsgrenzen",
        "id": "way/29411723"
      },
      "geometry": {
        "type": "LineString",
        "coordinates": [
          [9.925, 50.767],
          [9.926, 50.767],
          [9.925, 50.766],
          [9.924, 50.765],
          [9.923, 50.764],
          [9.922, 50.763],
          [9.922, 50.762],
          [9.921, 50.761],
          [9.921, 50.760],
          [9.920, 50.760],
          [9.920, 50.759],
          [9.920, 50.758],
          [9.921, 50.758],
          [9.921, 50.757],
          [9.922, 50.757],
          [9.923, 50.757],
          [9.924, 50.757],
          [9.924, 50.756],
          [9.925, 50.756],
          [9.926, 50.756],
          [9.927, 50.756],
          [9.928, 50.756],
          [9.928, 50.757],
          [9.929, 50.757],
          [9.930, 50.756]
        ]
      }
    },
    {
      "type": "Feature",
      "id": "way/29411783",
      "properties": {
        "admin_level": "5",
        "boundary": "administrative",
        "source": "ALKIS Hessen + Shapefiles",
        "id": "way/29411783"
      },
      "geometry": {
        "type": "LineString",
        "coordinates": [
          [9.609, 50.716],
          [9.609, 50.715],
          [9.610, 50.714],
          [9.610, 50.713],
          [9.611, 50.712],
          [9.611, 50.711],
          [9.612, 50.711],
          [9.612, 50.710],
          [9.611, 50.710],
          [9.611, 50.709],
          [9.611, 50.708],
          [9.612, 50.708],
          [9.612, 50.707],
          [9.612, 50.706],
          [9.613, 50.706],
          [9.613, 50.705],
          [9.614, 50.705],
          [9.615, 50.704],
          [9.616, 50.704],
          [9.617, 50.703],
          [9.617, 50.702],
          [9.617, 50.701],
          [9.617, 50.700]
        ]
      }
    },
    {
      "type": "Feature",
      "id": "way/29411786",
      "properties": {
        "admin_level": "4",
        "boundary": "administrative",
        "source": "Hessische Verwaltung für Bodenmanagement und Geoinformation - Digitale Verwaltungsgrenzen",
        "id": "way/29411786"
      },
      "geometry": {
        "type": "LineString",
        "coordinates": [
          [10.078, 50.637],
          [10.078, 50.636],
          [10.079, 50.636],
          [10.079, 50.635],
          [10.078, 50.634],
          [10.079, 50.634],
          [10.080, 50.634],
          [10.081, 50.633],
          [10.083, 50.633],
          [10.082, 50.633],
          [10.082, 50.632],
          [10.082, 50.631],
          [10.082, 50.630],
          [10.082, 50.629],
          [10.082, 50.628],
          [10.082, 50.627],
          [10.081, 50.627],
          [10.081, 50.626],
          [10.081, 50.624],
          [10.081, 50.623],
          [10.081, 50.622],
          [10.081, 50.621],
          [10.081, 50.620],
          [10.081, 50.619]
        ]
      }
    },
    {
      "type": "Feature",
      "id": "way/29411916",
      "properties": {
        "admin_level": "5",
        "boundary": "administrative",
        "source": "Hessische Verwaltung für Bodenmanagement und Geoinformation - Digitale Verwaltungsgrenzen (Shapefile)",
        "id": "way/29411916"
      },
      "geometry": {
        "type": "LineString",
        "coordinates": [
          [8.121, 50.277],
          [8.122, 50.277],
          [8.123, 50.278],
          [8.124, 50.278],
          [8.125, 50.278],
          [8.125, 50.279],
          [8.126, 50.279],
          [8.127, 50.279],
          [8.128, 50.279],
          [8.130, 50.280],
          [8.131, 50.280],
          [8.134, 50.280],
          [8.136, 50.279],
          [8.141, 50.281]
        ]
      }
    },
    {
      "type": "Feature",
      "id": "way/29412016",
      "properties": {
        "admin_level": "4",
        "boundary": "administrative",
        "source": "Hessische Verwaltung für Bodenmanagement und Geoinformation - Digitale Verwaltungsgrenzen (Shapefile)",
        "id": "way/29412016"
      },
      "geometry": {
        "type": "LineString",
        "coordinates": [
          [8.121, 50.277],
          [8.121, 50.278],
          [8.120, 50.279],
          [8.120, 50.280],
          [8.120, 50.281],
          [8.120, 50.283],
          [8.122, 50.286],
          [8.123, 50.287],
          [8.122, 50.287],
          [8.121, 50.288],
          [8.120, 50.289],
          [8.122, 50.290],
          [8.122, 50.291],
          [8.120, 50.291],
          [8.120, 50.292],
          [8.119, 50.294],
          [8.119, 50.295],
          [8.120, 50.295],
          [8.119, 50.298],
          [8.119, 50.299],
          [8.118, 50.299],
          [8.117, 50.300],
          [8.115, 50.300],
          [8.114, 50.300],
          [8.113, 50.301],
          [8.113, 50.303],
          [8.111, 50.304],
          [8.110, 50.304],
          [8.109, 50.304],
          [8.108, 50.305],
          [8.107, 50.306],
          [8.106, 50.306],
          [8.104, 50.307],
          [8.103, 50.307]
        ]
      }
    },
    {
      "type": "Feature",
      "id": "way/29412168",
      "properties": {
        "admin_level": "4",
        "boundary": "administrative",
        "source": "Hessische Verwaltung für Bodenmanagement und Geoinformation - Digitale Verwaltungsgrenzen",
        "id": "way/29412168"
      },
      "geometry": {
        "type": "LineString",
        "coordinates": [
          [8.448, 49.733],
          [8.449, 49.735],
          [8.453, 49.740],
          [8.454, 49.740],
          [8.455, 49.741],
          [8.455, 49.742],
          [8.457, 49.743],
          [8.458, 49.744],
          [8.459, 49.745],
          [8.463, 49.747],
          [8.476, 49.756],
          [8.477, 49.757],
          [8.478, 49.758],
          [8.479, 49.758],
          [8.479, 49.759],
          [8.479, 49.761],
          [8.479, 49.762],
          [8.479, 49.764],
          [8.478, 49.765],
          [8.477, 49.765],
          [8.476, 49.766],
          [8.475, 49.767],
          [8.474, 49.767],
          [8.473, 49.768],
          [8.472, 49.768]
        ]
      }
    },
    {
      "type": "Feature",
      "id": "way/29412214",
      "properties": {
        "admin_level": "5",
        "boundary": "administrative",
        "source": "Hessische Verwaltung für Bodenmanagement und Geoinformation - Digitale Verwaltungsgrenzen",
        "id": "way/29412214"
      },
      "geometry": {
        "type": "LineString",
        "coordinates": [
          [9.484, 50.432],
          [9.484, 50.433],
          [9.484, 50.434],
          [9.484, 50.435],
          [9.484, 50.436],
          [9.483, 50.436],
          [9.482, 50.437],
          [9.482, 50.438],
          [9.481, 50.438],
          [9.481, 50.439]
        ]
      }
    },
    {
      "type": "Feature",
      "id": "way/29412217",
      "properties": {
        "admin_level": "4",
        "boundary": "administrative",
        "source": "Hessische Verwaltung für Bodenmanagement und Geoinformation - Digitale Verwaltungsgrenzen (Shapefile)",
        "id": "way/29412217"
      },
      "geometry": {
        "type": "LineString",
        "coordinates": [
          [7.773, 50.067],
          [7.776, 50.066],
          [7.777, 50.066],
          [7.778, 50.066],
          [7.779, 50.066],
          [7.780, 50.066],
          [7.781, 50.066],
          [7.782, 50.066],
          [7.783, 50.066],
          [7.783, 50.067],
          [7.784, 50.067],
          [7.785, 50.067],
          [7.785, 50.068],
          [7.786, 50.068],
          [7.787, 50.069],
          [7.787, 50.070],
          [7.787, 50.071],
          [7.786, 50.070],
          [7.786, 50.071],
          [7.787, 50.071],
          [7.787, 50.072],
          [7.788, 50.072],
          [7.789, 50.073],
          [7.790, 50.073],
          [7.791, 50.073],
          [7.791, 50.074],
          [7.792, 50.074],
          [7.793, 50.075],
          [7.794, 50.075],
          [7.796, 50.076],
          [7.796, 50.077]
        ]
      }
    },
    {
      "type": "Feature",
      "id": "way/29412867",
      "properties": {
        "admin_level": "5",
        "boundary": "administrative",
        "source": "Hessische Verwaltung für Bodenmanagement und Geoinformation - Digitale Verwaltungsgrenzen",
        "id": "way/29412867"
      },
      "geometry": {
        "type": "LineString",
        "coordinates": [
          [8.349, 50.324],
          [8.347, 50.324],
          [8.346, 50.324],
          [8.345, 50.324],
          [8.345, 50.325],
          [8.344, 50.325],
          [8.344, 50.326],
          [8.343, 50.327],
          [8.342, 50.327],
          [8.342, 50.328],
          [8.341, 50.328],
          [8.340, 50.328],
          [8.340, 50.329],
          [8.339, 50.329],
          [8.338, 50.329],
          [8.337, 50.329],
          [8.336, 50.329],
          [8.335, 50.329],
          [8.335, 50.330],
          [8.333, 50.330],
          [8.332, 50.330],
          [8.331, 50.329],
          [8.330, 50.329],
          [8.328, 50.329],
          [8.327, 50.329],
          [8.326, 50.328]
        ]
      }
    },
    {
      "type": "Feature",
      "id": "way/29412894",
      "properties": {
        "admin_level": "4",
        "boundary": "administrative",
        "source": "Hessische Verwaltung für Bodenmanagement und Geoinformation - Digitale Verwaltungsgrenzen (Shapefile)",
        "id": "way/29412894"
      },
      "geometry": {
        "type": "LineString",
        "coordinates": [
          [8.284, 50.882],
          [8.285, 50.882],
          [8.286, 50.882],
          [8.288, 50.882],
          [8.289, 50.882],
          [8.290, 50.882],
          [8.292, 50.882],
          [8.291, 50.881],
          [8.292, 50.881],
          [8.291, 50.881],
          [8.291, 50.880],
          [8.291, 50.879],
          [8.291, 50.878],
          [8.291, 50.877],
          [8.292, 50.876],
          [8.292, 50.875],
          [8.293, 50.875],
          [8.293, 50.874],
          [8.294, 50.872],
          [8.295, 50.872],
          [8.295, 50.871],
          [8.296, 50.871],
          [8.296, 50.870],
          [8.297, 50.869],
          [8.298, 50.869],
          [8.299, 50.869],
          [8.299, 50.868],
          [8.300, 50.868],
          [8.301, 50.866],
          [8.302, 50.865],
          [8.304, 50.864],
          [8.305, 50.864],
          [8.304, 50.863],
          [8.305, 50.862],
          [8.305, 50.860],
          [8.306, 50.860]
        ]
      }
    },
    {
      "type": "Feature",
      "id": "way/29412904",
      "properties": {
        "admin_level": "4",
        "boundary": "administrative",
        "source": "Hessische Verwaltung für Bodenmanagement und Geoinformation - Digitale Verwaltungsgrenzen (Shapefile)",
        "id": "way/29412904"
      },
      "geometry": {
        "type": "LineString",
        "coordinates": [
          [8.148, 50.600],
          [8.148, 50.601],
          [8.147, 50.602],
          [8.144, 50.602],
          [8.143, 50.603],
          [8.142, 50.603],
          [8.137, 50.604],
          [8.133, 50.605],
          [8.130, 50.606],
          [8.128, 50.607]
        ]
      }
    },
    {
      "type": "Feature",
      "id": "way/29413005",
      "properties": {
        "admin_level": "4",
        "boundary": "administrative",
        "source": "Hessische Verwaltung für Bodenmanagement und Geoinformation - Digitale Verwaltungsgrenzen (Shapefile)",
        "id": "way/29413005"
      },
      "geometry": {
        "type": "LineString",
        "coordinates": [
          [8.464, 50.969],
          [8.465, 50.969],
          [8.468, 50.969],
          [8.470, 50.969],
          [8.472, 50.969],
          [8.475, 50.969],
          [8.476, 50.969],
          [8.477, 50.969]
        ]
      }
    },
    {
      "type": "Feature",
      "id": "way/29413202",
      "properties": {
        "admin_level": "5",
        "boundary": "administrative",
        "source": "Hessische Verwaltung für Bodenmanagement und Geoinformation - Digitale Verwaltungsgrenzen",
        "id": "way/29413202"
      },
      "geometry": {
        "type": "LineString",
        "coordinates": [
          [8.602, 50.951],
          [8.601, 50.951],
          [8.600, 50.950],
          [8.599, 50.950],
          [8.599, 50.949],
          [8.598, 50.949],
          [8.596, 50.949],
          [8.596, 50.950],
          [8.595, 50.950],
          [8.594, 50.949],
          [8.593, 50.949],
          [8.592, 50.949],
          [8.591, 50.949],
          [8.590, 50.949],
          [8.589, 50.950],
          [8.588, 50.950],
          [8.587, 50.950],
          [8.586, 50.950],
          [8.585, 50.950],
          [8.584, 50.949],
          [8.583, 50.949],
          [8.582, 50.949],
          [8.581, 50.948],
          [8.580, 50.948],
          [8.579, 50.948],
          [8.577, 50.948],
          [8.576, 50.948],
          [8.575, 50.948],
          [8.574, 50.948],
          [8.573, 50.948],
          [8.573, 50.949],
          [8.572, 50.949],
          [8.571, 50.950],
          [8.571, 50.951],
          [8.572, 50.952],
          [8.572, 50.953],
          [8.571, 50.953],
          [8.570, 50.953],
          [8.570, 50.952],
          [8.569, 50.952],
          [8.568, 50.951],
          [8.567, 50.951],
          [8.566, 50.951]
        ]
      }
    },
    {
      "type": "Feature",
      "id": "way/29413475",
      "properties": {
        "admin_level": "5",
        "boundary": "administrative",
        "source": "HVBG Verwaltungsgrenzen shapefile;Grenzen Vereinfachung 0,1m",
        "id": "way/29413475"
      },
      "geometry": {
        "type": "LineString",
        "coordinates": [
          [8.610, 50.465],
          [8.610, 50.464],
          [8.609, 50.464],
          [8.608, 50.464],
          [8.608, 50.463],
          [8.607, 50.463],
          [8.606, 50.463],
          [8.605, 50.463],
          [8.604, 50.463],
          [8.605, 50.463],
          [8.605, 50.462],
          [8.604, 50.462],
          [8.603, 50.461],
          [8.602, 50.461],
          [8.601, 50.461],
          [8.599, 50.460],
          [8.600, 50.459],
          [8.601, 50.458],
          [8.601, 50.457],
          [8.600, 50.457],
          [8.599, 50.457],
          [8.598, 50.457],
          [8.597, 50.456],
          [8.596, 50.455],
          [8.595, 50.455],
          [8.594, 50.454],
          [8.593, 50.454],
          [8.592, 50.453],
          [8.591, 50.453],
          [8.590, 50.453],
          [8.589, 50.452],
          [8.588, 50.452],
          [8.587, 50.451],
          [8.586, 50.450],
          [8.586, 50.449],
          [8.584, 50.448]
        ]
      }
    },
    {
      "type": "Feature",
      "id": "way/29413492",
      "properties": {
        "admin_level": "4",
        "boundary": "administrative",
        "source": "Hessische Verwaltung für Bodenmanagement und Geoinformation - Digitale Verwaltungsgrenzen",
        "id": "way/29413492"
      },
      "geometry": {
        "type": "LineString",
        "coordinates": [
          [9.073, 49.575],
          [9.073, 49.574],
          [9.074, 49.574],
          [9.073, 49.574],
          [9.073, 49.573],
          [9.073, 49.572],
          [9.074, 49.572],
          [9.074, 49.571],
          [9.073, 49.571],
          [9.073, 49.570],
          [9.074, 49.570],
          [9.074, 49.569],
          [9.073, 49.568],
          [9.073, 49.567],
          [9.073, 49.566],
          [9.072, 49.566],
          [9.071, 49.566],
          [9.071, 49.565],
          [9.070, 49.565],
          [9.070, 49.564],
          [9.071, 49.564],
          [9.070, 49.564],
          [9.070, 49.563],
          [9.071, 49.563],
          [9.071, 49.562],
          [9.072, 49.562],
          [9.073, 49.562],
          [9.073, 49.561],
          [9.074, 49.561],
          [9.074, 49.560],
          [9.074, 49.559],
          [9.075, 49.559],
          [9.076, 49.559],
          [9.077, 49.559],
          [9.077, 49.558],
          [9.076, 49.558],
          [9.077, 49.557],
          [9.078, 49.557],
          [9.079, 49.557],
          [9.079, 49.556],
          [9.080, 49.556],
          [9.081, 49.556],
          [9.081, 49.555],
          [9.080, 49.555],
          [9.080, 49.554],
          [9.081, 49.554],
          [9.082, 49.553],
          [9.083, 49.553],
          [9.084, 49.553],
          [9.084, 49.552],
          [9.085, 49.552],
          [9.085, 49.551],
          [9.084, 49.551],
          [9.085, 49.551],
          [9.085, 49.550],
          [9.085, 49.549],
          [9.086, 49.549],
          [9.086, 49.548],
          [9.086, 49.547],
          [9.086, 49.546],
          [9.085, 49.546],
          [9.085, 49.545],
          [9.085, 49.544]
        ]
      }
    },
    {
      "type": "Feature",
      "id": "way/29413522",
      "properties": {
        "admin_level": "4",
        "boundary": "administrative",
        "source": "Hessische Verwaltung für Bodenmanagement und Geoinformation - Digitale Verwaltungsgrenzen",
        "id": "way/29413522"
      },
      "geometry": {
        "type": "LineString",
        "coordinates": [
          [8.900, 49.484],
          [8.900, 49.485],
          [8.900, 49.486],
          [8.900, 49.487],
          [8.899, 49.487],
          [8.900, 49.487],
          [8.900, 49.488],
          [8.899, 49.488],
          [8.899, 49.489],
          [8.899, 49.490],
          [8.900, 49.490],
          [8.900, 49.491],
          [8.901, 49.491],
          [8.901, 49.492],
          [8.901, 49.493],
          [8.900, 49.493],
          [8.900, 49.494],
          [8.900, 49.495],
          [8.899, 49.495],
          [8.898, 49.495],
          [8.898, 49.496],
          [8.897, 49.496]
        ]
      }
    },
    {
      "type": "Feature",
      "id": "way/29413583",
      "properties": {
        "admin_level": "4",
        "boundary": "administrative",
        "source": "Hessische Verwaltung für Bodenmanagement und Geoinformation - Digitale Verwaltungsgrenzen",
        "id": "way/29413583"
      },
      "geometry": {
        "type": "LineString",
        "coordinates": [
          [9.083, 49.543],
          [9.084, 49.543],
          [9.084, 49.542],
          [9.085, 49.542],
          [9.086, 49.542],
          [9.087, 49.542],
          [9.088, 49.542],
          [9.089, 49.542],
          [9.089, 49.541],
          [9.090, 49.541],
          [9.091, 49.541],
          [9.092, 49.542],
          [9.092, 49.541],
          [9.093, 49.541],
          [9.094, 49.541],
          [9.095, 49.541],
          [9.095, 49.540],
          [9.096, 49.540],
          [9.097, 49.539],
          [9.098, 49.539],
          [9.098, 49.538],
          [9.099, 49.538],
          [9.099, 49.537],
          [9.100, 49.537],
          [9.100, 49.538],
          [9.101, 49.538],
          [9.101, 49.537],
          [9.102, 49.538],
          [9.103, 49.538],
          [9.104, 49.537],
          [9.104, 49.536],
          [9.104, 49.535],
          [9.105, 49.535],
          [9.105, 49.536],
          [9.106, 49.536],
          [9.108, 49.536],
          [9.110, 49.536],
          [9.110, 49.535],
          [9.112, 49.535],
          [9.112, 49.534],
          [9.113, 49.534],
          [9.114, 49.534],
          [9.115, 49.533],
          [9.115, 49.532],
          [9.115, 49.531],
          [9.115, 49.530],
          [9.116, 49.529],
          [9.117, 49.528],
          [9.117, 49.527],
          [9.118, 49.527],
          [9.119, 49.527],
          [9.120, 49.527],
          [9.120, 49.526],
          [9.120, 49.525],
          [9.121, 49.524],
          [9.122, 49.524]
        ]
      }
    },
    {
      "type": "Feature",
      "id": "way/29413630",
      "properties": {
        "admin_level": "4",
        "boundary": "administrative",
        "source": "Hessische Verwaltung für Bodenmanagement und Geoinformation - Digitale Verwaltungsgrenzen",
        "id": "way/29413630"
      },
      "geometry": {
        "type": "LineString",
        "coordinates": [
          [8.400, 49.803],
          [8.394, 49.809],
          [8.384, 49.817]
        ]
      }
    },
    {
      "type": "Feature",
      "id": "way/29413633",
      "properties": {
        "admin_level": "4",
        "boundary": "administrative",
        "source": "Hessische Verwaltung für Bodenmanagement und Geoinformation - Digitale Verwaltungsgrenzen (Shapefile)",
        "id": "way/29413633"
      },
      "geometry": {
        "type": "LineString",
        "coordinates": [
          [8.175, 50.034],
          [8.173, 50.033],
          [8.172, 50.033],
          [8.171, 50.033],
          [8.169, 50.032],
          [8.168, 50.032],
          [8.167, 50.032],
          [8.165, 50.032],
          [8.164, 50.031],
          [8.163, 50.031],
          [8.162, 50.031],
          [8.161, 50.030],
          [8.158, 50.029]
        ]
      }
    },
    {
      "type": "Feature",
      "id": "way/31345516",
      "properties": {
        "admin_level": "4",
        "boundary": "administrative",
        "source": "Hessische Verwaltung für Bodenmanagement und Geoinformation - Digitale Verwaltungsgrenzen (Shapefile)",
        "id": "way/31345516"
      },
      "geometry": {
        "type": "LineString",
        "coordinates": [
          [8.054, 50.005],
          [8.048, 50.004],
          [8.045, 50.004],
          [8.039, 50.002],
          [8.036, 50.002]
        ]
      }
    },
    {
      "type": "Feature",
      "id": "way/36909581",
      "properties": {
        "admin_level": "4",
        "boundary": "administrative",
        "source": "Hessische Verwaltung für Bodenmanagement und Geoinformation - Digitale Verwaltungsgrenzen (Shapefile)",
        "id": "way/36909581"
      },
      "geometry": {
        "type": "LineString",
        "coordinates": [
          [8.230, 50.850],
          [8.231, 50.853],
          [8.231, 50.854],
          [8.233, 50.855],
          [8.235, 50.856],
          [8.238, 50.858],
          [8.239, 50.859],
          [8.240, 50.860],
          [8.242, 50.863],
          [8.246, 50.863],
          [8.246, 50.864],
          [8.248, 50.864],
          [8.249, 50.865],
          [8.250, 50.866],
          [8.251, 50.867],
          [8.252, 50.868],
          [8.254, 50.869],
          [8.257, 50.870],
          [8.259, 50.871],
          [8.260, 50.872],
          [8.261, 50.873],
          [8.261, 50.874],
          [8.261, 50.875],
          [8.262, 50.876],
          [8.265, 50.879],
          [8.268, 50.880],
          [8.269, 50.881],
          [8.270, 50.882],
          [8.271, 50.882],
          [8.273, 50.882],
          [8.274, 50.882],
          [8.275, 50.882],
          [8.276, 50.882],
          [8.277, 50.881],
          [8.278, 50.881],
          [8.279, 50.881],
          [8.280, 50.881],
          [8.281, 50.881],
          [8.282, 50.882],
          [8.283, 50.882],
          [8.284, 50.882]
        ]
      }
    },
    {
      "type": "Feature",
      "id": "way/36909592",
      "properties": {
        "admin_level": "4",
        "boundary": "administrative",
        "source": "ALKIS Hessen + Shapefiles",
        "id": "way/36909592"
      },
      "geometry": {
        "type": "LineString",
        "coordinates": [
          [8.464, 50.969],
          [8.463, 50.968],
          [8.462, 50.968],
          [8.462, 50.967],
          [8.458, 50.966],
          [8.457, 50.966],
          [8.457, 50.965],
          [8.458, 50.964],
          [8.458, 50.963],
          [8.459, 50.962],
          [8.459, 50.961],
          [8.459, 50.960],
          [8.460, 50.959],
          [8.461, 50.959],
          [8.461, 50.958],
          [8.460, 50.957],
          [8.460, 50.956],
          [8.460, 50.954],
          [8.460, 50.953],
          [8.459, 50.952],
          [8.459, 50.951],
          [8.460, 50.951],
          [8.461, 50.951],
          [8.462, 50.949],
          [8.461, 50.949],
          [8.460, 50.948],
          [8.458, 50.947],
          [8.457, 50.946],
          [8.456, 50.945],
          [8.455, 50.944],
          [8.453, 50.943],
          [8.452, 50.943],
          [8.451, 50.942],
          [8.450, 50.942],
          [8.449, 50.941],
          [8.449, 50.940]
        ]
      }
    },
    {
      "type": "Feature",
      "id": "way/36909962",
      "properties": {
        "admin_level": "4",
        "boundary": "administrative",
        "source": "Hessische Verwaltung für Bodenmanagement und Geoinformation - Digitale Verwaltungsgrenzen (Shapefile)",
        "id": "way/36909962"
      },
      "geometry": {
        "type": "LineString",
        "coordinates": [
          [8.166, 50.736],
          [8.165, 50.739],
          [8.164, 50.740],
          [8.165, 50.741],
          [8.164, 50.741],
          [8.165, 50.742],
          [8.164, 50.742],
          [8.163, 50.743],
          [8.160, 50.741],
          [8.159, 50.743],
          [8.161, 50.744],
          [8.163, 50.745],
          [8.157, 50.748],
          [8.155, 50.748],
          [8.154, 50.748],
          [8.154, 50.749],
          [8.153, 50.748],
          [8.153, 50.749],
          [8.153, 50.750],
          [8.152, 50.750],
          [8.153, 50.751],
          [8.154, 50.751],
          [8.154, 50.752],
          [8.152, 50.752],
          [8.153, 50.753],
          [8.152, 50.754],
          [8.151, 50.755],
          [8.150, 50.755],
          [8.149, 50.755],
          [8.147, 50.754],
          [8.147, 50.755],
          [8.146, 50.755],
          [8.147, 50.755],
          [8.146, 50.756],
          [8.147, 50.756],
          [8.149, 50.758],
          [8.148, 50.758],
          [8.152, 50.760],
          [8.153, 50.761],
          [8.152, 50.761],
          [8.151, 50.761],
          [8.151, 50.762],
          [8.150, 50.762],
          [8.149, 50.762],
          [8.148, 50.762],
          [8.147, 50.762],
          [8.146, 50.762],
          [8.146, 50.763],
          [8.146, 50.764],
          [8.146, 50.763],
          [8.145, 50.763],
          [8.144, 50.763],
          [8.144, 50.762],
          [8.143, 50.762],
          [8.143, 50.763],
          [8.142, 50.763],
          [8.141, 50.763],
          [8.140, 50.763],
          [8.140, 50.762],
          [8.139, 50.762],
          [8.139, 50.763],
          [8.140, 50.763],
          [8.139, 50.764],
          [8.138, 50.765],
          [8.137, 50.765],
          [8.138, 50.765],
          [8.137, 50.766],
          [8.136, 50.766],
          [8.135, 50.766],
          [8.135, 50.767],
          [8.138, 50.770],
          [8.139, 50.770],
          [8.140, 50.770],
          [8.141, 50.771],
          [8.140, 50.772],
          [8.139, 50.772],
          [8.138, 50.772],
          [8.137, 50.774],
          [8.136, 50.774],
          [8.136, 50.775],
          [8.134, 50.775],
          [8.133, 50.776],
          [8.132, 50.776],
          [8.131, 50.776],
          [8.132, 50.778],
          [8.131, 50.778],
          [8.129, 50.779],
          [8.130, 50.780],
          [8.131, 50.781],
          [8.129, 50.782],
          [8.129, 50.783],
          [8.129, 50.784],
          [8.128, 50.785],
          [8.127, 50.785],
          [8.127, 50.786],
          [8.128, 50.786],
          [8.128, 50.787],
          [8.129, 50.787],
          [8.129, 50.786],
          [8.130, 50.786],
          [8.131, 50.786],
          [8.132, 50.786],
          [8.133, 50.786],
          [8.132, 50.786],
          [8.130, 50.787],
          [8.129, 50.787],
          [8.128, 50.787],
          [8.127, 50.787],
          [8.125, 50.788],
          [8.126, 50.788],
          [8.128, 50.788],
          [8.129, 50.789]
        ]
      }
    },
    {
      "type": "Feature",
      "id": "way/36909963",
      "properties": {
        "admin_level": "4",
        "boundary": "administrative",
        "source": "Hessische Verwaltung für Bodenmanagement und Geoinformation - Digitale Verwaltungsgrenzen (Shapefile)",
        "id": "way/36909963"
      },
      "geometry": {
        "type": "LineString",
        "coordinates": [
          [8.167, 50.805],
          [8.168, 50.805],
          [8.168, 50.806],
          [8.169, 50.807],
          [8.170, 50.808],
          [8.171, 50.809],
          [8.171, 50.810],
          [8.172, 50.811],
          [8.172, 50.812],
          [8.172, 50.813],
          [8.173, 50.813],
          [8.173, 50.814],
          [8.174, 50.816],
          [8.173, 50.816],
          [8.173, 50.817]
        ]
      }
    },
    {
      "type": "Feature",
      "id": "way/39540125",
      "properties": {
        "admin_level": "4",
        "boundary": "administrative",
        "source": "Hessische Verwaltung für Bodenmanagement und Geoinformation - Digitale Verwaltungsgrenzen (Shapefile)",
        "id": "way/39540125"
      },
      "geometry": {
        "type": "LineString",
        "coordinates": [
          [8.125, 50.685],
          [8.125, 50.686],
          [8.126, 50.686],
          [8.126, 50.687],
          [8.126, 50.688],
          [8.126, 50.689],
          [8.126, 50.690],
          [8.126, 50.691],
          [8.125, 50.692],
          [8.126, 50.692],
          [8.128, 50.694],
          [8.130, 50.695],
          [8.131, 50.696],
          [8.133, 50.696],
          [8.134, 50.696],
          [8.136, 50.695],
          [8.137, 50.693],
          [8.140, 50.694],
          [8.142, 50.695]
        ]
      }
    },
    {
      "type": "Feature",
      "id": "way/39540149",
      "properties": {
        "admin_level": "4",
        "boundary": "administrative",
        "source": "Hessische Verwaltung für Bodenmanagement und Geoinformation - Digitale Verwaltungsgrenzen (Shapefile)",
        "id": "way/39540149"
      },
      "geometry": {
        "type": "LineString",
        "coordinates": [
          [8.120, 50.678],
          [8.121, 50.678],
          [8.121, 50.679],
          [8.122, 50.679],
          [8.122, 50.680],
          [8.123, 50.680],
          [8.123, 50.681],
          [8.124, 50.681],
          [8.124, 50.682],
          [8.125, 50.682],
          [8.125, 50.683],
          [8.126, 50.683],
          [8.125, 50.683],
          [8.125, 50.684],
          [8.126, 50.684],
          [8.125, 50.684],
          [8.125, 50.685]
        ]
      }
    },
    {
      "type": "Feature",
      "id": "way/39974149",
      "properties": {
        "admin_level": "4",
        "boundary": "administrative",
        "source": "ALKIS Hessen + Shapefiles",
        "id": "way/39974149"
      },
      "geometry": {
        "type": "LineString",
        "coordinates": [
          [8.418, 50.909],
          [8.418, 50.908],
          [8.417, 50.908],
          [8.416, 50.907],
          [8.415, 50.907],
          [8.412, 50.905],
          [8.411, 50.905],
          [8.410, 50.904],
          [8.409, 50.904],
          [8.408, 50.903],
          [8.407, 50.902],
          [8.406, 50.902],
          [8.405, 50.901],
          [8.405, 50.899],
          [8.402, 50.898],
          [8.399, 50.896],
          [8.397, 50.894],
          [8.396, 50.894],
          [8.395, 50.894],
          [8.394, 50.894],
          [8.393, 50.893],
          [8.391, 50.893],
          [8.390, 50.893],
          [8.389, 50.892],
          [8.388, 50.892],
          [8.387, 50.891],
          [8.386, 50.891],
          [8.386, 50.890],
          [8.386, 50.889],
          [8.387, 50.889],
          [8.387, 50.888],
          [8.388, 50.887],
          [8.388, 50.886],
          [8.388, 50.885],
          [8.388, 50.884],
          [8.387, 50.884],
          [8.387, 50.883],
          [8.387, 50.882],
          [8.387, 50.881],
          [8.387, 50.880],
          [8.386, 50.877]
        ]
      }
    },
    {
      "type": "Feature",
      "id": "way/39974207",
      "properties": {
        "admin_level": "5",
        "boundary": "administrative",
        "source": "Hessische Verwaltung für Bodenmanagement und Geoinformation - Digitale Verwaltungsgrenzen",
        "id": "way/39974207"
      },
      "geometry": {
        "type": "LineString",
        "coordinates": [
          [9.027, 50.902],
          [9.026, 50.902],
          [9.026, 50.903],
          [9.025, 50.903],
          [9.025, 50.904],
          [9.025, 50.905],
          [9.024, 50.905],
          [9.023, 50.906],
          [9.022, 50.906],
          [9.021, 50.906],
          [9.020, 50.906],
          [9.020, 50.907]
        ]
      }
    },
    {
      "type": "Feature",
      "id": "way/39974208",
      "properties": {
        "admin_level": "5",
        "boundary": "administrative",
        "source": "Hessische Verwaltung für Bodenmanagement und Geoinformation - Digitale Verwaltungsgrenzen",
        "id": "way/39974208"
      },
      "geometry": {
        "type": "LineString",
        "coordinates": [
          [9.020, 50.907],
          [9.019, 50.907],
          [9.018, 50.908],
          [9.017, 50.908],
          [9.016, 50.908],
          [9.016, 50.909],
          [9.015, 50.909],
          [9.014, 50.909],
          [9.013, 50.909],
          [9.012, 50.909],
          [9.012, 50.910],
          [9.011, 50.910],
          [9.012, 50.910],
          [9.012, 50.911],
          [9.013, 50.911],
          [9.013, 50.912],
          [9.014, 50.912],
          [9.014, 50.913],
          [9.015, 50.913],
          [9.014, 50.913],
          [9.015, 50.913],
          [9.015, 50.914],
          [9.015, 50.915],
          [9.014, 50.915],
          [9.013, 50.916],
          [9.012, 50.916],
          [9.012, 50.917],
          [9.013, 50.917],
          [9.014, 50.918],
          [9.014, 50.919],
          [9.013, 50.919],
          [9.012, 50.919],
          [9.011, 50.920],
          [9.010, 50.921],
          [9.009, 50.921],
          [9.009, 50.922],
          [9.010, 50.923],
          [9.009, 50.924],
          [9.010, 50.925]
        ]
      }
    },
    {
      "type": "Feature",
      "id": "way/39974210",
      "properties": {
        "admin_level": "5",
        "boundary": "administrative",
        "source": "ALKIS Hessen + Shapefiles",
        "id": "way/39974210"
      },
      "geometry": {
        "type": "LineString",
        "coordinates": [
          [8.809, 50.957],
          [8.816, 50.957],
          [8.818, 50.958],
          [8.820, 50.957],
          [8.821, 50.957],
          [8.822, 50.957],
          [8.823, 50.957],
          [8.829, 50.958],
          [8.830, 50.958],
          [8.833, 50.957],
          [8.836, 50.958],
          [8.837, 50.958],
          [8.837, 50.959],
          [8.839, 50.960],
          [8.840, 50.961],
          [8.842, 50.961],
          [8.843, 50.962],
          [8.844, 50.962],
          [8.846, 50.963],
          [8.849, 50.964],
          [8.850, 50.964],
          [8.850, 50.963],
          [8.850, 50.962],
          [8.851, 50.961],
          [8.852, 50.961],
          [8.853, 50.961],
          [8.854, 50.961],
          [8.855, 50.961],
          [8.855, 50.960],
          [8.856, 50.960],
          [8.856, 50.959],
          [8.857, 50.959],
          [8.857, 50.958],
          [8.858, 50.958],
          [8.860, 50.958],
          [8.861, 50.957],
          [8.862, 50.958],
          [8.863, 50.958],
          [8.864, 50.958],
          [8.865, 50.958],
          [8.865, 50.957],
          [8.864, 50.957],
          [8.864, 50.956],
          [8.863, 50.956],
          [8.865, 50.956],
          [8.866, 50.956],
          [8.867, 50.957],
          [8.868, 50.957],
          [8.869, 50.957],
          [8.871, 50.957],
          [8.872, 50.957],
          [8.873, 50.957],
          [8.874, 50.957],
          [8.875, 50.957],
          [8.877, 50.957],
          [8.878, 50.956],
          [8.879, 50.956],
          [8.880, 50.955],
          [8.880, 50.954],
          [8.881, 50.954],
          [8.882, 50.954],
          [8.883, 50.954],
          [8.884, 50.954],
          [8.885, 50.954],
          [8.886, 50.954],
          [8.887, 50.954],
          [8.888, 50.954],
          [8.889, 50.954],
          [8.891, 50.954],
          [8.892, 50.954],
          [8.893, 50.954],
          [8.893, 50.953],
          [8.894, 50.953],
          [8.894, 50.952],
          [8.895, 50.952],
          [8.895, 50.953],
          [8.896, 50.953],
          [8.897, 50.953],
          [8.897, 50.952],
          [8.898, 50.952]
        ]
      }
    },
    {
      "type": "Feature",
      "id": "way/39974211",
      "properties": {
        "admin_level": "5",
        "boundary": "administrative",
        "source": "ALKIS Hessen + Shapefiles",
        "id": "way/39974211"
      },
      "geometry": {
        "type": "LineString",
        "coordinates": [
          [8.731, 50.964],
          [8.733, 50.964],
          [8.734, 50.964],
          [8.734, 50.965],
          [8.735, 50.965],
          [8.736, 50.966],
          [8.738, 50.967],
          [8.738, 50.968],
          [8.739, 50.968],
          [8.740, 50.968],
          [8.741, 50.968],
          [8.742, 50.968],
          [8.742, 50.969],
          [8.743, 50.969],
          [8.744, 50.969],
          [8.744, 50.970],
          [8.745, 50.970],
          [8.746, 50.970],
          [8.746, 50.971],
          [8.747, 50.971],
          [8.748, 50.971],
          [8.749, 50.971],
          [8.750, 50.972],
          [8.751, 50.972],
          [8.752, 50.972],
          [8.753, 50.972],
          [8.753, 50.971],
          [8.754, 50.972],
          [8.755, 50.972],
          [8.755, 50.973],
          [8.756, 50.973],
          [8.757, 50.973],
          [8.758, 50.974],
          [8.759, 50.974],
          [8.760, 50.974],
          [8.761, 50.974],
          [8.762, 50.975],
          [8.763, 50.975],
          [8.763, 50.976],
          [8.764, 50.976],
          [8.764, 50.977],
          [8.765, 50.977],
          [8.766, 50.977],
          [8.767, 50.978],
          [8.768, 50.978],
          [8.767, 50.978],
          [8.767, 50.977],
          [8.767, 50.976],
          [8.768, 50.975],
          [8.769, 50.974],
          [8.769, 50.973],
          [8.770, 50.973],
          [8.771, 50.972],
          [8.771, 50.971],
          [8.771, 50.970],
          [8.771, 50.969],
          [8.772, 50.969],
          [8.772, 50.968],
          [8.773, 50.968],
          [8.773, 50.967],
          [8.774, 50.967],
          [8.775, 50.966],
          [8.776, 50.966],
          [8.777, 50.966],
          [8.777, 50.965],
          [8.777, 50.964],
          [8.776, 50.964],
          [8.776, 50.963],
          [8.775, 50.963],
          [8.775, 50.962],
          [8.774, 50.962],
          [8.775, 50.961],
          [8.776, 50.961],
          [8.777, 50.960],
          [8.778, 50.960]
        ]
      }
    },
    {
      "type": "Feature",
      "id": "way/40846852",
      "properties": {
        "admin_level": "4",
        "boundary": "administrative",
        "source": "HVBG shapefile",
        "id": "way/40846852"
      },
      "geometry": {
        "type": "LineString",
        "coordinates": [
          [8.204, 50.836],
          [8.208, 50.836],
          [8.209, 50.837],
          [8.210, 50.838],
          [8.213, 50.841],
          [8.216, 50.843],
          [8.219, 50.845],
          [8.221, 50.846],
          [8.226, 50.848],
          [8.227, 50.848],
          [8.228, 50.849],
          [8.230, 50.850]
        ]
      }
    },
    {
      "type": "Feature",
      "id": "way/41667102",
      "properties": {
        "admin_level": "5",
        "boundary": "administrative",
        "source": "ALKIS Hessen + Shapefiles",
        "id": "way/41667102"
      },
      "geometry": {
        "type": "LineString",
        "coordinates": [
          [9.604, 50.757],
          [9.604, 50.756],
          [9.604, 50.755],
          [9.604, 50.754],
          [9.604, 50.753],
          [9.604, 50.752],
          [9.604, 50.751],
          [9.604, 50.750],
          [9.604, 50.749],
          [9.604, 50.748],
          [9.604, 50.747],
          [9.605, 50.746],
          [9.605, 50.745],
          [9.606, 50.745],
          [9.606, 50.744],
          [9.607, 50.743],
          [9.607, 50.742],
          [9.607, 50.741],
          [9.606, 50.741],
          [9.607, 50.740],
          [9.606, 50.739],
          [9.605, 50.739],
          [9.605, 50.738],
          [9.605, 50.737],
          [9.605, 50.736],
          [9.606, 50.736],
          [9.606, 50.737],
          [9.607, 50.737],
          [9.608, 50.736],
          [9.608, 50.735],
          [9.609, 50.735],
          [9.609, 50.734],
          [9.610, 50.734],
          [9.610, 50.735],
          [9.611, 50.735]
        ]
      }
    },
    {
      "type": "Feature",
      "id": "way/41667185",
      "properties": {
        "admin_level": "5",
        "boundary": "administrative",
        "source": "Hessische Verwaltung für Bodenmanagement und Geoinformation - Digitale Verwaltungsgrenzen",
        "id": "way/41667185"
      },
      "geometry": {
        "type": "LineString",
        "coordinates": [
          [9.567, 50.764],
          [9.569, 50.764],
          [9.569, 50.765],
          [9.570, 50.765],
          [9.571, 50.765],
          [9.572, 50.765],
          [9.572, 50.766],
          [9.573, 50.766],
          [9.574, 50.766],
          [9.575, 50.765],
          [9.576, 50.765],
          [9.576, 50.764],
          [9.577, 50.764],
          [9.578, 50.764],
          [9.579, 50.764],
          [9.580, 50.765],
          [9.581, 50.765],
          [9.582, 50.765]
        ]
      }
    },
    {
      "type": "Feature",
      "id": "way/42498519",
      "properties": {
        "admin_level": "4",
        "boundary": "administrative",
        "source": "Hessische Verwaltung für Bodenmanagement und Geoinformation - Digitale Verwaltungsgrenzen",
        "id": "way/42498519"
      },
      "geometry": {
        "type": "LineString",
        "coordinates": [
          [9.032, 49.498],
          [9.031, 49.498],
          [9.030, 49.498],
          [9.029, 49.498],
          [9.028, 49.498],
          [9.027, 49.498],
          [9.026, 49.498],
          [9.025, 49.498],
          [9.024, 49.498],
          [9.023, 49.498],
          [9.022, 49.498],
          [9.021, 49.498],
          [9.020, 49.498],
          [9.019, 49.498],
          [9.018, 49.498],
          [9.017, 49.498],
          [9.016, 49.498],
          [9.015, 49.498],
          [9.014, 49.498],
          [9.013, 49.499],
          [9.012, 49.499],
          [9.011, 49.499],
          [9.011, 49.500],
          [9.012, 49.500],
          [9.013, 49.500],
          [9.012, 49.500],
          [9.012, 49.501],
          [9.011, 49.501],
          [9.010, 49.502],
          [9.009, 49.502],
          [9.008, 49.502],
          [9.007, 49.502],
          [9.006, 49.503],
          [9.005, 49.503],
          [9.005, 49.504],
          [9.004, 49.504],
          [9.003, 49.504],
          [9.002, 49.504],
          [9.000, 49.504],
          [8.999, 49.504],
          [8.997, 49.504],
          [8.996, 49.504],
          [8.995, 49.504],
          [8.994, 49.504],
          [8.993, 49.503],
          [8.992, 49.503],
          [8.991, 49.504],
          [8.990, 49.504],
          [8.989, 49.505],
          [8.988, 49.505],
          [8.987, 49.506],
          [8.986, 49.507],
          [8.986, 49.508],
          [8.986, 49.509],
          [8.986, 49.510]
        ]
      }
    },
    {
      "type": "Feature",
      "id": "way/42498797",
      "properties": {
        "admin_level": "4",
        "boundary": "administrative",
        "source": "Hessische Verwaltung für Bodenmanagement und Geoinformation - Digitale Verwaltungsgrenzen",
        "id": "way/42498797"
      },
      "geometry": {
        "type": "LineString",
        "coordinates": [
          [8.958, 49.502],
          [8.951, 49.505]
        ]
      }
    },
    {
      "type": "Feature",
      "id": "way/42499060",
      "properties": {
        "admin_level": "4",
        "boundary": "administrative",
        "source": "Hessische Verwaltung für Bodenmanagement und Geoinformation - Digitale Verwaltungsgrenzen",
        "id": "way/42499060"
      },
      "geometry": {
        "type": "LineString",
        "coordinates": [
          [8.951, 49.505],
          [8.951, 49.504],
          [8.951, 49.503],
          [8.951, 49.502],
          [8.951, 49.501],
          [8.952, 49.501],
          [8.953, 49.500],
          [8.954, 49.499],
          [8.955, 49.498],
          [8.956, 49.497],
          [8.957, 49.496],
          [8.957, 49.495],
          [8.957, 49.494],
          [8.956, 49.494],
          [8.956, 49.493],
          [8.955, 49.493],
          [8.955, 49.492],
          [8.953, 49.492],
          [8.952, 49.491],
          [8.951, 49.491],
          [8.951, 49.490],
          [8.951, 49.489],
          [8.950, 49.488],
          [8.950, 49.487],
          [8.950, 49.486],
          [8.951, 49.486],
          [8.951, 49.485],
          [8.952, 49.484],
          [8.953, 49.484],
          [8.954, 49.483],
          [8.954, 49.482],
          [8.954, 49.481],
          [8.953, 49.481],
          [8.952, 49.482],
          [8.952, 49.483],
          [8.951, 49.483],
          [8.949, 49.484],
          [8.948, 49.484],
          [8.947, 49.484],
          [8.946, 49.485],
          [8.943, 49.485],
          [8.941, 49.485],
          [8.939, 49.483],
          [8.939, 49.482],
          [8.939, 49.481],
          [8.939, 49.480],
          [8.938, 49.480],
          [8.937, 49.479],
          [8.936, 49.478],
          [8.935, 49.478],
          [8.935, 49.477],
          [8.934, 49.477],
          [8.934, 49.476],
          [8.934, 49.475],
          [8.934, 49.474],
          [8.934, 49.473],
          [8.934, 49.472],
          [8.933, 49.471],
          [8.932, 49.471],
          [8.932, 49.470],
          [8.931, 49.470]
        ]
      }
    },
    {
      "type": "Feature",
      "id": "way/44327566",
      "properties": {
        "admin_level": "5",
        "boundary": "administrative",
        "source": "Hessische Verwaltung für Bodenmanagement und Geoinformation - Digitale Verwaltungsgrenzen",
        "id": "way/44327566"
      },
      "geometry": {
        "type": "LineString",
        "coordinates": [
          [8.371, 50.383],
          [8.372, 50.383],
          [8.373, 50.383],
          [8.374, 50.383],
          [8.375, 50.383],
          [8.376, 50.383],
          [8.376, 50.384],
          [8.377, 50.384],
          [8.378, 50.384],
          [8.379, 50.384],
          [8.380, 50.384],
          [8.381, 50.384],
          [8.382, 50.385],
          [8.383, 50.385],
          [8.384, 50.385],
          [8.385, 50.386],
          [8.386, 50.386],
          [8.387, 50.386],
          [8.388, 50.386],
          [8.388, 50.387],
          [8.388, 50.386]
        ]
      }
    },
    {
      "type": "Feature",
      "id": "way/44327569",
      "properties": {
        "admin_level": "5",
        "boundary": "administrative",
        "source": "HVBG Verwaltungsgrenzen shapefile",
        "id": "way/44327569"
      },
      "geometry": {
        "type": "LineString",
        "coordinates": [
          [8.220, 50.291],
          [8.221, 50.291],
          [8.221, 50.290],
          [8.221, 50.289],
          [8.222, 50.289],
          [8.223, 50.289],
          [8.223, 50.288],
          [8.223, 50.287],
          [8.224, 50.287],
          [8.224, 50.286],
          [8.224, 50.285],
          [8.225, 50.284],
          [8.226, 50.283],
          [8.226, 50.284],
          [8.227, 50.284],
          [8.227, 50.283],
          [8.228, 50.283],
          [8.228, 50.282],
          [8.227, 50.282],
          [8.227, 50.281],
          [8.228, 50.281],
          [8.228, 50.280],
          [8.229, 50.280],
          [8.229, 50.279],
          [8.229, 50.278]
        ]
      }
    },
    {
      "type": "Feature",
      "id": "way/44327580",
      "properties": {
        "admin_level": "4",
        "boundary": "administrative",
        "source": "Hessische Verwaltung für Bodenmanagement und Geoinformation - Digitale Verwaltungsgrenzen",
        "id": "way/44327580"
      },
      "geometry": {
        "type": "LineString",
        "coordinates": [
          [8.070, 50.537],
          [8.072, 50.538],
          [8.073, 50.538],
          [8.075, 50.538],
          [8.077, 50.538],
          [8.079, 50.538],
          [8.080, 50.538],
          [8.083, 50.538],
          [8.084, 50.538],
          [8.087, 50.538],
          [8.088, 50.537],
          [8.089, 50.537],
          [8.089, 50.536],
          [8.090, 50.536],
          [8.090, 50.535],
          [8.091, 50.535],
          [8.091, 50.536],
          [8.092, 50.536],
          [8.093, 50.536],
          [8.093, 50.535],
          [8.094, 50.535],
          [8.095, 50.535],
          [8.096, 50.535],
          [8.097, 50.535],
          [8.098, 50.535],
          [8.098, 50.534],
          [8.100, 50.534],
          [8.102, 50.534],
          [8.102, 50.533],
          [8.103, 50.533],
          [8.102, 50.533],
          [8.103, 50.532],
          [8.104, 50.533],
          [8.105, 50.533],
          [8.105, 50.534],
          [8.105, 50.533],
          [8.106, 50.533],
          [8.106, 50.534],
          [8.107, 50.534],
          [8.108, 50.534],
          [8.109, 50.534],
          [8.112, 50.535],
          [8.113, 50.535]
        ]
      }
    },
    {
      "type": "Feature",
      "id": "way/44327582",
      "properties": {
        "admin_level": "4",
        "boundary": "administrative",
        "source": "Hessische Verwaltung für Bodenmanagement und Geoinformation - Digitale Verwaltungsgrenzen (Shapefile)",
        "id": "way/44327582"
      },
      "geometry": {
        "type": "LineString",
        "coordinates": [
          [8.010, 50.459],
          [8.010, 50.460],
          [8.007, 50.460],
          [8.006, 50.461],
          [8.005, 50.461],
          [8.004, 50.461],
          [8.002, 50.462],
          [8.000, 50.462],
          [7.999, 50.462],
          [7.999, 50.463],
          [7.998, 50.465],
          [7.994, 50.468],
          [7.995, 50.469]
        ]
      }
    },
    {
      "type": "Feature",
      "id": "way/44327586",
      "properties": {
        "admin_level": "4",
        "boundary": "administrative",
        "id": "way/44327586"
      },
      "geometry": {
        "type": "LineString",
        "coordinates": [
          [7.989, 50.398],
          [7.989, 50.399],
          [7.991, 50.399],
          [7.993, 50.398],
          [7.995, 50.398],
          [7.996, 50.398],
          [7.997, 50.398],
          [7.998, 50.398],
          [8.000, 50.398],
          [8.001, 50.398],
          [8.002, 50.398],
          [8.003, 50.398],
          [8.005, 50.398],
          [8.005, 50.399],
          [8.004, 50.399],
          [8.004, 50.400],
          [8.005, 50.400],
          [8.006, 50.399],
          [8.008, 50.399],
          [8.009, 50.399],
          [8.010, 50.399],
          [8.012, 50.398],
          [8.012, 50.399],
          [8.013, 50.399],
          [8.014, 50.399],
          [8.014, 50.400]
        ]
      }
    },
    {
      "type": "Feature",
      "id": "way/44327588",
      "properties": {
        "admin_level": "4",
        "boundary": "administrative",
        "source": "Hessische Verwaltung für Bodenmanagement und Geoinformation - Digitale Verwaltungsgrenzen (Shapefile)",
        "id": "way/44327588"
      },
      "geometry": {
        "type": "LineString",
        "coordinates": [
          [8.076, 50.342],
          [8.075, 50.343],
          [8.076, 50.344],
          [8.075, 50.344],
          [8.075, 50.345],
          [8.075, 50.346],
          [8.075, 50.347],
          [8.076, 50.347],
          [8.076, 50.348],
          [8.075, 50.349],
          [8.073, 50.352],
          [8.073, 50.353],
          [8.072, 50.354],
          [8.071, 50.353],
          [8.070, 50.354],
          [8.070, 50.355]
        ]
      }
    },
    {
      "type": "Feature",
      "id": "way/44327596",
      "properties": {
        "admin_level": "4",
        "boundary": "administrative",
        "source": "Hessische Verwaltung für Bodenmanagement und Geoinformation - Digitale Verwaltungsgrenzen (Shapefile)",
        "id": "way/44327596"
      },
      "geometry": {
        "type": "LineString",
        "coordinates": [
          [7.995, 50.469],
          [7.994, 50.470],
          [7.993, 50.471],
          [7.992, 50.471],
          [7.989, 50.471],
          [7.987, 50.472]
        ]
      }
    },
    {
      "type": "Feature",
      "id": "way/44327616",
      "properties": {
        "admin_level": "5",
        "boundary": "administrative",
        "source": "Hessische Verwaltung für Bodenmanagement und Geoinformation - Digitale Verwaltungsgrenzen",
        "id": "way/44327616"
      },
      "geometry": {
        "type": "LineString",
        "coordinates": [
          [8.319, 50.341],
          [8.321, 50.341],
          [8.322, 50.342],
          [8.323, 50.342],
          [8.324, 50.343],
          [8.326, 50.343],
          [8.327, 50.343],
          [8.328, 50.344],
          [8.330, 50.344],
          [8.331, 50.344],
          [8.332, 50.345],
          [8.333, 50.346],
          [8.334, 50.346],
          [8.335, 50.347],
          [8.336, 50.348],
          [8.337, 50.348],
          [8.337, 50.349],
          [8.337, 50.350],
          [8.336, 50.351],
          [8.336, 50.352],
          [8.336, 50.353],
          [8.335, 50.354],
          [8.335, 50.355],
          [8.335, 50.356],
          [8.336, 50.356],
          [8.337, 50.356],
          [8.338, 50.356],
          [8.339, 50.356],
          [8.340, 50.356],
          [8.341, 50.356],
          [8.342, 50.356],
          [8.343, 50.356],
          [8.344, 50.356],
          [8.345, 50.356],
          [8.345, 50.357],
          [8.346, 50.358],
          [8.347, 50.358],
          [8.348, 50.358],
          [8.349, 50.359],
          [8.349, 50.358],
          [8.349, 50.359]
        ]
      }
    },
    {
      "type": "Feature",
      "id": "way/44327641",
      "properties": {
        "admin_level": "4",
        "boundary": "administrative",
        "source": "Hessische Verwaltung für Bodenmanagement und Geoinformation - Digitale Verwaltungsgrenzen (Shapefile)",
        "id": "way/44327641"
      },
      "geometry": {
        "type": "LineString",
        "coordinates": [
          [8.121, 50.539],
          [8.118, 50.539],
          [8.117, 50.538],
          [8.116, 50.538],
          [8.112, 50.538],
          [8.111, 50.539],
          [8.110, 50.539],
          [8.109, 50.541],
          [8.110, 50.541],
          [8.110, 50.542],
          [8.110, 50.543],
          [8.111, 50.543],
          [8.112, 50.543],
          [8.112, 50.544],
          [8.116, 50.545],
          [8.117, 50.545],
          [8.119, 50.546],
          [8.118, 50.548],
          [8.119, 50.548],
          [8.120, 50.548],
          [8.121, 50.548],
          [8.122, 50.548]
        ]
      }
    },
    {
      "type": "Feature",
      "id": "way/48345550",
      "properties": {
        "admin_level": "5",
        "boundary": "administrative",
        "source": "HVBG Verwaltungsgrenzen shapefile;Grenzen Vereinfachung 0,1m",
        "id": "way/48345550"
      },
      "geometry": {
        "type": "LineString",
        "coordinates": [
          [8.688, 50.487],
          [8.688, 50.486],
          [8.687, 50.485],
          [8.685, 50.483]
        ]
      }
    },
    {
      "type": "Feature",
      "id": "way/50261180",
      "properties": {
        "admin_level": "4",
        "boundary": "administrative",
        "source": "Hessische Verwaltung für Bodenmanagement und Geoinformation - Digitale Verwaltungsgrenzen (Shapefile)",
        "id": "way/50261180"
      },
      "geometry": {
        "type": "LineString",
        "coordinates": [
          [7.927, 50.104],
          [7.926, 50.104],
          [7.926, 50.105],
          [7.926, 50.106],
          [7.926, 50.107],
          [7.925, 50.107],
          [7.925, 50.108],
          [7.925, 50.109],
          [7.926, 50.110],
          [7.925, 50.111],
          [7.924, 50.112],
          [7.924, 50.113],
          [7.924, 50.114],
          [7.924, 50.115],
          [7.925, 50.115],
          [7.925, 50.116],
          [7.925, 50.117],
          [7.926, 50.117],
          [7.926, 50.118],
          [7.927, 50.118],
          [7.927, 50.119]
        ]
      }
    },
    {
      "type": "Feature",
      "id": "way/50321197",
      "properties": {
        "admin_level": "4",
        "boundary": "administrative",
        "source": "ALKIS Hessen + Shapefiles",
        "id": "way/50321197"
      },
      "geometry": {
        "type": "LineString",
        "coordinates": [
          [7.929, 50.103],
          [7.928, 50.103],
          [7.927, 50.103],
          [7.926, 50.103],
          [7.925, 50.103],
          [7.924, 50.103],
          [7.923, 50.103],
          [7.923, 50.102],
          [7.924, 50.102],
          [7.925, 50.101]
        ]
      }
    },
    {
      "type": "Feature",
      "id": "way/50322707",
      "properties": {
        "admin_level": "4",
        "boundary": "administrative",
        "source": "Hessische Verwaltung für Bodenmanagement und Geoinformation - Digitale Verwaltungsgrenzen (Shapefile)",
        "id": "way/50322707"
      },
      "geometry": {
        "type": "LineString",
        "coordinates": [
          [7.983, 49.982],
          [7.976, 49.980]
        ]
      }
    },
    {
      "type": "Feature",
      "id": "way/50323422",
      "properties": {
        "admin_level": "4",
        "boundary": "administrative",
        "source": "Hessische Verwaltung für Bodenmanagement und Geoinformation - Digitale Verwaltungsgrenzen (Shapefile)",
        "id": "way/50323422"
      },
      "geometry": {
        "type": "LineString",
        "coordinates": [
          [7.928, 49.974],
          [7.920, 49.973],
          [7.918, 49.974],
          [7.916, 49.974],
          [7.915, 49.974],
          [7.913, 49.973],
          [7.912, 49.973],
          [7.904, 49.972],
          [7.902, 49.972],
          [7.901, 49.972],
          [7.890, 49.971],
          [7.888, 49.971],
          [7.887, 49.971],
          [7.886, 49.971]
        ]
      }
    },
    {
      "type": "Feature",
      "id": "way/50325628",
      "properties": {
        "admin_level": "4",
        "boundary": "administrative",
        "source": "Hessische Verwaltung für Bodenmanagement und Geoinformation - Digitale Verwaltungsgrenzen (Shapefile)",
        "id": "way/50325628"
      },
      "geometry": {
        "type": "LineString",
        "coordinates": [
          [7.858, 50.006],
          [7.857, 50.007],
          [7.857, 50.008],
          [7.856, 50.009],
          [7.853, 50.011],
          [7.851, 50.013],
          [7.849, 50.014],
          [7.844, 50.016],
          [7.839, 50.017],
          [7.835, 50.019],
          [7.833, 50.019],
          [7.832, 50.020],
          [7.830, 50.021]
        ]
      }
    },
    {
      "type": "Feature",
      "id": "way/50769033",
      "properties": {
        "admin_level": "5",
        "boundary": "administrative",
        "source": "Hessische Verwaltung für Bodenmanagement und Geoinformation - Digitale Verwaltungsgrenzen",
        "id": "way/50769033"
      },
      "geometry": {
        "type": "LineString",
        "coordinates": [
          [8.256, 50.263],
          [8.256, 50.264],
          [8.257, 50.264],
          [8.258, 50.265],
          [8.259, 50.265],
          [8.259, 50.266],
          [8.262, 50.267],
          [8.264, 50.269],
          [8.266, 50.270],
          [8.268, 50.271],
          [8.270, 50.272],
          [8.271, 50.272],
          [8.271, 50.273],
          [8.271, 50.272],
          [8.271, 50.273],
          [8.272, 50.273],
          [8.273, 50.274],
          [8.274, 50.274],
          [8.276, 50.275],
          [8.277, 50.276],
          [8.278, 50.276],
          [8.280, 50.276],
          [8.280, 50.277],
          [8.281, 50.277],
          [8.283, 50.277],
          [8.283, 50.276],
          [8.284, 50.276],
          [8.285, 50.276],
          [8.286, 50.277],
          [8.287, 50.277],
          [8.288, 50.277],
          [8.288, 50.278],
          [8.289, 50.278],
          [8.290, 50.278],
          [8.290, 50.277],
          [8.291, 50.277],
          [8.292, 50.276],
          [8.293, 50.276],
          [8.294, 50.277],
          [8.295, 50.276],
          [8.296, 50.276],
          [8.298, 50.276],
          [8.299, 50.276],
          [8.300, 50.276],
          [8.301, 50.276],
          [8.300, 50.276],
          [8.300, 50.275],
          [8.300, 50.274],
          [8.301, 50.273],
          [8.300, 50.273],
          [8.300, 50.272],
          [8.301, 50.271],
          [8.301, 50.270],
          [8.302, 50.270],
          [8.304, 50.270],
          [8.305, 50.270],
          [8.307, 50.270],
          [8.308, 50.270],
          [8.310, 50.270],
          [8.311, 50.271],
          [8.312, 50.271],
          [8.313, 50.271]
        ]
      }
    },
    {
      "type": "Feature",
      "id": "way/50776050",
      "properties": {
        "admin_level": "5",
        "boundary": "administrative",
        "source": "Hessische Verwaltung für Bodenmanagement und Geoinformation - Digitale Verwaltungsgrenzen",
        "id": "way/50776050"
      },
      "geometry": {
        "type": "LineString",
        "coordinates": [
          [8.313, 50.271],
          [8.314, 50.271],
          [8.316, 50.272],
          [8.317, 50.272],
          [8.318, 50.273],
          [8.319, 50.274],
          [8.320, 50.274],
          [8.322, 50.275],
          [8.323, 50.275],
          [8.323, 50.276],
          [8.324, 50.277],
          [8.324, 50.278],
          [8.323, 50.279],
          [8.323, 50.280],
          [8.323, 50.281],
          [8.324, 50.281],
          [8.325, 50.282],
          [8.327, 50.283],
          [8.328, 50.283],
          [8.330, 50.283],
          [8.333, 50.283],
          [8.334, 50.283],
          [8.335, 50.283],
          [8.336, 50.283],
          [8.337, 50.282],
          [8.338, 50.282],
          [8.340, 50.282],
          [8.341, 50.282],
          [8.343, 50.282],
          [8.344, 50.282],
          [8.345, 50.282],
          [8.345, 50.283],
          [8.345, 50.284],
          [8.345, 50.285],
          [8.346, 50.285],
          [8.346, 50.286],
          [8.346, 50.287],
          [8.346, 50.288],
          [8.347, 50.288],
          [8.347, 50.289],
          [8.347, 50.290],
          [8.347, 50.291],
          [8.348, 50.291],
          [8.348, 50.292],
          [8.349, 50.293],
          [8.349, 50.294],
          [8.350, 50.294]
        ]
      }
    },
    {
      "type": "Feature",
      "id": "way/51300916",
      "properties": {
        "admin_level": "5",
        "boundary": "administrative",
        "source": "ALKIS Hessen + Shapefiles",
        "id": "way/51300916"
      },
      "geometry": {
        "type": "LineString",
        "coordinates": [
          [9.466, 50.660],
          [9.467, 50.660],
          [9.468, 50.660],
          [9.469, 50.659],
          [9.471, 50.659],
          [9.472, 50.659],
          [9.473, 50.658],
          [9.474, 50.657],
          [9.475, 50.657],
          [9.476, 50.656],
          [9.477, 50.656],
          [9.478, 50.655],
          [9.479, 50.654],
          [9.480, 50.654],
          [9.481, 50.653],
          [9.481, 50.652],
          [9.481, 50.651],
          [9.481, 50.650],
          [9.481, 50.649],
          [9.481, 50.648],
          [9.481, 50.647],
          [9.481, 50.646],
          [9.481, 50.645],
          [9.481, 50.644],
          [9.480, 50.644],
          [9.479, 50.643],
          [9.478, 50.642],
          [9.478, 50.641],
          [9.477, 50.641],
          [9.477, 50.640],
          [9.476, 50.640],
          [9.476, 50.639],
          [9.475, 50.639],
          [9.474, 50.638],
          [9.474, 50.637],
          [9.474, 50.636],
          [9.474, 50.635],
          [9.473, 50.635],
          [9.473, 50.634],
          [9.472, 50.633],
          [9.472, 50.632],
          [9.473, 50.632],
          [9.473, 50.631],
          [9.473, 50.630],
          [9.473, 50.629],
          [9.473, 50.628],
          [9.473, 50.627],
          [9.474, 50.627],
          [9.474, 50.626],
          [9.476, 50.625]
        ]
      }
    },
    {
      "type": "Feature",
      "id": "way/51300921",
      "properties": {
        "admin_level": "5",
        "boundary": "administrative",
        "source": "Hessische Verwaltung für Bodenmanagement und Geoinformation - Digitale Verwaltungsgrenzen",
        "id": "way/51300921"
      },
      "geometry": {
        "type": "LineString",
        "coordinates": [
          [9.259, 50.463],
          [9.259, 50.462],
          [9.259, 50.461],
          [9.258, 50.461],
          [9.258, 50.460],
          [9.257, 50.459],
          [9.258, 50.457],
          [9.258, 50.456],
          [9.260, 50.455],
          [9.262, 50.453],
          [9.262, 50.452],
          [9.264, 50.450],
          [9.265, 50.448],
          [9.264, 50.447],
          [9.265, 50.445],
          [9.265, 50.444],
          [9.267, 50.444],
          [9.268, 50.444],
          [9.268, 50.443],
          [9.269, 50.442],
          [9.270, 50.442],
          [9.270, 50.441],
          [9.270, 50.440],
          [9.270, 50.439],
          [9.271, 50.438],
          [9.271, 50.437],
          [9.273, 50.437],
          [9.274, 50.437],
          [9.275, 50.438],
          [9.276, 50.438],
          [9.276, 50.437],
          [9.277, 50.437],
          [9.278, 50.437],
          [9.278, 50.438],
          [9.279, 50.439],
          [9.280, 50.439],
          [9.281, 50.438],
          [9.282, 50.438],
          [9.283, 50.437],
          [9.284, 50.437],
          [9.285, 50.437],
          [9.286, 50.437]
        ]
      }
    },
    {
      "type": "Feature",
      "id": "way/51300922",
      "properties": {
        "admin_level": "5",
        "boundary": "administrative",
        "source": "Hessische Verwaltung für Bodenmanagement und Geoinformation - Digitale Verwaltungsgrenzen",
        "id": "way/51300922"
      },
      "geometry": {
        "type": "LineString",
        "coordinates": [
          [9.354, 50.420],
          [9.355, 50.420],
          [9.356, 50.420],
          [9.357, 50.421],
          [9.358, 50.421],
          [9.358, 50.420],
          [9.359, 50.420],
          [9.358, 50.420],
          [9.359, 50.419],
          [9.359, 50.418],
          [9.360, 50.418],
          [9.361, 50.418],
          [9.361, 50.417],
          [9.362, 50.417],
          [9.361, 50.416]
        ]
      }
    },
    {
      "type": "Feature",
      "id": "way/51300923",
      "properties": {
        "admin_level": "5",
        "boundary": "administrative",
        "source": "Hessische Verwaltung für Bodenmanagement und Geoinformation - Digitale Verwaltungsgrenzen",
        "id": "way/51300923"
      },
      "geometry": {
        "type": "LineString",
        "coordinates": [
          [9.434, 50.474],
          [9.435, 50.475],
          [9.436, 50.475],
          [9.437, 50.475],
          [9.438, 50.475],
          [9.438, 50.474],
          [9.440, 50.474],
          [9.441, 50.474],
          [9.443, 50.474],
          [9.444, 50.474],
          [9.446, 50.475],
          [9.448, 50.475],
          [9.449, 50.475],
          [9.451, 50.475],
          [9.452, 50.475],
          [9.453, 50.475],
          [9.455, 50.476],
          [9.456, 50.476],
          [9.457, 50.476],
          [9.458, 50.476],
          [9.459, 50.476],
          [9.460, 50.476]
        ]
      }
    },
    {
      "type": "Feature",
      "id": "way/51300924",
      "properties": {
        "admin_level": "5",
        "boundary": "administrative",
        "source": "ALKIS Hessen + Shapefiles",
        "id": "way/51300924"
      },
      "geometry": {
        "type": "LineString",
        "coordinates": [
          [9.478, 50.575],
          [9.478, 50.574],
          [9.477, 50.573],
          [9.478, 50.573],
          [9.479, 50.573],
          [9.480, 50.573],
          [9.481, 50.573],
          [9.481, 50.572],
          [9.482, 50.572],
          [9.483, 50.572],
          [9.484, 50.571],
          [9.485, 50.571],
          [9.486, 50.571],
          [9.487, 50.571],
          [9.488, 50.571],
          [9.489, 50.571],
          [9.490, 50.571],
          [9.491, 50.571],
          [9.493, 50.570],
          [9.494, 50.570],
          [9.494, 50.569],
          [9.495, 50.569],
          [9.496, 50.569],
          [9.496, 50.568],
          [9.497, 50.568],
          [9.497, 50.567]
        ]
      }
    },
    {
      "type": "Feature",
      "id": "way/51300935",
      "properties": {
        "admin_level": "5",
        "boundary": "administrative",
        "source": "Hessische Verwaltung für Bodenmanagement und Geoinformation - Digitale Verwaltungsgrenzen",
        "id": "way/51300935"
      },
      "geometry": {
        "type": "LineString",
        "coordinates": [
          [9.454, 50.530],
          [9.454, 50.529],
          [9.454, 50.528],
          [9.454, 50.527],
          [9.455, 50.527],
          [9.455, 50.526],
          [9.455, 50.525],
          [9.454, 50.525],
          [9.453, 50.524],
          [9.452, 50.524],
          [9.451, 50.524],
          [9.450, 50.523],
          [9.449, 50.522],
          [9.448, 50.522],
          [9.447, 50.522],
          [9.446, 50.521],
          [9.447, 50.521],
          [9.447, 50.520],
          [9.447, 50.519],
          [9.447, 50.518],
          [9.447, 50.517],
          [9.447, 50.516],
          [9.447, 50.515]
        ]
      }
    },
    {
      "type": "Feature",
      "id": "way/51300965",
      "properties": {
        "admin_level": "5",
        "boundary": "administrative",
        "source": "Hessische Verwaltung für Bodenmanagement und Geoinformation - Digitale Verwaltungsgrenzen",
        "id": "way/51300965"
      },
      "geometry": {
        "type": "LineString",
        "coordinates": [
          [9.505, 50.734],
          [9.507, 50.735],
          [9.508, 50.735],
          [9.509, 50.736],
          [9.510, 50.736],
          [9.511, 50.737],
          [9.513, 50.737],
          [9.514, 50.737],
          [9.515, 50.738],
          [9.516, 50.738],
          [9.517, 50.738],
          [9.518, 50.738],
          [9.519, 50.738],
          [9.520, 50.739],
          [9.522, 50.739],
          [9.523, 50.740],
          [9.524, 50.740],
          [9.525, 50.741],
          [9.526, 50.741],
          [9.527, 50.742],
          [9.528, 50.742],
          [9.529, 50.743],
          [9.530, 50.744],
          [9.532, 50.745],
          [9.533, 50.745],
          [9.534, 50.746]
        ]
      }
    },
    {
      "type": "Feature",
      "id": "way/51312227",
      "properties": {
        "admin_level": "5",
        "boundary": "administrative",
        "source": "Hessische Verwaltung für Bodenmanagement und Geoinformation - Digitale Verwaltungsgrenzen",
        "id": "way/51312227"
      },
      "geometry": {
        "type": "LineString",
        "coordinates": [
          [8.443, 50.407],
          [8.442, 50.407],
          [8.441, 50.407],
          [8.440, 50.407],
          [8.438, 50.408],
          [8.437, 50.408],
          [8.436, 50.408],
          [8.436, 50.407],
          [8.435, 50.407],
          [8.434, 50.407],
          [8.433, 50.407],
          [8.432, 50.407],
          [8.431, 50.407],
          [8.429, 50.406],
          [8.428, 50.406],
          [8.427, 50.405],
          [8.426, 50.405],
          [8.425, 50.405],
          [8.424, 50.405],
          [8.424, 50.404],
          [8.423, 50.404],
          [8.422, 50.404],
          [8.422, 50.403],
          [8.421, 50.403],
          [8.420, 50.403],
          [8.419, 50.403],
          [8.418, 50.403],
          [8.416, 50.403],
          [8.415, 50.403],
          [8.415, 50.402],
          [8.414, 50.402],
          [8.413, 50.402],
          [8.412, 50.401],
          [8.411, 50.401],
          [8.410, 50.400],
          [8.409, 50.400],
          [8.408, 50.400],
          [8.407, 50.399],
          [8.406, 50.398],
          [8.405, 50.398],
          [8.404, 50.397],
          [8.403, 50.398]
        ]
      }
    },
    {
      "type": "Feature",
      "id": "way/51335123",
      "properties": {
        "admin_level": "5",
        "boundary": "administrative",
        "source": "HVBG Verwaltungsgrenzen shapefile;Grenzen Vereinfachung 0,1m",
        "id": "way/51335123"
      },
      "geometry": {
        "type": "LineString",
        "coordinates": [
          [8.767, 50.470],
          [8.767, 50.469],
          [8.766, 50.469],
          [8.765, 50.468],
          [8.765, 50.467],
          [8.765, 50.466],
          [8.767, 50.466],
          [8.768, 50.466],
          [8.769, 50.465]
        ]
      }
    },
    {
      "type": "Feature",
      "id": "way/51335127",
      "properties": {
        "admin_level": "5",
        "boundary": "administrative",
        "source": "HVBG Verwaltungsgrenzen shapefile;Grenzen Vereinfachung 0,1m",
        "id": "way/51335127"
      },
      "geometry": {
        "type": "LineString",
        "coordinates": [
          [8.796, 50.447],
          [8.796, 50.448],
          [8.795, 50.450],
          [8.795, 50.451],
          [8.795, 50.452],
          [8.804, 50.457],
          [8.806, 50.457],
          [8.806, 50.456]
        ]
      }
    },
    {
      "type": "Feature",
      "id": "way/51335138",
      "properties": {
        "admin_level": "5",
        "boundary": "administrative",
        "source": "HVBG Verwaltungsgrenzen shapefile;Grenzen Vereinfachung 0,1m",
        "id": "way/51335138"
      },
      "geometry": {
        "type": "LineString",
        "coordinates": [
          [8.728, 50.476],
          [8.727, 50.476],
          [8.724, 50.476],
          [8.723, 50.476],
          [8.721, 50.476],
          [8.718, 50.476],
          [8.716, 50.476],
          [8.713, 50.474],
          [8.710, 50.476],
          [8.709, 50.477],
          [8.708, 50.477],
          [8.705, 50.477],
          [8.704, 50.477],
          [8.703, 50.477],
          [8.702, 50.477],
          [8.701, 50.477],
          [8.699, 50.478],
          [8.698, 50.479],
          [8.697, 50.480],
          [8.696, 50.480],
          [8.694, 50.480],
          [8.693, 50.481],
          [8.692, 50.482],
          [8.692, 50.483],
          [8.692, 50.484],
          [8.691, 50.484],
          [8.690, 50.485],
          [8.689, 50.485],
          [8.689, 50.486],
          [8.688, 50.487]
        ]
      }
    },
    {
      "type": "Feature",
      "id": "way/51335150",
      "properties": {
        "admin_level": "5",
        "boundary": "administrative",
        "source": "HVBG shapefile",
        "id": "way/51335150"
      },
      "geometry": {
        "type": "LineString",
        "coordinates": [
          [9.006, 50.488],
          [9.008, 50.489],
          [9.011, 50.490],
          [9.014, 50.491],
          [9.016, 50.492],
          [9.017, 50.492],
          [9.018, 50.492],
          [9.021, 50.493],
          [9.024, 50.495],
          [9.026, 50.496],
          [9.028, 50.496],
          [9.029, 50.497],
          [9.030, 50.496],
          [9.033, 50.496],
          [9.036, 50.497],
          [9.040, 50.497],
          [9.042, 50.497]
        ]
      }
    },
    {
      "type": "Feature",
      "id": "way/51777172",
      "properties": {
        "admin_level": "5",
        "boundary": "administrative",
        "source": "ALKIS Hessen + Shapefiles",
        "id": "way/51777172"
      },
      "geometry": {
        "type": "LineString",
        "coordinates": [
          [8.705, 50.993],
          [8.706, 50.993],
          [8.706, 50.992],
          [8.707, 50.992],
          [8.707, 50.991],
          [8.706, 50.991],
          [8.705, 50.991],
          [8.706, 50.991],
          [8.706, 50.990],
          [8.705, 50.990],
          [8.704, 50.990],
          [8.704, 50.989],
          [8.705, 50.989],
          [8.706, 50.989],
          [8.705, 50.988],
          [8.706, 50.988],
          [8.707, 50.988],
          [8.706, 50.987],
          [8.705, 50.988],
          [8.705, 50.987],
          [8.706, 50.987],
          [8.706, 50.986],
          [8.705, 50.986],
          [8.705, 50.985],
          [8.706, 50.985],
          [8.706, 50.984],
          [8.706, 50.983],
          [8.707, 50.983],
          [8.708, 50.983],
          [8.709, 50.983],
          [8.709, 50.982],
          [8.709, 50.981],
          [8.708, 50.981],
          [8.710, 50.980],
          [8.711, 50.980],
          [8.712, 50.980],
          [8.712, 50.979]
        ]
      }
    },
    {
      "type": "Feature",
      "id": "way/51777173",
      "properties": {
        "admin_level": "5",
        "boundary": "administrative",
        "source": "Hessische Verwaltung für Bodenmanagement und Geoinformation - Digitale Verwaltungsgrenzen",
        "id": "way/51777173"
      },
      "geometry": {
        "type": "LineString",
        "coordinates": [
          [8.656, 50.971],
          [8.655, 50.971],
          [8.653, 50.971],
          [8.652, 50.971],
          [8.651, 50.971],
          [8.650, 50.971],
          [8.649, 50.971],
          [8.648, 50.971],
          [8.647, 50.972],
          [8.647, 50.971],
          [8.647, 50.970],
          [8.647, 50.969],
          [8.647, 50.968],
          [8.647, 50.967],
          [8.647, 50.966],
          [8.647, 50.965],
          [8.646, 50.965],
          [8.645, 50.965],
          [8.644, 50.965],
          [8.643, 50.966],
          [8.643, 50.965],
          [8.642, 50.965],
          [8.640, 50.965],
          [8.639, 50.965],
          [8.638, 50.965],
          [8.638, 50.964],
          [8.637, 50.964],
          [8.637, 50.965],
          [8.636, 50.965],
          [8.636, 50.964],
          [8.637, 50.963],
          [8.638, 50.962],
          [8.637, 50.962],
          [8.636, 50.962],
          [8.636, 50.961],
          [8.635, 50.961],
          [8.634, 50.961],
          [8.633, 50.961],
          [8.633, 50.960],
          [8.632, 50.960],
          [8.632, 50.959],
          [8.631, 50.959],
          [8.630, 50.959],
          [8.629, 50.959],
          [8.628, 50.959],
          [8.626, 50.958],
          [8.625, 50.958],
          [8.624, 50.958],
          [8.623, 50.958],
          [8.622, 50.958],
          [8.622, 50.957],
          [8.621, 50.958],
          [8.620, 50.958],
          [8.619, 50.957],
          [8.618, 50.957],
          [8.618, 50.956],
          [8.617, 50.956],
          [8.616, 50.956],
          [8.616, 50.955],
          [8.615, 50.955],
          [8.614, 50.955],
          [8.614, 50.954],
          [8.613, 50.954],
          [8.612, 50.954],
          [8.611, 50.954],
          [8.610, 50.954],
          [8.609, 50.954],
          [8.608, 50.954],
          [8.607, 50.954],
          [8.606, 50.954],
          [8.605, 50.953],
          [8.604, 50.953],
          [8.603, 50.953],
          [8.603, 50.952],
          [8.602, 50.952]
        ]
      }
    },
    {
      "type": "Feature",
      "id": "way/51777175",
      "properties": {
        "admin_level": "5",
        "boundary": "administrative",
        "source": "ALKIS Hessen + Shapefiles",
        "id": "way/51777175"
      },
      "geometry": {
        "type": "LineString",
        "coordinates": [
          [8.947, 50.950],
          [8.948, 50.951],
          [8.949, 50.951],
          [8.950, 50.951],
          [8.950, 50.950],
          [8.951, 50.950],
          [8.951, 50.951],
          [8.952, 50.950],
          [8.953, 50.950],
          [8.952, 50.949],
          [8.953, 50.949],
          [8.954, 50.948],
          [8.955, 50.949],
          [8.956, 50.949],
          [8.957, 50.949],
          [8.958, 50.948],
          [8.959, 50.948],
          [8.960, 50.948],
          [8.960, 50.947],
          [8.961, 50.947],
          [8.962, 50.947],
          [8.963, 50.947],
          [8.964, 50.946],
          [8.965, 50.946],
          [8.965, 50.947],
          [8.966, 50.947],
          [8.967, 50.947],
          [8.967, 50.945],
          [8.968, 50.944],
          [8.969, 50.943],
          [8.970, 50.942],
          [8.970, 50.941],
          [8.971, 50.940],
          [8.971, 50.939],
          [8.972, 50.939],
          [8.973, 50.939],
          [8.973, 50.938],
          [8.974, 50.938]
        ]
      }
    },
    {
      "type": "Feature",
      "id": "way/51777177",
      "properties": {
        "admin_level": "5",
        "boundary": "administrative",
        "source": "ALKIS Hessen + Shapefiles",
        "id": "way/51777177"
      },
      "geometry": {
        "type": "LineString",
        "coordinates": [
          [8.732, 50.975],
          [8.733, 50.975],
          [8.734, 50.974],
          [8.733, 50.974],
          [8.732, 50.974],
          [8.731, 50.973],
          [8.731, 50.972],
          [8.730, 50.972],
          [8.729, 50.972],
          [8.728, 50.971],
          [8.727, 50.971],
          [8.727, 50.970],
          [8.727, 50.969],
          [8.728, 50.969],
          [8.729, 50.968],
          [8.730, 50.967],
          [8.730, 50.966],
          [8.731, 50.966],
          [8.731, 50.965],
          [8.731, 50.964]
        ]
      }
    },
    {
      "type": "Feature",
      "id": "way/51801048",
      "properties": {
        "admin_level": "4",
        "boundary": "administrative",
        "source": "Hessische Verwaltung für Bodenmanagement und Geoinformation - Digitale Verwaltungsgrenzen",
        "id": "way/51801048"
      },
      "geometry": {
        "type": "LineString",
        "coordinates": [
          [8.472, 49.768],
          [8.470, 49.768],
          [8.469, 49.768],
          [8.468, 49.768],
          [8.466, 49.768],
          [8.465, 49.768],
          [8.464, 49.768],
          [8.462, 49.768],
          [8.460, 49.768],
          [8.457, 49.767],
          [8.454, 49.766],
          [8.452, 49.766],
          [8.449, 49.766],
          [8.446, 49.765],
          [8.443, 49.765],
          [8.441, 49.765]
        ]
      }
    },
    {
      "type": "Feature",
      "id": "way/51801488",
      "properties": {
        "admin_level": "4",
        "boundary": "administrative",
        "source": "Hessische Verwaltung für Bodenmanagement und Geoinformation - Digitale Verwaltungsgrenzen",
        "id": "way/51801488"
      },
      "geometry": {
        "type": "LineString",
        "coordinates": [
          [8.384, 49.817],
          [8.383, 49.818],
          [8.382, 49.818],
          [8.381, 49.819],
          [8.381, 49.820],
          [8.380, 49.821],
          [8.379, 49.821],
          [8.379, 49.822],
          [8.378, 49.823],
          [8.378, 49.824],
          [8.378, 49.825],
          [8.377, 49.826],
          [8.377, 49.827]
        ]
      }
    },
    {
      "type": "Feature",
      "id": "way/51801539",
      "properties": {
        "admin_level": "4",
        "boundary": "administrative",
        "source": "Hessische Verwaltung für Bodenmanagement und Geoinformation - Digitale Verwaltungsgrenzen",
        "id": "way/51801539"
      },
      "geometry": {
        "type": "LineString",
        "coordinates": [
          [8.413, 49.783],
          [8.412, 49.786],
          [8.411, 49.787],
          [8.410, 49.789],
          [8.409, 49.790],
          [8.409, 49.792],
          [8.407, 49.794],
          [8.406, 49.795],
          [8.405, 49.796],
          [8.405, 49.797],
          [8.403, 49.799],
          [8.401, 49.801],
          [8.400, 49.803]
        ]
      }
    },
    {
      "type": "Feature",
      "id": "way/51844628",
      "properties": {
        "admin_level": "4",
        "boundary": "administrative",
        "source": "Hessische Verwaltung für Bodenmanagement und Geoinformation - Digitale Verwaltungsgrenzen",
        "id": "way/51844628"
      },
      "geometry": {
        "type": "LineString",
        "coordinates": [
          [8.376, 49.860],
          [8.374, 49.861],
          [8.372, 49.862],
          [8.370, 49.862],
          [8.368, 49.863],
          [8.359, 49.863],
          [8.358, 49.863]
        ]
      }
    },
    {
      "type": "Feature",
      "id": "way/51863104",
      "properties": {
        "admin_level": "4",
        "boundary": "administrative",
        "source": "Hessische Verwaltung für Bodenmanagement und Geoinformation - Digitale Verwaltungsgrenzen",
        "id": "way/51863104"
      },
      "geometry": {
        "type": "LineString",
        "coordinates": [
          [8.346, 49.933],
          [8.343, 49.940]
        ]
      }
    },
    {
      "type": "Feature",
      "id": "way/52034923",
      "properties": {
        "admin_level": "5",
        "boundary": "administrative",
        "source": "HVBG Verwaltungsgrenzen shapefile;Grenzen Vereinfachung 0,1m",
        "id": "way/52034923"
      },
      "geometry": {
        "type": "LineString",
        "coordinates": [
          [8.799, 50.442],
          [8.804, 50.439],
          [8.806, 50.438],
          [8.807, 50.437],
          [8.811, 50.435],
          [8.817, 50.435],
          [8.817, 50.433],
          [8.822, 50.433],
          [8.824, 50.433],
          [8.825, 50.433],
          [8.826, 50.433],
          [8.829, 50.432],
          [8.832, 50.432],
          [8.835, 50.432],
          [8.837, 50.432],
          [8.840, 50.431],
          [8.840, 50.433],
          [8.848, 50.432],
          [8.853, 50.431]
        ]
      }
    },
    {
      "type": "Feature",
      "id": "way/52040036",
      "properties": {
        "admin_level": "5",
        "boundary": "administrative",
        "source": "HVBG shapefile",
        "id": "way/52040036"
      },
      "geometry": {
        "type": "LineString",
        "coordinates": [
          [8.907, 50.438],
          [8.907, 50.437],
          [8.910, 50.437],
          [8.911, 50.437],
          [8.912, 50.437],
          [8.913, 50.437],
          [8.914, 50.436],
          [8.915, 50.436],
          [8.916, 50.436],
          [8.917, 50.436],
          [8.918, 50.436],
          [8.920, 50.436],
          [8.922, 50.435],
          [8.923, 50.435],
          [8.924, 50.434],
          [8.925, 50.434],
          [8.927, 50.433],
          [8.928, 50.433],
          [8.929, 50.433],
          [8.930, 50.433]
        ]
      }
    },
    {
      "type": "Feature",
      "id": "way/52251395",
      "properties": {
        "admin_level": "4",
        "boundary": "administrative",
        "source": "Hessische Verwaltung für Bodenmanagement und Geoinformation - Digitale Verwaltungsgrenzen (Shapefile)",
        "id": "way/52251395"
      },
      "geometry": {
        "type": "LineString",
        "coordinates": [
          [7.975, 50.435],
          [7.974, 50.436],
          [7.975, 50.436],
          [7.975, 50.437],
          [7.976, 50.437],
          [7.977, 50.438],
          [7.978, 50.438],
          [7.980, 50.438],
          [7.982, 50.438],
          [7.983, 50.438],
          [7.988, 50.439],
          [7.989, 50.439],
          [7.988, 50.440],
          [7.989, 50.441],
          [7.989, 50.442]
        ]
      }
    },
    {
      "type": "Feature",
      "id": "way/52251398",
      "properties": {
        "admin_level": "4",
        "boundary": "administrative",
        "source": "Hessische Verwaltung für Bodenmanagement und Geoinformation - Digitale Verwaltungsgrenzen",
        "id": "way/52251398"
      },
      "geometry": {
        "type": "LineString",
        "coordinates": [
          [8.033, 50.551],
          [8.034, 50.551],
          [8.036, 50.551],
          [8.038, 50.552],
          [8.039, 50.552],
          [8.040, 50.552],
          [8.041, 50.552],
          [8.041, 50.553],
          [8.042, 50.553],
          [8.043, 50.553],
          [8.041, 50.557]
        ]
      }
    },
    {
      "type": "Feature",
      "id": "way/52251405",
      "properties": {
        "admin_level": "4",
        "boundary": "administrative",
        "source": "Hessische Verwaltung für Bodenmanagement und Geoinformation - Digitale Verwaltungsgrenzen",
        "id": "way/52251405"
      },
      "geometry": {
        "type": "LineString",
        "coordinates": [
          [7.982, 50.511],
          [7.983, 50.511],
          [7.985, 50.511],
          [7.987, 50.512],
          [7.988, 50.512],
          [7.989, 50.513],
          [7.990, 50.513],
          [7.990, 50.514]
        ]
      }
    },
    {
      "type": "Feature",
      "id": "way/52293519",
      "properties": {
        "admin_level": "4",
        "boundary": "administrative",
        "source": "Hessische Verwaltung für Bodenmanagement und Geoinformation - Digitale Verwaltungsgrenzen (Shapefile)",
        "id": "way/52293519"
      },
      "geometry": {
        "type": "LineString",
        "coordinates": [
          [8.033, 50.263],
          [8.035, 50.264],
          [8.035, 50.265],
          [8.035, 50.266],
          [8.035, 50.267],
          [8.035, 50.268],
          [8.035, 50.269],
          [8.036, 50.269],
          [8.035, 50.270],
          [8.035, 50.271],
          [8.037, 50.271],
          [8.038, 50.271],
          [8.039, 50.271],
          [8.040, 50.271],
          [8.042, 50.272]
        ]
      }
    },
    {
      "type": "Feature",
      "id": "way/52293527",
      "properties": {
        "admin_level": "4",
        "boundary": "administrative",
        "source": "Hessische Verwaltung für Bodenmanagement und Geoinformation - Digitale Verwaltungsgrenzen (Shapefile)",
        "id": "way/52293527"
      },
      "geometry": {
        "type": "LineString",
        "coordinates": [
          [7.854, 50.128],
          [7.857, 50.128],
          [7.858, 50.127],
          [7.859, 50.127],
          [7.860, 50.127],
          [7.861, 50.126],
          [7.862, 50.125],
          [7.863, 50.125],
          [7.864, 50.124],
          [7.865, 50.124],
          [7.865, 50.123],
          [7.866, 50.122],
          [7.865, 50.121],
          [7.865, 50.120],
          [7.866, 50.120],
          [7.867, 50.120],
          [7.867, 50.121],
          [7.868, 50.121]
        ]
      }
    },
    {
      "type": "Feature",
      "id": "way/52293530",
      "properties": {
        "admin_level": "4",
        "boundary": "administrative",
        "id": "way/52293530"
      },
      "geometry": {
        "type": "LineString",
        "coordinates": [
          [7.952, 50.220],
          [7.951, 50.219],
          [7.950, 50.219],
          [7.949, 50.218],
          [7.948, 50.218],
          [7.948, 50.217],
          [7.948, 50.216],
          [7.949, 50.216],
          [7.950, 50.215],
          [7.950, 50.214],
          [7.951, 50.214]
        ]
      }
    },
    {
      "type": "Feature",
      "id": "way/52293537",
      "properties": {
        "admin_level": "4",
        "boundary": "administrative",
        "source": "Hessische Verwaltung für Bodenmanagement und Geoinformation - Digitale Verwaltungsgrenzen (Shapefile)",
        "id": "way/52293537"
      },
      "geometry": {
        "type": "LineString",
        "coordinates": [
          [8.069, 50.358],
          [8.066, 50.357],
          [8.066, 50.362],
          [8.066, 50.363],
          [8.066, 50.364]
        ]
      }
    },
    {
      "type": "Feature",
      "id": "way/52294072",
      "properties": {
        "admin_level": "5",
        "boundary": "administrative",
        "source": "Hessische Verwaltung für Bodenmanagement und Geoinformation - Digitale Verwaltungsgrenzen (Shapefile)",
        "id": "way/52294072"
      },
      "geometry": {
        "type": "LineString",
        "coordinates": [
          [9.154, 50.439],
          [9.153, 50.439],
          [9.152, 50.440],
          [9.152, 50.439],
          [9.152, 50.440],
          [9.151, 50.440],
          [9.149, 50.440],
          [9.147, 50.441],
          [9.146, 50.442],
          [9.144, 50.442],
          [9.144, 50.441],
          [9.143, 50.439],
          [9.143, 50.437],
          [9.143, 50.436],
          [9.142, 50.436],
          [9.141, 50.436],
          [9.137, 50.436],
          [9.134, 50.435],
          [9.130, 50.435],
          [9.129, 50.435],
          [9.127, 50.435],
          [9.125, 50.436],
          [9.124, 50.436],
          [9.123, 50.436],
          [9.120, 50.436],
          [9.118, 50.436],
          [9.116, 50.436],
          [9.114, 50.436],
          [9.112, 50.435],
          [9.111, 50.435],
          [9.109, 50.434],
          [9.108, 50.434],
          [9.107, 50.434],
          [9.105, 50.435],
          [9.104, 50.435],
          [9.103, 50.436]
        ]
      }
    },
    {
      "type": "Feature",
      "id": "way/52297933",
      "properties": {
        "admin_level": "5",
        "boundary": "administrative",
        "source": "HVBG Verwaltungsgrenzen shapefile;Grenzen Vereinfachung 0,1m",
        "id": "way/52297933"
      },
      "geometry": {
        "type": "LineString",
        "coordinates": [
          [9.143, 50.424],
          [9.144, 50.424],
          [9.144, 50.425],
          [9.145, 50.426],
          [9.145, 50.427],
          [9.145, 50.428],
          [9.146, 50.428],
          [9.147, 50.429],
          [9.148, 50.430],
          [9.149, 50.431],
          [9.150, 50.431],
          [9.150, 50.432],
          [9.152, 50.434],
          [9.153, 50.435],
          [9.154, 50.436],
          [9.155, 50.437],
          [9.156, 50.437],
          [9.157, 50.438],
          [9.158, 50.438],
          [9.160, 50.439],
          [9.162, 50.440],
          [9.163, 50.441],
          [9.164, 50.442],
          [9.165, 50.442],
          [9.166, 50.442],
          [9.168, 50.443],
          [9.170, 50.444],
          [9.171, 50.444],
          [9.172, 50.444],
          [9.173, 50.444],
          [9.174, 50.444],
          [9.175, 50.444],
          [9.176, 50.444],
          [9.177, 50.443],
          [9.178, 50.443],
          [9.179, 50.443],
          [9.180, 50.443],
          [9.181, 50.444],
          [9.183, 50.445],
          [9.184, 50.445],
          [9.185, 50.445],
          [9.186, 50.444],
          [9.187, 50.444],
          [9.188, 50.444],
          [9.189, 50.444],
          [9.189, 50.443],
          [9.190, 50.443],
          [9.192, 50.444],
          [9.193, 50.444],
          [9.193, 50.445],
          [9.194, 50.446],
          [9.195, 50.446],
          [9.197, 50.447],
          [9.198, 50.447],
          [9.198, 50.448],
          [9.199, 50.449],
          [9.200, 50.449],
          [9.201, 50.449],
          [9.202, 50.449],
          [9.202, 50.450],
          [9.203, 50.450],
          [9.202, 50.450],
          [9.203, 50.450],
          [9.204, 50.451],
          [9.205, 50.451],
          [9.206, 50.451],
          [9.207, 50.452],
          [9.208, 50.452],
          [9.209, 50.452],
          [9.210, 50.452],
          [9.211, 50.453],
          [9.213, 50.453],
          [9.214, 50.454],
          [9.216, 50.454],
          [9.217, 50.455],
          [9.219, 50.456],
          [9.222, 50.457],
          [9.223, 50.457],
          [9.225, 50.458]
        ]
      }
    },
    {
      "type": "Feature",
      "id": "way/52469553",
      "properties": {
        "admin_level": "4",
        "boundary": "administrative",
        "source": "Hessische Verwaltung für Bodenmanagement und Geoinformation - Digitale Verwaltungsgrenzen",
        "id": "way/52469553"
      },
      "geometry": {
        "type": "LineString",
        "coordinates": [
          [9.083, 49.526],
          [9.083, 49.525],
          [9.082, 49.525],
          [9.081, 49.525],
          [9.080, 49.525],
          [9.078, 49.524],
          [9.078, 49.525],
          [9.077, 49.525],
          [9.076, 49.525],
          [9.075, 49.525],
          [9.074, 49.525],
          [9.073, 49.526],
          [9.072, 49.526],
          [9.071, 49.526],
          [9.070, 49.526],
          [9.069, 49.526],
          [9.069, 49.527],
          [9.068, 49.527],
          [9.067, 49.528],
          [9.066, 49.528],
          [9.066, 49.529],
          [9.066, 49.530],
          [9.065, 49.530],
          [9.064, 49.530],
          [9.063, 49.529],
          [9.063, 49.528],
          [9.062, 49.528],
          [9.062, 49.527],
          [9.061, 49.527],
          [9.060, 49.527],
          [9.061, 49.526],
          [9.060, 49.526],
          [9.060, 49.525],
          [9.059, 49.525],
          [9.059, 49.524],
          [9.058, 49.524],
          [9.058, 49.523]
        ]
      }
    },
    {
      "type": "Feature",
      "id": "way/52508967",
      "properties": {
        "admin_level": "5",
        "boundary": "administrative",
        "source": "ALKIS Hessen + Shapefiles",
        "id": "way/52508967"
      },
      "geometry": {
        "type": "LineString",
        "coordinates": [
          [9.109, 50.918],
          [9.110, 50.918],
          [9.111, 50.917],
          [9.111, 50.916],
          [9.113, 50.915],
          [9.114, 50.914],
          [9.115, 50.913],
          [9.116, 50.912],
          [9.117, 50.912],
          [9.118, 50.911],
          [9.119, 50.910],
          [9.120, 50.910],
          [9.121, 50.909],
          [9.122, 50.908],
          [9.122, 50.907],
          [9.123, 50.906],
          [9.123, 50.905],
          [9.124, 50.904],
          [9.125, 50.903],
          [9.126, 50.902],
          [9.127, 50.901],
          [9.128, 50.901],
          [9.128, 50.900],
          [9.128, 50.899],
          [9.129, 50.899],
          [9.128, 50.899],
          [9.129, 50.899],
          [9.130, 50.899],
          [9.131, 50.899],
          [9.132, 50.899]
        ]
      }
    },
    {
      "type": "Feature",
      "id": "way/52508990",
      "properties": {
        "admin_level": "5",
        "boundary": "administrative",
        "source": "ALKIS Hessen + Shapefiles",
        "id": "way/52508990"
      },
      "geometry": {
        "type": "LineString",
        "coordinates": [
          [9.232, 50.826],
          [9.234, 50.826],
          [9.234, 50.825],
          [9.235, 50.825],
          [9.236, 50.825],
          [9.238, 50.824],
          [9.240, 50.823],
          [9.239, 50.822],
          [9.238, 50.821],
          [9.237, 50.820],
          [9.236, 50.819],
          [9.236, 50.818],
          [9.237, 50.818],
          [9.239, 50.817],
          [9.240, 50.817],
          [9.241, 50.817],
          [9.241, 50.816],
          [9.243, 50.817],
          [9.245, 50.817],
          [9.247, 50.817],
          [9.248, 50.816],
          [9.250, 50.816],
          [9.251, 50.816],
          [9.252, 50.816],
          [9.252, 50.815],
          [9.253, 50.816],
          [9.253, 50.817],
          [9.256, 50.817],
          [9.257, 50.817],
          [9.260, 50.817],
          [9.260, 50.816],
          [9.261, 50.816],
          [9.262, 50.816],
          [9.262, 50.815],
          [9.262, 50.814],
          [9.263, 50.814]
        ]
      }
    },
    {
      "type": "Feature",
      "id": "way/52509003",
      "properties": {
        "admin_level": "5",
        "boundary": "administrative",
        "source": "ALKIS Hessen + Shapefiles",
        "id": "way/52509003"
      },
      "geometry": {
        "type": "LineString",
        "coordinates": [
          [9.141, 50.861],
          [9.141, 50.859],
          [9.141, 50.858],
          [9.141, 50.857],
          [9.141, 50.856],
          [9.142, 50.855],
          [9.142, 50.854],
          [9.141, 50.853],
          [9.141, 50.851],
          [9.142, 50.850],
          [9.143, 50.851],
          [9.144, 50.851],
          [9.145, 50.850],
          [9.145, 50.851],
          [9.146, 50.850],
          [9.146, 50.849],
          [9.148, 50.848],
          [9.148, 50.847],
          [9.149, 50.847],
          [9.149, 50.846],
          [9.15, 50.846]
        ]
      }
    },
    {
      "type": "Feature",
      "id": "way/52691000",
      "properties": {
        "admin_level": "4",
        "boundary": "administrative",
        "source": "Hessische Verwaltung für Bodenmanagement und Geoinformation - Digitale Verwaltungsgrenzen (Shapefile)",
        "id": "way/52691000"
      },
      "geometry": {
        "type": "LineString",
        "coordinates": [
          [7.965, 50.413],
          [7.966, 50.413],
          [7.967, 50.413],
          [7.968, 50.412],
          [7.969, 50.412],
          [7.969, 50.413],
          [7.970, 50.413],
          [7.972, 50.413],
          [7.973, 50.413],
          [7.974, 50.413],
          [7.974, 50.414],
          [7.975, 50.414],
          [7.976, 50.415],
          [7.977, 50.415],
          [7.978, 50.416],
          [7.979, 50.416],
          [7.979, 50.417],
          [7.980, 50.417],
          [7.981, 50.417],
          [7.981, 50.418],
          [7.981, 50.419],
          [7.982, 50.419],
          [7.981, 50.419],
          [7.981, 50.420],
          [7.981, 50.421],
          [7.982, 50.421],
          [7.982, 50.422],
          [7.983, 50.422],
          [7.984, 50.422],
          [7.985, 50.421],
          [7.985, 50.422],
          [7.985, 50.421],
          [7.986, 50.421],
          [7.986, 50.422],
          [7.985, 50.422],
          [7.983, 50.423],
          [7.984, 50.424],
          [7.983, 50.425],
          [7.984, 50.425],
          [7.985, 50.426],
          [7.986, 50.426],
          [7.986, 50.427],
          [7.987, 50.427],
          [7.987, 50.428],
          [7.987, 50.429],
          [7.985, 50.430],
          [7.985, 50.431],
          [7.984, 50.431],
          [7.984, 50.432],
          [7.985, 50.433],
          [7.986, 50.433],
          [7.987, 50.433],
          [7.988, 50.433],
          [7.989, 50.433]
        ]
      }
    },
    {
      "type": "Feature",
      "id": "way/52774636",
      "properties": {
        "admin_level": "5",
        "boundary": "administrative",
        "source": "ALKIS Hessen + Shapefiles",
        "id": "way/52774636"
      },
      "geometry": {
        "type": "LineString",
        "coordinates": [
          [9.500, 50.610],
          [9.500, 50.609],
          [9.501, 50.609],
          [9.501, 50.608],
          [9.501, 50.607],
          [9.500, 50.607],
          [9.500, 50.606],
          [9.499, 50.606],
          [9.498, 50.606],
          [9.497, 50.606],
          [9.496, 50.605],
          [9.495, 50.605],
          [9.495, 50.604],
          [9.494, 50.604],
          [9.494, 50.603],
          [9.494, 50.602],
          [9.495, 50.602],
          [9.494, 50.602],
          [9.493, 50.602],
          [9.492, 50.602],
          [9.491, 50.602],
          [9.491, 50.601],
          [9.491, 50.600],
          [9.490, 50.600],
          [9.490, 50.599],
          [9.489, 50.598],
          [9.489, 50.597],
          [9.488, 50.597],
          [9.488, 50.596],
          [9.487, 50.596],
          [9.487, 50.595],
          [9.486, 50.595],
          [9.485, 50.594],
          [9.484, 50.593],
          [9.483, 50.593],
          [9.482, 50.592],
          [9.481, 50.591],
          [9.481, 50.590],
          [9.481, 50.589],
          [9.482, 50.588],
          [9.482, 50.587],
          [9.482, 50.586],
          [9.482, 50.585],
          [9.483, 50.584],
          [9.482, 50.584],
          [9.482, 50.583],
          [9.481, 50.582],
          [9.481, 50.581],
          [9.481, 50.580],
          [9.481, 50.579],
          [9.480, 50.578],
          [9.480, 50.577],
          [9.479, 50.577],
          [9.479, 50.576],
          [9.478, 50.576],
          [9.478, 50.575]
        ]
      }
    },
    {
      "type": "Feature",
      "id": "way/52774638",
      "properties": {
        "admin_level": "5",
        "boundary": "administrative",
        "source": "Hessische Verwaltung für Bodenmanagement und Geoinformation - Digitale Verwaltungsgrenzen",
        "id": "way/52774638"
      },
      "geometry": {
        "type": "LineString",
        "coordinates": [
          [9.494, 50.411],
          [9.494, 50.412],
          [9.493, 50.412],
          [9.492, 50.412],
          [9.491, 50.412],
          [9.490, 50.412],
          [9.489, 50.412],
          [9.488, 50.412],
          [9.487, 50.413],
          [9.487, 50.414],
          [9.487, 50.415],
          [9.486, 50.415],
          [9.486, 50.416],
          [9.487, 50.417],
          [9.486, 50.418],
          [9.486, 50.419],
          [9.485, 50.420],
          [9.485, 50.421],
          [9.485, 50.422],
          [9.485, 50.423],
          [9.484, 50.423],
          [9.484, 50.424],
          [9.484, 50.425],
          [9.484, 50.426],
          [9.484, 50.427],
          [9.483, 50.428],
          [9.484, 50.428],
          [9.484, 50.429],
          [9.484, 50.430],
          [9.484, 50.431],
          [9.484, 50.432]
        ]
      }
    },
    {
      "type": "Feature",
      "id": "way/52774639",
      "properties": {
        "admin_level": "5",
        "boundary": "administrative",
        "source": "ALKIS Hessen + Shapefiles",
        "id": "way/52774639"
      },
      "geometry": {
        "type": "LineString",
        "coordinates": [
          [9.476, 50.551],
          [9.474, 50.551],
          [9.472, 50.551],
          [9.471, 50.551],
          [9.470, 50.551],
          [9.469, 50.551],
          [9.468, 50.550],
          [9.467, 50.550],
          [9.466, 50.550],
          [9.465, 50.550],
          [9.464, 50.550],
          [9.464, 50.549],
          [9.464, 50.548],
          [9.464, 50.547],
          [9.465, 50.547],
          [9.464, 50.546],
          [9.464, 50.545],
          [9.464, 50.544],
          [9.464, 50.543],
          [9.465, 50.543],
          [9.464, 50.543],
          [9.462, 50.541],
          [9.461, 50.541],
          [9.461, 50.540],
          [9.461, 50.541],
          [9.461, 50.540],
          [9.460, 50.539],
          [9.459, 50.538],
          [9.459, 50.537],
          [9.458, 50.536],
          [9.458, 50.535],
          [9.457, 50.535],
          [9.457, 50.534],
          [9.456, 50.534],
          [9.455, 50.532]
        ]
      }
    },
    {
      "type": "Feature",
      "id": "way/52774642",
      "properties": {
        "admin_level": "5",
        "boundary": "administrative",
        "source": "Hessische Verwaltung für Bodenmanagement und Geoinformation - Digitale Verwaltungsgrenzen",
        "id": "way/52774642"
      },
      "geometry": {
        "type": "LineString",
        "coordinates": [
          [9.682, 50.374],
          [9.680, 50.374],
          [9.681, 50.374],
          [9.681, 50.373],
          [9.680, 50.373],
          [9.680, 50.372],
          [9.679, 50.372],
          [9.678, 50.372],
          [9.676, 50.372],
          [9.675, 50.372],
          [9.673, 50.372],
          [9.672, 50.372],
          [9.671, 50.372],
          [9.670, 50.372],
          [9.669, 50.372],
          [9.669, 50.373],
          [9.668, 50.373],
          [9.668, 50.374],
          [9.667, 50.374],
          [9.666, 50.374],
          [9.665, 50.374],
          [9.664, 50.375],
          [9.663, 50.375],
          [9.662, 50.375],
          [9.661, 50.375],
          [9.660, 50.375],
          [9.659, 50.376],
          [9.658, 50.376],
          [9.656, 50.376],
          [9.655, 50.376],
          [9.654, 50.376],
          [9.653, 50.376],
          [9.652, 50.376],
          [9.651, 50.376],
          [9.650, 50.376],
          [9.649, 50.376],
          [9.649, 50.377],
          [9.648, 50.377],
          [9.647, 50.377],
          [9.646, 50.377],
          [9.646, 50.378]
        ]
      }
    },
    {
      "type": "Feature",
      "id": "way/52774675",
      "properties": {
        "admin_level": "4",
        "boundary": "administrative",
        "source": "Hessische Verwaltung für Bodenmanagement und Geoinformation - Digitale Verwaltungsgrenzen",
        "id": "way/52774675"
      },
      "geometry": {
        "type": "LineString",
        "coordinates": [
          [10.039, 50.531],
          [10.039, 50.530],
          [10.038, 50.529],
          [10.038, 50.528],
          [10.039, 50.528],
          [10.038, 50.525],
          [10.038, 50.524],
          [10.038, 50.523],
          [10.039, 50.523],
          [10.040, 50.523],
          [10.042, 50.523],
          [10.042, 50.522],
          [10.042, 50.521],
          [10.042, 50.520],
          [10.042, 50.519],
          [10.042, 50.518],
          [10.041, 50.517],
          [10.041, 50.516]
        ]
      }
    },
    {
      "type": "Feature",
      "id": "way/52774677",
      "properties": {
        "admin_level": "4",
        "boundary": "administrative",
        "source": "Hessische Verwaltung für Bodenmanagement und Geoinformation - Digitale Verwaltungsgrenzen",
        "id": "way/52774677"
      },
      "geometry": {
        "type": "LineString",
        "coordinates": [
          [10.047, 50.600],
          [10.048, 50.599],
          [10.048, 50.598]
        ]
      }
    },
    {
      "type": "Feature",
      "id": "way/52774686",
      "properties": {
        "admin_level": "5",
        "boundary": "administrative",
        "source": "ALKIS Hessen + Shapefiles",
        "id": "way/52774686"
      },
      "geometry": {
        "type": "LineString",
        "coordinates": [
          [9.636, 50.672],
          [9.636, 50.671],
          [9.635, 50.671],
          [9.637, 50.671],
          [9.638, 50.671],
          [9.639, 50.671],
          [9.639, 50.670],
          [9.638, 50.670],
          [9.637, 50.670],
          [9.637, 50.669],
          [9.637, 50.668],
          [9.636, 50.667],
          [9.636, 50.666],
          [9.635, 50.665],
          [9.634, 50.664],
          [9.633, 50.664],
          [9.632, 50.663],
          [9.630, 50.662],
          [9.630, 50.661],
          [9.629, 50.661],
          [9.628, 50.660],
          [9.628, 50.659],
          [9.629, 50.659]
        ]
      }
    },
    {
      "type": "Feature",
      "id": "way/52774690",
      "properties": {
        "admin_level": "5",
        "boundary": "administrative",
        "source": "ALKIS Hessen + Shapefiles",
        "id": "way/52774690"
      },
      "geometry": {
        "type": "LineString",
        "coordinates": [
          [9.519, 50.637],
          [9.517, 50.637],
          [9.515, 50.637],
          [9.514, 50.637],
          [9.513, 50.637],
          [9.512, 50.637],
          [9.511, 50.637],
          [9.510, 50.636],
          [9.509, 50.636],
          [9.508, 50.636],
          [9.507, 50.636],
          [9.506, 50.636],
          [9.505, 50.636],
          [9.505, 50.637],
          [9.505, 50.636],
          [9.505, 50.637],
          [9.504, 50.637],
          [9.503, 50.637],
          [9.502, 50.638],
          [9.502, 50.637],
          [9.501, 50.637],
          [9.501, 50.638],
          [9.500, 50.638],
          [9.500, 50.637],
          [9.500, 50.638],
          [9.500, 50.639],
          [9.500, 50.640],
          [9.499, 50.640],
          [9.499, 50.641],
          [9.498, 50.641],
          [9.497, 50.641],
          [9.496, 50.641],
          [9.495, 50.641],
          [9.495, 50.642],
          [9.494, 50.642],
          [9.494, 50.643],
          [9.494, 50.644],
          [9.494, 50.645],
          [9.494, 50.646],
          [9.494, 50.647],
          [9.494, 50.648],
          [9.494, 50.649],
          [9.493, 50.649]
        ]
      }
    },
    {
      "type": "Feature",
      "id": "way/52774696",
      "properties": {
        "admin_level": "4",
        "boundary": "administrative",
        "source": "Hessische Verwaltung für Bodenmanagement und Geoinformation - Digitale Verwaltungsgrenzen",
        "id": "way/52774696"
      },
      "geometry": {
        "type": "LineString",
        "coordinates": [
          [9.954, 50.628],
          [9.955, 50.629],
          [9.958, 50.629],
          [9.960, 50.629]
        ]
      }
    },
    {
      "type": "Feature",
      "id": "way/52774700",
      "properties": {
        "admin_level": "4",
        "boundary": "administrative",
        "source": "Hessische Verwaltung für Bodenmanagement und Geoinformation - Digitale Verwaltungsgrenzen",
        "id": "way/52774700"
      },
      "geometry": {
        "type": "LineString",
        "coordinates": [
          [9.926, 50.629],
          [9.927, 50.629],
          [9.928, 50.629],
          [9.929, 50.628],
          [9.930, 50.629],
          [9.932, 50.629],
          [9.933, 50.628],
          [9.934, 50.628],
          [9.935, 50.628],
          [9.936, 50.628],
          [9.939, 50.628],
          [9.940, 50.628],
          [9.941, 50.627],
          [9.943, 50.627],
          [9.944, 50.627],
          [9.945, 50.627],
          [9.946, 50.626],
          [9.947, 50.627],
          [9.948, 50.627],
          [9.950, 50.628],
          [9.951, 50.628],
          [9.953, 50.629],
          [9.952, 50.628],
          [9.953, 50.628],
          [9.954, 50.628]
        ]
      }
    },
    {
      "type": "Feature",
      "id": "way/52774705",
      "properties": {
        "admin_level": "4",
        "boundary": "administrative",
        "source": "Hessische Verwaltung für Bodenmanagement und Geoinformation - Digitale Verwaltungsgrenzen",
        "id": "way/52774705"
      },
      "geometry": {
        "type": "LineString",
        "coordinates": [
          [9.930, 50.756],
          [9.931, 50.756],
          [9.930, 50.757],
          [9.931, 50.757],
          [9.932, 50.757],
          [9.933, 50.757],
          [9.932, 50.757],
          [9.933, 50.757],
          [9.934, 50.757],
          [9.935, 50.757],
          [9.936, 50.757],
          [9.937, 50.756],
          [9.938, 50.756]
        ]
      }
    },
    {
      "type": "Feature",
      "id": "way/53169901",
      "properties": {
        "admin_level": "4",
        "boundary": "administrative",
        "source": "Hessische Verwaltung für Bodenmanagement und Geoinformation - Digitale Verwaltungsgrenzen (Shapefile)",
        "id": "way/53169901"
      },
      "geometry": {
        "type": "LineString",
        "coordinates": [
          [8.128, 50.607],
          [8.125, 50.609],
          [8.130, 50.612],
          [8.132, 50.613],
          [8.133, 50.615],
          [8.134, 50.615],
          [8.136, 50.617],
          [8.137, 50.618],
          [8.136, 50.618],
          [8.135, 50.618],
          [8.135, 50.619],
          [8.137, 50.619],
          [8.138, 50.619],
          [8.138, 50.621],
          [8.138, 50.622],
          [8.137, 50.623],
          [8.139, 50.623],
          [8.140, 50.624],
          [8.139, 50.625],
          [8.141, 50.626],
          [8.140, 50.628],
          [8.139, 50.629],
          [8.140, 50.630],
          [8.140, 50.631]
        ]
      }
    },
    {
      "type": "Feature",
      "id": "way/53169918",
      "properties": {
        "admin_level": "4",
        "boundary": "administrative",
        "source": "Hessische Verwaltung für Bodenmanagement und Geoinformation - Digitale Verwaltungsgrenzen",
        "id": "way/53169918"
      },
      "geometry": {
        "type": "LineString",
        "coordinates": [
          [8.041, 50.557],
          [8.043, 50.557],
          [8.045, 50.557],
          [8.046, 50.556],
          [8.047, 50.555],
          [8.047, 50.554],
          [8.047, 50.553],
          [8.048, 50.553],
          [8.049, 50.552],
          [8.051, 50.552],
          [8.052, 50.552],
          [8.053, 50.552],
          [8.054, 50.552],
          [8.054, 50.551],
          [8.055, 50.552],
          [8.055, 50.551],
          [8.056, 50.551],
          [8.057, 50.551],
          [8.057, 50.550],
          [8.058, 50.550],
          [8.059, 50.550],
          [8.060, 50.549],
          [8.061, 50.549],
          [8.061, 50.550],
          [8.061, 50.549],
          [8.062, 50.549],
          [8.063, 50.549],
          [8.064, 50.549],
          [8.065, 50.549],
          [8.066, 50.549],
          [8.066, 50.548],
          [8.066, 50.547],
          [8.067, 50.546],
          [8.069, 50.545]
        ]
      }
    },
    {
      "type": "Feature",
      "id": "way/53169922",
      "properties": {
        "admin_level": "4",
        "boundary": "administrative",
        "source": "Hessische Verwaltung für Bodenmanagement und Geoinformation - Digitale Verwaltungsgrenzen",
        "id": "way/53169922"
      },
      "geometry": {
        "type": "LineString",
        "coordinates": [
          [8.069, 50.545],
          [8.069, 50.543],
          [8.069, 50.542],
          [8.069, 50.540],
          [8.070, 50.539],
          [8.070, 50.538],
          [8.070, 50.537]
        ]
      }
    },
    {
      "type": "Feature",
      "id": "way/53169928",
      "properties": {
        "admin_level": "4",
        "boundary": "administrative",
        "source": "Hessische Verwaltung für Bodenmanagement und Geoinformation - Digitale Verwaltungsgrenzen (Shapefile)",
        "id": "way/53169928"
      },
      "geometry": {
        "type": "LineString",
        "coordinates": [
          [8.137, 50.552],
          [8.135, 50.553],
          [8.136, 50.553],
          [8.134, 50.555],
          [8.134, 50.556],
          [8.133, 50.556],
          [8.132, 50.556],
          [8.132, 50.557],
          [8.132, 50.558],
          [8.133, 50.559],
          [8.133, 50.560],
          [8.133, 50.561],
          [8.135, 50.562],
          [8.134, 50.563],
          [8.136, 50.564],
          [8.136, 50.565],
          [8.137, 50.565],
          [8.138, 50.566],
          [8.139, 50.566],
          [8.139, 50.567],
          [8.139, 50.568],
          [8.139, 50.569],
          [8.140, 50.570],
          [8.140, 50.572],
          [8.141, 50.573],
          [8.142, 50.575],
          [8.143, 50.576],
          [8.144, 50.577],
          [8.145, 50.579],
          [8.146, 50.580],
          [8.147, 50.582]
        ]
      }
    },
    {
      "type": "Feature",
      "id": "way/53169939",
      "properties": {
        "admin_level": "4",
        "boundary": "administrative",
        "source": "Hessische Verwaltung für Bodenmanagement und Geoinformation - Digitale Verwaltungsgrenzen (Shapefile)",
        "id": "way/53169939"
      },
      "geometry": {
        "type": "LineString",
        "coordinates": [
          [8.147, 50.582],
          [8.146, 50.583],
          [8.147, 50.585],
          [8.148, 50.587],
          [8.150, 50.588],
          [8.152, 50.593],
          [8.152, 50.595],
          [8.151, 50.599]
        ]
      }
    },
    {
      "type": "Feature",
      "id": "way/53169966",
      "properties": {
        "admin_level": "4",
        "boundary": "administrative",
        "source": "Hessische Verwaltung für Bodenmanagement und Geoinformation - Digitale Verwaltungsgrenzen (Shapefile)",
        "id": "way/53169966"
      },
      "geometry": {
        "type": "LineString",
        "coordinates": [
          [8.112, 50.654],
          [8.110, 50.657],
          [8.109, 50.665],
          [8.110, 50.671],
          [8.112, 50.675]
        ]
      }
    },
    {
      "type": "Feature",
      "id": "way/53169970",
      "properties": {
        "admin_level": "4",
        "boundary": "administrative",
        "source": "Hessische Verwaltung für Bodenmanagement und Geoinformation - Digitale Verwaltungsgrenzen (Shapefile)",
        "id": "way/53169970"
      },
      "geometry": {
        "type": "LineString",
        "coordinates": [
          [8.120, 50.648],
          [8.118, 50.650]
        ]
      }
    },
    {
      "type": "Feature",
      "id": "way/53169972",
      "properties": {
        "admin_level": "4",
        "boundary": "administrative",
        "source": "Hessische Verwaltung für Bodenmanagement und Geoinformation - Digitale Verwaltungsgrenzen (Shapefile)",
        "id": "way/53169972"
      },
      "geometry": {
        "type": "LineString",
        "coordinates": [
          [8.114, 50.652]
        ]
      }
    },
    {
      "type": "Feature",
      "id": "way/53169973",
      "properties": {
        "admin_level": "4",
        "boundary": "administrative",
        "source": "Hessische Verwaltung für Bodenmanagement und Geoinformation - Digitale Verwaltungsgrenzen (Shapefile)",
        "id": "way/53169973"
      },
      "geometry": {
        "type": "LineString",
        "coordinates": [
          [8.114, 50.652],
          [8.112, 50.654]
        ]
      }
    },
    {
      "type": "Feature",
      "id": "way/53169975",
      "properties": {
        "admin_level": "4",
        "boundary": "administrative",
        "source": "Hessische Verwaltung für Bodenmanagement und Geoinformation - Digitale Verwaltungsgrenzen (Shapefile)",
        "id": "way/53169975"
      },
      "geometry": {
        "type": "LineString",
        "coordinates": [
          [8.112, 50.675],
          [8.113, 50.675],
          [8.114, 50.675],
          [8.115, 50.675],
          [8.115, 50.676],
          [8.116, 50.676],
          [8.117, 50.676],
          [8.118, 50.676],
          [8.119, 50.676],
          [8.119, 50.677],
          [8.120, 50.677],
          [8.120, 50.678]
        ]
      }
    },
    {
      "type": "Feature",
      "id": "way/53246453",
      "properties": {
        "admin_level": "4",
        "boundary": "administrative",
        "source": "Hessische Verwaltung für Bodenmanagement und Geoinformation - Digitale Verwaltungsgrenzen (Shapefile)",
        "id": "way/53246453"
      },
      "geometry": {
        "type": "LineString",
        "coordinates": [
          [7.989, 50.442],
          [7.990, 50.444],
          [8.001, 50.445]
        ]
      }
    },
    {
      "type": "Feature",
      "id": "way/53246490",
      "properties": {
        "admin_level": "4",
        "boundary": "administrative",
        "source": "Hessische Verwaltung für Bodenmanagement und Geoinformation - Digitale Verwaltungsgrenzen (Shapefile)",
        "id": "way/53246490"
      },
      "geometry": {
        "type": "LineString",
        "coordinates": [
          [7.987, 50.472],
          [7.987, 50.473],
          [7.987, 50.474],
          [7.988, 50.474],
          [7.988, 50.475],
          [7.987, 50.475],
          [7.986, 50.474],
          [7.986, 50.475],
          [7.985, 50.475],
          [7.985, 50.476],
          [7.985, 50.477],
          [7.986, 50.477],
          [7.986, 50.478],
          [7.987, 50.478],
          [7.987, 50.479],
          [7.986, 50.479],
          [7.986, 50.481],
          [7.985, 50.481],
          [7.985, 50.482],
          [7.984, 50.482],
          [7.983, 50.482],
          [7.982, 50.482],
          [7.979, 50.484],
          [7.979, 50.485],
          [7.979, 50.486],
          [7.978, 50.486],
          [7.978, 50.487],
          [7.978, 50.488],
          [7.979, 50.488],
          [7.979, 50.489],
          [7.980, 50.489],
          [7.980, 50.490],
          [7.980, 50.491],
          [7.980, 50.492],
          [7.980, 50.493],
          [7.981, 50.493],
          [7.980, 50.493],
          [7.980, 50.494]
        ]
      }
    },
    {
      "type": "Feature",
      "id": "way/53246516",
      "properties": {
        "admin_level": "4",
        "boundary": "administrative",
        "source": "Hessische Verwaltung für Bodenmanagement und Geoinformation - Digitale Verwaltungsgrenzen",
        "id": "way/53246516"
      },
      "geometry": {
        "type": "LineString",
        "coordinates": [
          [7.978, 50.495],
          [7.979, 50.495],
          [7.980, 50.495],
          [7.981, 50.495],
          [7.982, 50.495],
          [7.983, 50.495],
          [7.982, 50.495],
          [7.983, 50.496],
          [7.984, 50.496],
          [7.986, 50.496],
          [7.988, 50.497],
          [7.989, 50.498],
          [7.988, 50.499],
          [7.987, 50.500],
          [7.986, 50.501],
          [7.985, 50.503],
          [7.985, 50.505],
          [7.985, 50.506],
          [7.984, 50.506],
          [7.984, 50.507],
          [7.984, 50.508],
          [7.984, 50.509],
          [7.983, 50.510],
          [7.982, 50.511]
        ]
      }
    },
    {
      "type": "Feature",
      "id": "way/53282682",
      "properties": {
        "admin_level": "4",
        "boundary": "administrative",
        "source": "Hessische Verwaltung für Bodenmanagement und Geoinformation - Digitale Verwaltungsgrenzen",
        "id": "way/53282682"
      },
      "geometry": {
        "type": "LineString",
        "coordinates": [
          [7.999, 50.527],
          [8.002, 50.528],
          [8.003, 50.529],
          [8.004, 50.530],
          [8.005, 50.530],
          [8.009, 50.529]
        ]
      }
    },
    {
      "type": "Feature",
      "id": "way/53282708",
      "properties": {
        "admin_level": "4",
        "boundary": "administrative",
        "source": "Hessische Verwaltung für Bodenmanagement und Geoinformation - Digitale Verwaltungsgrenzen",
        "id": "way/53282708"
      },
      "geometry": {
        "type": "LineString",
        "coordinates": [
          [7.995, 50.519],
          [7.994, 50.520],
          [7.992, 50.522],
          [7.994, 50.523],
          [7.996, 50.524]
        ]
      }
    },
    {
      "type": "Feature",
      "id": "way/53282711",
      "properties": {
        "admin_level": "4",
        "boundary": "administrative",
        "source": "Hessische Verwaltung für Bodenmanagement und Geoinformation - Digitale Verwaltungsgrenzen",
        "id": "way/53282711"
      },
      "geometry": {
        "type": "LineString",
        "coordinates": [
          [7.990, 50.514],
          [7.993, 50.515],
          [7.996, 50.517],
          [7.996, 50.518],
          [7.995, 50.519]
        ]
      }
    },
    {
      "type": "Feature",
      "id": "way/53282746",
      "properties": {
        "admin_level": "4",
        "boundary": "administrative",
        "source": "Hessische Verwaltung für Bodenmanagement und Geoinformation - Digitale Verwaltungsgrenzen",
        "id": "way/53282746"
      },
      "geometry": {
        "type": "LineString",
        "coordinates": [
          [8.024, 50.542],
          [8.025, 50.542],
          [8.026, 50.543],
          [8.028, 50.544],
          [8.028, 50.545],
          [8.027, 50.546],
          [8.028, 50.547],
          [8.029, 50.548],
          [8.029, 50.549],
          [8.028, 50.549],
          [8.028, 50.550],
          [8.029, 50.550],
          [8.030, 50.550],
          [8.031, 50.550],
          [8.033, 50.551]
        ]
      }
    },
    {
      "type": "Feature",
      "id": "way/53378694",
      "properties": {
        "admin_level": "5",
        "boundary": "administrative",
        "source": "Hessische Verwaltung für Bodenmanagement und Geoinformation - Digitale Verwaltungsgrenzen",
        "id": "way/53378694"
      },
      "geometry": {
        "type": "LineString",
        "coordinates": [
          [9.473, 50.442],
          [9.472, 50.441],
          [9.471, 50.441],
          [9.471, 50.440],
          [9.471, 50.439],
          [9.470, 50.439],
          [9.469, 50.439],
          [9.468, 50.439],
          [9.467, 50.439],
          [9.466, 50.440],
          [9.463, 50.437],
          [9.463, 50.436],
          [9.463, 50.435],
          [9.462, 50.435],
          [9.461, 50.435],
          [9.460, 50.434],
          [9.459, 50.434],
          [9.458, 50.433],
          [9.458, 50.432],
          [9.457, 50.432],
          [9.456, 50.432],
          [9.456, 50.433],
          [9.455, 50.433],
          [9.455, 50.432],
          [9.454, 50.432],
          [9.453, 50.431],
          [9.454, 50.431],
          [9.454, 50.430],
          [9.454, 50.429],
          [9.454, 50.428],
          [9.453, 50.428],
          [9.452, 50.428],
          [9.451, 50.427],
          [9.451, 50.426],
          [9.450, 50.426],
          [9.449, 50.425],
          [9.448, 50.425],
          [9.447, 50.425],
          [9.446, 50.425],
          [9.446, 50.426],
          [9.445, 50.427],
          [9.444, 50.428],
          [9.443, 50.428],
          [9.442, 50.428],
          [9.442, 50.430],
          [9.441, 50.429],
          [9.440, 50.429],
          [9.436, 50.430]
        ]
      }
    },
    {
      "type": "Feature",
      "id": "way/53378695",
      "properties": {
        "admin_level": "5",
        "boundary": "administrative",
        "source": "Hessische Verwaltung für Bodenmanagement und Geoinformation - Digitale Verwaltungsgrenzen",
        "id": "way/53378695"
      },
      "geometry": {
        "type": "LineString",
        "coordinates": [
          [9.520, 50.397],
          [9.521, 50.397],
          [9.522, 50.397],
          [9.523, 50.397],
          [9.523, 50.396],
          [9.524, 50.396],
          [9.525, 50.396],
          [9.526, 50.396],
          [9.526, 50.395],
          [9.527, 50.395],
          [9.528, 50.395],
          [9.529, 50.394],
          [9.530, 50.394],
          [9.531, 50.394],
          [9.533, 50.394],
          [9.533, 50.393],
          [9.534, 50.393],
          [9.535, 50.391],
          [9.536, 50.391],
          [9.537, 50.391],
          [9.537, 50.390],
          [9.536, 50.390],
          [9.537, 50.390],
          [9.538, 50.390],
          [9.539, 50.390],
          [9.539, 50.389]
        ]
      }
    },
    {
      "type": "Feature",
      "id": "way/53378698",
      "properties": {
        "admin_level": "5",
        "boundary": "administrative",
        "source": "Hessische Verwaltung für Bodenmanagement und Geoinformation - Digitale Verwaltungsgrenzen",
        "id": "way/53378698"
      },
      "geometry": {
        "type": "LineString",
        "coordinates": [
          [9.733, 50.356],
          [9.732, 50.356],
          [9.731, 50.356],
          [9.730, 50.356],
          [9.730, 50.357],
          [9.729, 50.357],
          [9.728, 50.357],
          [9.728, 50.358],
          [9.726, 50.358],
          [9.725, 50.358],
          [9.725, 50.359],
          [9.723, 50.359],
          [9.722, 50.360],
          [9.721, 50.359],
          [9.720, 50.359],
          [9.719, 50.359],
          [9.718, 50.359],
          [9.717, 50.359],
          [9.717, 50.360],
          [9.716, 50.360],
          [9.715, 50.360],
          [9.714, 50.360],
          [9.713, 50.360],
          [9.712, 50.360],
          [9.712, 50.359],
          [9.711, 50.359],
          [9.708, 50.360],
          [9.708, 50.359],
          [9.707, 50.359],
          [9.706, 50.359],
          [9.705, 50.359],
          [9.704, 50.359],
          [9.704, 50.360],
          [9.703, 50.360],
          [9.702, 50.360],
          [9.701, 50.360],
          [9.700, 50.360],
          [9.699, 50.359],
          [9.698, 50.359],
          [9.697, 50.359],
          [9.696, 50.359],
          [9.695, 50.359],
          [9.694, 50.359],
          [9.693, 50.360],
          [9.692, 50.360],
          [9.691, 50.360],
          [9.690, 50.361],
          [9.689, 50.361],
          [9.689, 50.362],
          [9.688, 50.362],
          [9.688, 50.363],
          [9.688, 50.364],
          [9.687, 50.364],
          [9.687, 50.365],
          [9.686, 50.365],
          [9.685, 50.366],
          [9.684, 50.367],
          [9.684, 50.368],
          [9.683, 50.368],
          [9.682, 50.368]
        ]
      }
    },
    {
      "type": "Feature",
      "id": "way/53582093",
      "properties": {
        "admin_level": "4",
        "boundary": "administrative",
        "id": "way/53582093"
      },
      "geometry": {
        "type": "LineString",
        "coordinates": [
          [7.989, 50.400],
          [7.988, 50.400],
          [7.988, 50.399],
          [7.987, 50.399],
          [7.986, 50.399],
          [7.985, 50.399],
          [7.984, 50.399],
          [7.984, 50.398],
          [7.983, 50.398],
          [7.984, 50.398],
          [7.984, 50.397],
          [7.985, 50.397],
          [7.986, 50.397],
          [7.987, 50.397],
          [7.988, 50.398],
          [7.989, 50.398]
        ]
      }
    },
    {
      "type": "Feature",
      "id": "way/53582107",
      "properties": {
        "admin_level": "4",
        "boundary": "administrative",
        "id": "way/53582107"
      },
      "geometry": {
        "type": "LineString",
        "coordinates": [
          [8.062, 50.370],
          [8.059, 50.375],
          [8.059, 50.374],
          [8.058, 50.373],
          [8.057, 50.373],
          [8.055, 50.373],
          [8.052, 50.375]
        ]
      }
    },
    {
      "type": "Feature",
      "id": "way/53582108",
      "properties": {
        "admin_level": "4",
        "boundary": "administrative",
        "source": "Hessische Verwaltung für Bodenmanagement und Geoinformation - Digitale Verwaltungsgrenzen (Shapefile)",
        "id": "way/53582108"
      },
      "geometry": {
        "type": "LineString",
        "coordinates": [
          [8.014, 50.384],
          [8.015, 50.384],
          [8.016, 50.384],
          [8.016, 50.385],
          [8.017, 50.385],
          [8.018, 50.385],
          [8.018, 50.386],
          [8.019, 50.386],
          [8.020, 50.386],
          [8.020, 50.387],
          [8.019, 50.387]
        ]
      }
    },
    {
      "type": "Feature",
      "id": "way/53772064",
      "properties": {
        "admin_level": "4",
        "boundary": "administrative",
        "source": "ALKIS Hessen + Shapefiles",
        "id": "way/53772064"
      },
      "geometry": {
        "type": "LineString",
        "coordinates": [
          [8.121, 50.277],
          [8.121, 50.276],
          [8.120, 50.276],
          [8.120, 50.275],
          [8.119, 50.275],
          [8.118, 50.275],
          [8.118, 50.274],
          [8.117, 50.274],
          [8.117, 50.273],
          [8.116, 50.273],
          [8.115, 50.273],
          [8.115, 50.272],
          [8.114, 50.272],
          [8.113, 50.272],
          [8.113, 50.271],
          [8.112, 50.270],
          [8.111, 50.270]
        ]
      }
    },
    {
      "type": "Feature",
      "id": "way/53772065",
      "properties": {
        "admin_level": "4",
        "boundary": "administrative",
        "source": "Hessische Verwaltung für Bodenmanagement und Geoinformation - Digitale Verwaltungsgrenzen (Shapefile)",
        "id": "way/53772065"
      },
      "geometry": {
        "type": "LineString",
        "coordinates": [
          [8.042, 50.272],
          [8.043, 50.272],
          [8.044, 50.272],
          [8.049, 50.274],
          [8.049, 50.273],
          [8.051, 50.273],
          [8.053, 50.273],
          [8.054, 50.273],
          [8.053, 50.273],
          [8.054, 50.273],
          [8.054, 50.272],
          [8.055, 50.272],
          [8.056, 50.272],
          [8.056, 50.273],
          [8.059, 50.273]
        ]
      }
    },
    {
      "type": "Feature",
      "id": "way/53772066",
      "properties": {
        "admin_level": "4",
        "boundary": "administrative",
        "source": "Hessische Verwaltung für Bodenmanagement und Geoinformation - Digitale Verwaltungsgrenzen (Shapefile)",
        "id": "way/53772066"
      },
      "geometry": {
        "type": "LineString",
        "coordinates": [
          [8.059, 50.273],
          [8.060, 50.272],
          [8.061, 50.272],
          [8.062, 50.273],
          [8.064, 50.273],
          [8.064, 50.272],
          [8.066, 50.272],
          [8.067, 50.272],
          [8.068, 50.272],
          [8.069, 50.272],
          [8.070, 50.272],
          [8.071, 50.273],
          [8.072, 50.273],
          [8.073, 50.271],
          [8.073, 50.270],
          [8.073, 50.269],
          [8.073, 50.268],
          [8.074, 50.267],
          [8.074, 50.266],
          [8.075, 50.266],
          [8.080, 50.266],
          [8.082, 50.265],
          [8.082, 50.264],
          [8.081, 50.264],
          [8.081, 50.263],
          [8.080, 50.263],
          [8.080, 50.262],
          [8.079, 50.261],
          [8.078, 50.260]
        ]
      }
    },
    {
      "type": "Feature",
      "id": "way/53772070",
      "properties": {
        "admin_level": "4",
        "boundary": "administrative",
        "source": "Hessische Verwaltung für Bodenmanagement und Geoinformation - Digitale Verwaltungsgrenzen (Shapefile)",
        "id": "way/53772070"
      },
      "geometry": {
        "type": "LineString",
        "coordinates": [
          [8.086, 50.329],
          [8.085, 50.330],
          [8.084, 50.330],
          [8.083, 50.330],
          [8.082, 50.330],
          [8.081, 50.330],
          [8.081, 50.331],
          [8.080, 50.331],
          [8.079, 50.331],
          [8.079, 50.330],
          [8.078, 50.330],
          [8.077, 50.330],
          [8.076, 50.330],
          [8.073, 50.330],
          [8.073, 50.331],
          [8.071, 50.331],
          [8.072, 50.332],
          [8.071, 50.332]
        ]
      }
    },
    {
      "type": "Feature",
      "id": "way/53772084",
      "properties": {
        "admin_level": "4",
        "boundary": "administrative",
        "source": "Hessische Verwaltung für Bodenmanagement und Geoinformation - Digitale Verwaltungsgrenzen (Shapefile)",
        "id": "way/53772084"
      },
      "geometry": {
        "type": "LineString",
        "coordinates": [
          [8.071, 50.332],
          [8.071, 50.333],
          [8.072, 50.333],
          [8.072, 50.334],
          [8.073, 50.334],
          [8.074, 50.334],
          [8.074, 50.335],
          [8.075, 50.335],
          [8.076, 50.335],
          [8.076, 50.336],
          [8.076, 50.337],
          [8.076, 50.338],
          [8.077, 50.338],
          [8.076, 50.339],
          [8.077, 50.339],
          [8.077, 50.340],
          [8.076, 50.341],
          [8.077, 50.342],
          [8.076, 50.342]
        ]
      }
    },
    {
      "type": "Feature",
      "id": "way/53772089",
      "properties": {
        "admin_level": "4",
        "boundary": "administrative",
        "source": "Hessische Verwaltung für Bodenmanagement und Geoinformation - Digitale Verwaltungsgrenzen (Shapefile)",
        "id": "way/53772089"
      },
      "geometry": {
        "type": "LineString",
        "coordinates": [
          [8.102, 50.327],
          [8.101, 50.327],
          [8.100, 50.327],
          [8.100, 50.326],
          [8.099, 50.326],
          [8.099, 50.327],
          [8.096, 50.326],
          [8.096, 50.327],
          [8.095, 50.327],
          [8.094, 50.327],
          [8.093, 50.327],
          [8.093, 50.328],
          [8.094, 50.329],
          [8.093, 50.329],
          [8.094, 50.330],
          [8.093, 50.330],
          [8.091, 50.330],
          [8.090, 50.330],
          [8.089, 50.329],
          [8.088, 50.329],
          [8.087, 50.329],
          [8.086, 50.329]
        ]
      }
    },
    {
      "type": "Feature",
      "id": "way/53819796",
      "properties": {
        "admin_level": "4",
        "boundary": "administrative",
        "source": "ALKIS Hessen + Shapefiles",
        "id": "way/53819796"
      },
      "geometry": {
        "type": "LineString",
        "coordinates": [
          [8.049, 50.244],
          [8.048, 50.240],
          [8.049, 50.240],
          [8.050, 50.239],
          [8.051, 50.239],
          [8.051, 50.238],
          [8.051, 50.237],
          [8.053, 50.237],
          [8.054, 50.236],
          [8.055, 50.236],
          [8.057, 50.235],
          [8.056, 50.235],
          [8.058, 50.234],
          [8.057, 50.233],
          [8.056, 50.233],
          [8.055, 50.233],
          [8.055, 50.232],
          [8.054, 50.232],
          [8.053, 50.231],
          [8.052, 50.231],
          [8.052, 50.230],
          [8.051, 50.230],
          [8.050, 50.230],
          [8.049, 50.229],
          [8.048, 50.228],
          [8.047, 50.228],
          [8.047, 50.227],
          [8.047, 50.228],
          [8.047, 50.227],
          [8.046, 50.227],
          [8.045, 50.227],
          [8.044, 50.227],
          [8.043, 50.227],
          [8.042, 50.227],
          [8.041, 50.227],
          [8.040, 50.226]
        ]
      }
    },
    {
      "type": "Feature",
      "id": "way/53819799",
      "properties": {
        "admin_level": "4",
        "boundary": "administrative",
        "id": "way/53819799"
      },
      "geometry": {
        "type": "LineString",
        "coordinates": [
          [7.990, 50.238],
          [7.989, 50.238],
          [7.988, 50.238],
          [7.988, 50.237],
          [7.989, 50.237],
          [7.988, 50.237],
          [7.987, 50.237],
          [7.988, 50.236],
          [7.988, 50.235],
          [7.987, 50.234],
          [7.986, 50.234],
          [7.986, 50.233],
          [7.986, 50.232],
          [7.987, 50.232],
          [7.988, 50.231],
          [7.988, 50.230],
          [7.987, 50.230],
          [7.987, 50.229],
          [7.986, 50.228],
          [7.986, 50.227],
          [7.985, 50.227],
          [7.984, 50.226],
          [7.983, 50.226],
          [7.981, 50.226],
          [7.980, 50.226],
          [7.980, 50.225],
          [7.979, 50.225],
          [7.978, 50.225],
          [7.977, 50.224],
          [7.976, 50.224],
          [7.974, 50.225],
          [7.973, 50.225],
          [7.972, 50.224],
          [7.971, 50.223],
          [7.971, 50.222],
          [7.970, 50.222],
          [7.969, 50.222],
          [7.967, 50.221],
          [7.966, 50.221]
        ]
      }
    },
    {
      "type": "Feature",
      "id": "way/53819801",
      "properties": {
        "admin_level": "4",
        "boundary": "administrative",
        "source": "Hessische Verwaltung für Bodenmanagement und Geoinformation - Digitale Verwaltungsgrenzen (Shapefile)",
        "id": "way/53819801"
      },
      "geometry": {
        "type": "LineString",
        "coordinates": [
          [7.990, 50.238],
          [7.990, 50.237],
          [7.991, 50.236],
          [7.993, 50.236],
          [7.994, 50.236],
          [7.995, 50.236],
          [7.997, 50.236],
          [7.995, 50.234],
          [7.994, 50.233],
          [7.992, 50.232],
          [7.993, 50.231],
          [7.995, 50.232],
          [7.997, 50.231],
          [7.999, 50.230]
        ]
      }
    },
    {
      "type": "Feature",
      "id": "way/53819803",
      "properties": {
        "admin_level": "4",
        "boundary": "administrative",
        "source": "Hessische Verwaltung für Bodenmanagement und Geoinformation - Digitale Verwaltungsgrenzen (Shapefile)",
        "id": "way/53819803"
      },
      "geometry": {
        "type": "LineString",
        "coordinates": [
          [7.999, 50.230],
          [7.999, 50.229],
          [8.000, 50.229],
          [8.001, 50.228],
          [8.002, 50.228],
          [8.004, 50.228],
          [8.005, 50.228]
        ]
      }
    },
    {
      "type": "Feature",
      "id": "way/53819825",
      "properties": {
        "admin_level": "4",
        "boundary": "administrative",
        "source": "Hessische Verwaltung für Bodenmanagement und Geoinformation - Digitale Verwaltungsgrenzen (Shapefile)",
        "id": "way/53819825"
      },
      "geometry": {
        "type": "LineString",
        "coordinates": [
          [8.005, 50.228],
          [8.006, 50.228],
          [8.005, 50.227],
          [8.005, 50.226],
          [8.004, 50.225],
          [8.003, 50.225],
          [8.003, 50.224],
          [8.002, 50.224],
          [8.004, 50.223],
          [8.005, 50.223],
          [8.006, 50.223],
          [8.007, 50.223],
          [8.009, 50.222],
          [8.010, 50.222],
          [8.011, 50.222],
          [8.011, 50.221],
          [8.012, 50.220],
          [8.012, 50.219],
          [8.012, 50.218],
          [8.011, 50.218],
          [8.012, 50.217],
          [8.013, 50.217],
          [8.014, 50.217],
          [8.015, 50.217],
          [8.016, 50.217],
          [8.017, 50.216],
          [8.018, 50.216],
          [8.019, 50.216],
          [8.020, 50.216],
          [8.022, 50.217],
          [8.023, 50.217],
          [8.025, 50.216],
          [8.026, 50.216],
          [8.027, 50.216],
          [8.027, 50.215],
          [8.028, 50.215],
          [8.029, 50.215],
          [8.030, 50.215],
          [8.031, 50.215],
          [8.032, 50.215],
          [8.033, 50.215],
          [8.034, 50.215]
        ]
      }
    },
    {
      "type": "Feature",
      "id": "way/53819826",
      "properties": {
        "admin_level": "4",
        "boundary": "administrative",
        "source": "Hessische Verwaltung für Bodenmanagement und Geoinformation - Digitale Verwaltungsgrenzen (Shapefile)",
        "id": "way/53819826"
      },
      "geometry": {
        "type": "LineString",
        "coordinates": [
          [8.037, 50.249],
          [8.034, 50.252],
          [8.031, 50.255]
        ]
      }
    },
    {
      "type": "Feature",
      "id": "way/53819828",
      "properties": {
        "admin_level": "4",
        "boundary": "administrative",
        "source": "Hessische Verwaltung für Bodenmanagement und Geoinformation - Digitale Verwaltungsgrenzen (Shapefile)",
        "id": "way/53819828"
      },
      "geometry": {
        "type": "LineString",
        "coordinates": [
          [8.021, 50.258],
          [8.022, 50.258],
          [8.025, 50.260],
          [8.025, 50.261],
          [8.026, 50.261],
          [8.027, 50.261],
          [8.028, 50.262],
          [8.029, 50.262],
          [8.030, 50.263],
          [8.032, 50.263],
          [8.033, 50.263]
        ]
      }
    },
    {
      "type": "Feature",
      "id": "way/53840427",
      "properties": {
        "admin_level": "4",
        "boundary": "administrative",
        "source": "Hessische Verwaltung für Bodenmanagement und Geoinformation - Digitale Verwaltungsgrenzen (Shapefile)",
        "id": "way/53840427"
      },
      "geometry": {
        "type": "LineString",
        "coordinates": [
          [7.830, 50.092],
          [7.831, 50.093],
          [7.831, 50.094],
          [7.832, 50.095],
          [7.831, 50.095],
          [7.831, 50.096],
          [7.832, 50.096],
          [7.831, 50.097],
          [7.830, 50.097],
          [7.829, 50.097],
          [7.829, 50.098],
          [7.830, 50.098],
          [7.831, 50.098],
          [7.831, 50.099],
          [7.832, 50.099],
          [7.834, 50.099],
          [7.833, 50.099],
          [7.834, 50.099],
          [7.836, 50.099],
          [7.837, 50.099],
          [7.837, 50.100],
          [7.838, 50.100],
          [7.838, 50.101],
          [7.839, 50.101],
          [7.838, 50.101],
          [7.838, 50.102],
          [7.837, 50.102],
          [7.836, 50.102],
          [7.836, 50.103],
          [7.835, 50.103],
          [7.836, 50.103],
          [7.835, 50.103],
          [7.834, 50.103],
          [7.835, 50.104],
          [7.835, 50.105],
          [7.834, 50.105],
          [7.834, 50.106],
          [7.835, 50.106],
          [7.836, 50.106],
          [7.837, 50.106],
          [7.837, 50.107],
          [7.837, 50.108],
          [7.837, 50.109],
          [7.836, 50.109],
          [7.835, 50.109],
          [7.835, 50.110]
        ]
      }
    },
    {
      "type": "Feature",
      "id": "way/53840428",
      "properties": {
        "admin_level": "4",
        "boundary": "administrative",
        "source": "Hessische Verwaltung für Bodenmanagement und Geoinformation - Digitale Verwaltungsgrenzen (Shapefile)",
        "id": "way/53840428"
      },
      "geometry": {
        "type": "LineString",
        "coordinates": [
          [7.796, 50.077],
          [7.797, 50.077],
          [7.797, 50.078],
          [7.798, 50.078],
          [7.798, 50.079],
          [7.799, 50.080],
          [7.800, 50.081],
          [7.800, 50.082],
          [7.801, 50.083],
          [7.802, 50.084],
          [7.803, 50.084],
          [7.804, 50.084],
          [7.805, 50.084],
          [7.807, 50.084],
          [7.808, 50.084],
          [7.809, 50.084],
          [7.810, 50.084],
          [7.812, 50.083],
          [7.813, 50.083],
          [7.814, 50.083],
          [7.815, 50.083],
          [7.815, 50.082],
          [7.815, 50.081],
          [7.816, 50.081],
          [7.816, 50.080],
          [7.817, 50.080],
          [7.818, 50.080],
          [7.819, 50.080],
          [7.820, 50.081]
        ]
      }
    },
    {
      "type": "Feature",
      "id": "way/53840454",
      "properties": {
        "admin_level": "4",
        "boundary": "administrative",
        "source": "Hessische Verwaltung für Bodenmanagement und Geoinformation - Digitale Verwaltungsgrenzen (Shapefile)",
        "id": "way/53840454"
      },
      "geometry": {
        "type": "LineString",
        "coordinates": [
          [7.847, 50.123],
          [7.847, 50.124],
          [7.848, 50.125],
          [7.849, 50.126],
          [7.851, 50.127],
          [7.852, 50.127],
          [7.854, 50.128]
        ]
      }
    },
    {
      "type": "Feature",
      "id": "way/53840455",
      "properties": {
        "admin_level": "4",
        "boundary": "administrative",
        "source": "Hessische Verwaltung für Bodenmanagement und Geoinformation - Digitale Verwaltungsgrenzen (Shapefile)",
        "id": "way/53840455"
      },
      "geometry": {
        "type": "LineString",
        "coordinates": [
          [7.835, 50.110],
          [7.838, 50.109],
          [7.841, 50.110],
          [7.843, 50.111],
          [7.844, 50.111],
          [7.844, 50.112],
          [7.845, 50.113]
        ]
      }
    },
    {
      "type": "Feature",
      "id": "way/53899536",
      "properties": {
        "admin_level": "4",
        "boundary": "administrative",
        "source": "Hessische Verwaltung für Bodenmanagement und Geoinformation - Digitale Verwaltungsgrenzen (Shapefile)",
        "id": "way/53899536"
      },
      "geometry": {
        "type": "LineString",
        "coordinates": [
          [7.868, 50.121],
          [7.868, 50.120],
          [7.869, 50.119],
          [7.871, 50.119],
          [7.875, 50.119],
          [7.877, 50.117],
          [7.878, 50.115],
          [7.879, 50.116],
          [7.881, 50.116],
          [7.882, 50.116],
          [7.883, 50.115],
          [7.883, 50.114],
          [7.884, 50.114]
        ]
      }
    },
    {
      "type": "Feature",
      "id": "way/53899540",
      "properties": {
        "admin_level": "4",
        "boundary": "administrative",
        "source": "Hessische Verwaltung für Bodenmanagement und Geoinformation - Digitale Verwaltungsgrenzen (Shapefile)",
        "id": "way/53899540"
      },
      "geometry": {
        "type": "LineString",
        "coordinates": [
          [7.911, 50.152],
          [7.911, 50.153],
          [7.909, 50.154],
          [7.908, 50.155],
          [7.906, 50.156],
          [7.903, 50.158],
          [7.902, 50.158]
        ]
      }
    },
    {
      "type": "Feature",
      "id": "way/53899541",
      "properties": {
        "admin_level": "4",
        "boundary": "administrative",
        "source": "Hessische Verwaltung für Bodenmanagement und Geoinformation - Digitale Verwaltungsgrenzen (Shapefile)",
        "id": "way/53899541"
      },
      "geometry": {
        "type": "LineString",
        "coordinates": [
          [7.883, 50.180],
          [7.882, 50.180],
          [7.882, 50.181],
          [7.883, 50.181],
          [7.884, 50.181],
          [7.885, 50.181],
          [7.885, 50.182],
          [7.886, 50.182],
          [7.887, 50.182],
          [7.888, 50.182],
          [7.888, 50.183],
          [7.889, 50.183],
          [7.890, 50.183],
          [7.891, 50.184],
          [7.891, 50.185],
          [7.892, 50.185],
          [7.893, 50.185],
          [7.894, 50.185],
          [7.894, 50.186],
          [7.895, 50.186],
          [7.895, 50.187],
          [7.896, 50.187],
          [7.896, 50.188],
          [7.897, 50.188],
          [7.898, 50.188],
          [7.899, 50.188],
          [7.900, 50.189],
          [7.901, 50.189],
          [7.902, 50.190],
          [7.903, 50.190],
          [7.904, 50.190],
          [7.905, 50.191],
          [7.906, 50.191]
        ]
      }
    },
    {
      "type": "Feature",
      "id": "way/53899569",
      "properties": {
        "admin_level": "4",
        "boundary": "administrative",
        "source": "Hessische Verwaltung für Bodenmanagement und Geoinformation - Digitale Verwaltungsgrenzen (Shapefile)",
        "id": "way/53899569"
      },
      "geometry": {
        "type": "LineString",
        "coordinates": [
          [7.898, 50.159],
          [7.897, 50.159],
          [7.896, 50.160],
          [7.895, 50.160],
          [7.894, 50.161],
          [7.892, 50.161],
          [7.891, 50.162],
          [7.889, 50.163],
          [7.888, 50.164],
          [7.888, 50.165],
          [7.887, 50.165],
          [7.886, 50.166],
          [7.885, 50.167],
          [7.884, 50.168],
          [7.885, 50.168],
          [7.885, 50.169],
          [7.884, 50.170]
        ]
      }
    },
    {
      "type": "Feature",
      "id": "way/53899591",
      "properties": {
        "admin_level": "4",
        "boundary": "administrative",
        "source": "Hessische Verwaltung für Bodenmanagement und Geoinformation - Digitale Verwaltungsgrenzen (Shapefile)",
        "id": "way/53899591"
      },
      "geometry": {
        "type": "LineString",
        "coordinates": [
          [7.902, 50.158],
          [7.900, 50.158],
          [7.898, 50.159]
        ]
      }
    },
    {
      "type": "Feature",
      "id": "way/53899660",
      "properties": {
        "admin_level": "4",
        "boundary": "administrative",
        "source": "Hessische Verwaltung für Bodenmanagement und Geoinformation - Digitale Verwaltungsgrenzen (Shapefile)",
        "id": "way/53899660"
      },
      "geometry": {
        "type": "LineString",
        "coordinates": [
          [7.913, 50.150],
          [7.913, 50.151],
          [7.912, 50.151],
          [7.911, 50.151],
          [7.911, 50.152]
        ]
      }
    },
    {
      "type": "Feature",
      "id": "way/53899662",
      "properties": {
        "admin_level": "4",
        "boundary": "administrative",
        "source": "Hessische Verwaltung für Bodenmanagement und Geoinformation - Digitale Verwaltungsgrenzen (Shapefile)",
        "id": "way/53899662"
      },
      "geometry": {
        "type": "LineString",
        "coordinates": [
          [7.917, 50.149],
          [7.916, 50.149],
          [7.916, 50.150],
          [7.914, 50.150],
          [7.913, 50.150]
        ]
      }
    },
    {
      "type": "Feature",
      "id": "way/56701215",
      "properties": {
        "admin_level": "4",
        "boundary": "administrative",
        "source": "Hessische Verwaltung für Bodenmanagement und Geoinformation - Digitale Verwaltungsgrenzen (Shapefile)",
        "id": "way/56701215"
      },
      "geometry": {
        "type": "LineString",
        "coordinates": [
          [7.870, 49.975],
          [7.869, 49.975],
          [7.867, 49.978],
          [7.865, 49.980]
        ]
      }
    },
    {
      "type": "Feature",
      "id": "way/56701223",
      "properties": {
        "admin_level": "4",
        "boundary": "administrative",
        "source": "Hessische Verwaltung für Bodenmanagement und Geoinformation - Digitale Verwaltungsgrenzen",
        "id": "way/56701223"
      },
      "geometry": {
        "type": "LineString",
        "coordinates": [
          [8.351, 49.904],
          [8.351, 49.905],
          [8.353, 49.907],
          [8.353, 49.908],
          [8.354, 49.910],
          [8.354, 49.912],
          [8.354, 49.913],
          [8.354, 49.915],
          [8.354, 49.916],
          [8.354, 49.917],
          [8.354, 49.918],
          [8.353, 49.919],
          [8.352, 49.921],
          [8.349, 49.927],
          [8.347, 49.930]
        ]
      }
    },
    {
      "type": "Feature",
      "id": "way/56701231",
      "properties": {
        "admin_level": "4",
        "boundary": "administrative",
        "source": "Hessische Verwaltung für Bodenmanagement und Geoinformation - Digitale Verwaltungsgrenzen (Shapefile)",
        "id": "way/56701231"
      },
      "geometry": {
        "type": "LineString",
        "coordinates": [
          [8.131, 50.024],
          [8.130, 50.024],
          [8.129, 50.024],
          [8.127, 50.023],
          [8.125, 50.023],
          [8.121, 50.022],
          [8.120, 50.021],
          [8.117, 50.020],
          [8.111, 50.018]
        ]
      }
    },
    {
      "type": "Feature",
      "id": "way/56701240",
      "properties": {
        "admin_level": "4",
        "boundary": "administrative",
        "source": "Hessische Verwaltung für Bodenmanagement und Geoinformation - Digitale Verwaltungsgrenzen (Shapefile)",
        "id": "way/56701240"
      },
      "geometry": {
        "type": "LineString",
        "coordinates": [
          [7.976, 49.980],
          [7.975, 49.979],
          [7.973, 49.979],
          [7.972, 49.978],
          [7.971, 49.978],
          [7.970, 49.978],
          [7.968, 49.977],
          [7.967, 49.977],
          [7.966, 49.977],
          [7.965, 49.977],
          [7.964, 49.977],
          [7.963, 49.977],
          [7.962, 49.977],
          [7.958, 49.977],
          [7.957, 49.977],
          [7.956, 49.976],
          [7.955, 49.976],
          [7.953, 49.976],
          [7.952, 49.976],
          [7.946, 49.975],
          [7.945, 49.974]
        ]
      }
    },
    {
      "type": "Feature",
      "id": "way/56701298",
      "properties": {
        "admin_level": "4",
        "boundary": "administrative",
        "source": "Hessische Verwaltung für Bodenmanagement und Geoinformation - Digitale Verwaltungsgrenzen",
        "id": "way/56701298"
      },
      "geometry": {
        "type": "LineString",
        "coordinates": [
          [8.377, 49.827],
          [8.377, 49.828],
          [8.377, 49.829],
          [8.377, 49.830],
          [8.377, 49.831],
          [8.378, 49.832]
        ]
      }
    },
    {
      "type": "Feature",
      "id": "way/60550367",
      "properties": {
        "admin_level": "4",
        "boundary": "administrative",
        "source": "Hessische Verwaltung für Bodenmanagement und Geoinformation - Digitale Verwaltungsgrenzen (Shapefile)",
        "id": "way/60550367"
      },
      "geometry": {
        "type": "LineString",
        "coordinates": [
          [8.137, 50.025],
          [8.134, 50.025],
          [8.132, 50.024],
          [8.131, 50.024]
        ]
      }
    },
    {
      "type": "Feature",
      "id": "way/73066616",
      "properties": {
        "admin_level": "4",
        "boundary": "administrative",
        "source": "Hessische Verwaltung für Bodenmanagement und Geoinformation - Digitale Verwaltungsgrenzen (Shapefile)",
        "id": "way/73066616"
      },
      "geometry": {
        "type": "LineString",
        "coordinates": [
          [8.065, 50.367],
          [8.064, 50.367],
          [8.063, 50.368]
        ]
      }
    },
    {
      "type": "Feature",
      "id": "way/73066642",
      "properties": {
        "admin_level": "4",
        "boundary": "administrative",
        "source": "Hessische Verwaltung für Bodenmanagement und Geoinformation - Digitale Verwaltungsgrenzen (Shapefile)",
        "id": "way/73066642"
      },
      "geometry": {
        "type": "LineString",
        "coordinates": [
          [8.037, 50.384],
          [8.037, 50.383],
          [8.037, 50.382],
          [8.034, 50.381],
          [8.030, 50.381]
        ]
      }
    },
    {
      "type": "Feature",
      "id": "way/73264681",
      "properties": {
        "admin_level": "4",
        "boundary": "administrative",
        "source": "Hessische Verwaltung für Bodenmanagement und Geoinformation - Digitale Verwaltungsgrenzen (Shapefile)",
        "id": "way/73264681"
      },
      "geometry": {
        "type": "LineString",
        "coordinates": [
          [7.989, 50.400],
          [7.988, 50.402],
          [7.987, 50.402],
          [7.987, 50.403],
          [7.986, 50.404],
          [7.985, 50.405],
          [7.984, 50.405],
          [7.983, 50.406],
          [7.983, 50.407],
          [7.982, 50.408],
          [7.980, 50.407],
          [7.979, 50.407],
          [7.978, 50.406],
          [7.976, 50.406],
          [7.975, 50.406],
          [7.973, 50.406],
          [7.972, 50.406]
        ]
      }
    },
    {
      "type": "Feature",
      "id": "way/73264698",
      "properties": {
        "admin_level": "5",
        "boundary": "administrative",
        "source": "ALKIS Hessen + Shapefiles",
        "id": "way/73264698"
      },
      "geometry": {
        "type": "LineString",
        "coordinates": [
          [9.577, 50.612],
          [9.576, 50.613],
          [9.575, 50.613],
          [9.575, 50.614],
          [9.574, 50.614],
          [9.573, 50.615],
          [9.572, 50.615],
          [9.572, 50.616],
          [9.571, 50.616],
          [9.570, 50.616],
          [9.569, 50.616],
          [9.568, 50.616],
          [9.567, 50.616],
          [9.566, 50.616],
          [9.565, 50.616],
          [9.563, 50.617],
          [9.562, 50.618],
          [9.560, 50.619],
          [9.559, 50.620],
          [9.557, 50.621],
          [9.556, 50.621],
          [9.555, 50.621],
          [9.554, 50.621],
          [9.553, 50.621],
          [9.552, 50.621],
          [9.551, 50.621],
          [9.551, 50.622],
          [9.550, 50.623]
        ]
      }
    },
    {
      "type": "Feature",
      "id": "way/78048094",
      "properties": {
        "admin_level": "4",
        "boundary": "administrative",
        "source": "Hessische Verwaltung für Bodenmanagement und Geoinformation - Digitale Verwaltungsgrenzen (Shapefile)",
        "id": "way/78048094"
      },
      "geometry": {
        "type": "LineString",
        "coordinates": [
          [8.079, 50.006],
          [8.078, 50.006],
          [8.073, 50.005],
          [8.059, 50.005],
          [8.054, 50.005]
        ]
      }
    },
    {
      "type": "Feature",
      "id": "way/78048102",
      "properties": {
        "admin_level": "4",
        "boundary": "administrative",
        "source": "Hessische Verwaltung für Bodenmanagement und Geoinformation - Digitale Verwaltungsgrenzen (Shapefile)",
        "id": "way/78048102"
      },
      "geometry": {
        "type": "LineString",
        "coordinates": [
          [8.111, 50.018],
          [8.107, 50.017],
          [8.105, 50.016]
        ]
      }
    },
    {
      "type": "Feature",
      "id": "way/79080438",
      "properties": {
        "admin_level": "4",
        "boundary": "administrative",
        "source": "http://wiki.openstreetmap.org/wiki/Import/Catalogue/Kreisgrenzen_Deutschland_2005",
        "id": "way/79080438"
      },
      "geometry": {
        "type": "LineString",
        "coordinates": [
          [8.190, 50.035],
          [8.195, 50.034],
          [8.199, 50.034],
          [8.203, 50.034],
          [8.209, 50.033],
          [8.211, 50.033]
        ]
      }
    },
    {
      "type": "Feature",
      "id": "way/79081438",
      "properties": {
        "admin_level": "4",
        "boundary": "administrative",
        "source": "http://wiki.openstreetmap.org/wiki/Import/Catalogue/Kreisgrenzen_Deutschland_2005",
        "id": "way/79081438"
      },
      "geometry": {
        "type": "LineString",
        "coordinates": [
          [8.212, 50.032],
          [8.215, 50.032],
          [8.218, 50.031],
          [8.223, 50.031]
        ]
      }
    },
    {
      "type": "Feature",
      "id": "way/82129860",
      "properties": {
        "admin_level": "4",
        "boundary": "administrative",
        "source": "Hessische Verwaltung für Bodenmanagement und Geoinformation - Digitale Verwaltungsgrenzen",
        "id": "way/82129860"
      },
      "geometry": {
        "type": "LineString",
        "coordinates": [
          [8.417, 49.772],
          [8.416, 49.773],
          [8.415, 49.774],
          [8.415, 49.775],
          [8.414, 49.775],
          [8.414, 49.776],
          [8.414, 49.777],
          [8.413, 49.778],
          [8.413, 49.779],
          [8.413, 49.780],
          [8.413, 49.781],
          [8.413, 49.782],
          [8.413, 49.783]
        ]
      }
    },
    {
      "type": "Feature",
      "id": "way/82129866",
      "properties": {
        "admin_level": "4",
        "boundary": "administrative",
        "source": "Hessische Verwaltung für Bodenmanagement und Geoinformation - Digitale Verwaltungsgrenzen",
        "id": "way/82129866"
      },
      "geometry": {
        "type": "LineString",
        "coordinates": [
          [8.441, 49.765],
          [8.438, 49.765],
          [8.436, 49.765],
          [8.435, 49.765],
          [8.434, 49.765],
          [8.432, 49.765],
          [8.431, 49.766],
          [8.430, 49.766],
          [8.428, 49.766],
          [8.427, 49.766],
          [8.426, 49.767],
          [8.424, 49.767],
          [8.423, 49.768],
          [8.422, 49.768],
          [8.421, 49.769],
          [8.420, 49.769],
          [8.419, 49.770],
          [8.418, 49.771],
          [8.417, 49.772]
        ]
      }
    },
    {
      "type": "Feature",
      "id": "way/82314778",
      "properties": {
        "admin_level": "4",
        "boundary": "administrative",
        "source": "http://wiki.openstreetmap.org/wiki/Import/Catalogue/Kreisgrenzen_Deutschland_2005",
        "id": "way/82314778"
      },
      "geometry": {
        "type": "LineString",
        "coordinates": [
          [8.279, 50.003],
          [8.285, 49.997],
          [8.286, 49.996]
        ]
      }
    },
    {
      "type": "Feature",
      "id": "way/82314783",
      "properties": {
        "admin_level": "4",
        "boundary": "administrative",
        "source": "http://wiki.openstreetmap.org/wiki/Import/Catalogue/Kreisgrenzen_Deutschland_2005",
        "id": "way/82314783"
      },
      "geometry": {
        "type": "LineString",
        "coordinates": [
          [8.271, 50.010],
          [8.274, 50.007],
          [8.276, 50.006],
          [8.279, 50.003]
        ]
      }
    },
    {
      "type": "Feature",
      "id": "way/82314785",
      "properties": {
        "admin_level": "4",
        "boundary": "administrative",
        "source": "http://wiki.openstreetmap.org/wiki/Import/Catalogue/Kreisgrenzen_Deutschland_2005",
        "id": "way/82314785"
      },
      "geometry": {
        "type": "LineString",
        "coordinates": [
          [8.265, 50.014],
          [8.270, 50.011]
        ]
      }
    },
    {
      "type": "Feature",
      "id": "way/82314786",
      "properties": {
        "admin_level": "4",
        "boundary": "administrative",
        "source": "http://wiki.openstreetmap.org/wiki/Import/Catalogue/Kreisgrenzen_Deutschland_2005",
        "id": "way/82314786"
      },
      "geometry": {
        "type": "LineString",
        "coordinates": [
          [8.254, 50.021],
          [8.265, 50.014]
        ]
      }
    },
    {
      "type": "Feature",
      "id": "way/82432360",
      "properties": {
        "admin_level": "4",
        "boundary": "administrative",
        "source": "Hessische Verwaltung für Bodenmanagement und Geoinformation - Digitale Verwaltungsgrenzen (Shapefile)",
        "id": "way/82432360"
      },
      "geometry": {
        "type": "LineString",
        "coordinates": [
          [7.784, 50.048],
          [7.783, 50.049],
          [7.782, 50.049],
          [7.779, 50.050],
          [7.773, 50.056],
          [7.772, 50.058],
          [7.772, 50.063],
          [7.773, 50.065],
          [7.773, 50.066],
          [7.773, 50.067]
        ]
      }
    },
    {
      "type": "Feature",
      "id": "way/82453072",
      "properties": {
        "admin_level": "4",
        "boundary": "administrative",
        "source": "Hessische Verwaltung für Bodenmanagement und Geoinformation - Digitale Verwaltungsgrenzen",
        "id": "way/82453072"
      },
      "geometry": {
        "type": "LineString",
        "coordinates": [
          [8.347, 49.930],
          [8.346, 49.933]
        ]
      }
    },
    {
      "type": "Feature",
      "id": "way/82453290",
      "properties": {
        "admin_level": "4",
        "boundary": "administrative",
        "source": "Hessische Verwaltung für Bodenmanagement und Geoinformation - Digitale Verwaltungsgrenzen (Shapefile)",
        "id": "way/82453290"
      },
      "geometry": {
        "type": "LineString",
        "coordinates": [
          [8.087, 50.009],
          [8.084, 50.008],
          [8.079, 50.006]
        ]
      }
    },
    {
      "type": "Feature",
      "id": "way/83055639",
      "properties": {
        "admin_level": "4",
        "boundary": "administrative",
        "source": "Hessische Verwaltung für Bodenmanagement und Geoinformation - Digitale Verwaltungsgrenzen (Shapefile)",
        "id": "way/83055639"
      },
      "geometry": {
        "type": "LineString",
        "coordinates": [
          [7.830, 50.021],
          [7.830, 50.022],
          [7.828, 50.023],
          [7.826, 50.024],
          [7.821, 50.027],
          [7.818, 50.029],
          [7.816, 50.032],
          [7.814, 50.033],
          [7.812, 50.035],
          [7.811, 50.035],
          [7.811, 50.036],
          [7.810, 50.036],
          [7.809, 50.036],
          [7.809, 50.037]
        ]
      }
    },
    {
      "type": "Feature",
      "id": "way/83055652",
      "properties": {
        "admin_level": "4",
        "boundary": "administrative",
        "source": "Hessische Verwaltung für Bodenmanagement und Geoinformation - Digitale Verwaltungsgrenzen (Shapefile)",
        "id": "way/83055652"
      },
      "geometry": {
        "type": "LineString",
        "coordinates": [
          [7.865, 49.980],
          [7.864, 49.981],
          [7.864, 49.982],
          [7.863, 49.985],
          [7.862, 49.988],
          [7.862, 49.990],
          [7.862, 49.991],
          [7.861, 49.992],
          [7.861, 49.994],
          [7.861, 49.995],
          [7.860, 49.998],
          [7.859, 50.000],
          [7.858, 50.002],
          [7.858, 50.004],
          [7.858, 50.005],
          [7.858, 50.006]
        ]
      }
    },
    {
      "type": "Feature",
      "id": "way/83055657",
      "properties": {
        "admin_level": "4",
        "boundary": "administrative",
        "source": "Hessische Verwaltung für Bodenmanagement und Geoinformation - Digitale Verwaltungsgrenzen (Shapefile)",
        "id": "way/83055657"
      },
      "geometry": {
        "type": "LineString",
        "coordinates": [
          [7.809, 50.037],
          [7.808, 50.037],
          [7.808, 50.038],
          [7.807, 50.038],
          [7.802, 50.040],
          [7.801, 50.041],
          [7.800, 50.041],
          [7.799, 50.041],
          [7.795, 50.042],
          [7.793, 50.043],
          [7.792, 50.044],
          [7.790, 50.045]
        ]
      }
    },
    {
      "type": "Feature",
      "id": "way/83117705",
      "properties": {
        "admin_level": "4",
        "boundary": "administrative",
        "source": "Hessische Verwaltung für Bodenmanagement und Geoinformation - Digitale Verwaltungsgrenzen",
        "id": "way/83117705"
      },
      "geometry": {
        "type": "LineString",
        "coordinates": [
          [8.384, 49.853],
          [8.384, 49.854],
          [8.383, 49.855],
          [8.382, 49.856],
          [8.382, 49.857],
          [8.381, 49.858],
          [8.380, 49.858],
          [8.379, 49.859],
          [8.378, 49.860],
          [8.376, 49.860]
        ]
      }
    },
    {
      "type": "Feature",
      "id": "way/84918411",
      "properties": {
        "admin_level": "4",
        "boundary": "administrative",
        "source": "Hessische Verwaltung für Bodenmanagement und Geoinformation - Digitale Verwaltungsgrenzen",
        "id": "way/84918411"
      },
      "geometry": {
        "type": "LineString",
        "coordinates": [
          [10.056, 50.667],
          [10.057, 50.666],
          [10.057, 50.665],
          [10.057, 50.664],
          [10.058, 50.664],
          [10.058, 50.663],
          [10.059, 50.663],
          [10.060, 50.662],
          [10.060, 50.661],
          [10.061, 50.661],
          [10.061, 50.660],
          [10.062, 50.660],
          [10.063, 50.659],
          [10.064, 50.658],
          [10.065, 50.658],
          [10.066, 50.657],
          [10.067, 50.657]
        ]
      }
    },
    {
      "type": "Feature",
      "id": "way/84918453",
      "properties": {
        "admin_level": "4",
        "boundary": "administrative",
        "source": "Hessische Verwaltung für Bodenmanagement und Geoinformation - Digitale Verwaltungsgrenzen",
        "id": "way/84918453"
      },
      "geometry": {
        "type": "LineString",
        "coordinates": [
          [10.074, 50.643],
          [10.074, 50.642],
          [10.075, 50.642],
          [10.076, 50.640],
          [10.076, 50.639],
          [10.076, 50.638],
          [10.077, 50.637],
          [10.078, 50.637]
        ]
      }
    },
    {
      "type": "Feature",
      "id": "way/84918457",
      "properties": {
        "admin_level": "4",
        "boundary": "administrative",
        "source": "Hessische Verwaltung für Bodenmanagement und Geoinformation - Digitale Verwaltungsgrenzen",
        "id": "way/84918457"
      },
      "geometry": {
        "type": "LineString",
        "coordinates": [
          [9.947, 50.662],
          [9.948, 50.662],
          [9.948, 50.663]
        ]
      }
    },
    {
      "type": "Feature",
      "id": "way/84918477",
      "properties": {
        "admin_level": "4",
        "boundary": "administrative",
        "source": "Hessische Verwaltung für Bodenmanagement und Geoinformation - Digitale Verwaltungsgrenzen",
        "id": "way/84918477"
      },
      "geometry": {
        "type": "LineString",
        "coordinates": [
          [9.941, 50.739],
          [9.940, 50.738],
          [9.939, 50.738],
          [9.938, 50.737],
          [9.939, 50.737],
          [9.939, 50.736],
          [9.938, 50.736],
          [9.938, 50.735],
          [9.937, 50.735],
          [9.937, 50.734],
          [9.936, 50.734],
          [9.935, 50.733],
          [9.937, 50.732],
          [9.935, 50.731],
          [9.937, 50.730],
          [9.936, 50.730],
          [9.935, 50.729],
          [9.935, 50.728],
          [9.935, 50.727],
          [9.934, 50.726],
          [9.934, 50.725],
          [9.935, 50.724],
          [9.933, 50.723],
          [9.930, 50.722]
        ]
      }
    },
    {
      "type": "Feature",
      "id": "way/85186067",
      "properties": {
        "admin_level": "4",
        "boundary": "administrative",
        "source": "Hessische Verwaltung für Bodenmanagement und Geoinformation - Digitale Verwaltungsgrenzen",
        "id": "way/85186067"
      },
      "geometry": {
        "type": "LineString",
        "coordinates": [
          [10.081, 50.619],
          [10.080, 50.619],
          [10.079, 50.619],
          [10.078, 50.619],
          [10.078, 50.620],
          [10.077, 50.620],
          [10.076, 50.619],
          [10.076, 50.620],
          [10.075, 50.620],
          [10.075, 50.619],
          [10.074, 50.619],
          [10.073, 50.619],
          [10.072, 50.619],
          [10.071, 50.620],
          [10.070, 50.620],
          [10.069, 50.620],
          [10.069, 50.621],
          [10.068, 50.621],
          [10.067, 50.621],
          [10.067, 50.622],
          [10.067, 50.623],
          [10.067, 50.624],
          [10.066, 50.624],
          [10.066, 50.625],
          [10.065, 50.625],
          [10.064, 50.625],
          [10.063, 50.625],
          [10.062, 50.625],
          [10.062, 50.626],
          [10.061, 50.626],
          [10.060, 50.626],
          [10.059, 50.626],
          [10.058, 50.626],
          [10.057, 50.626],
          [10.057, 50.625],
          [10.056, 50.625],
          [10.056, 50.624],
          [10.055, 50.624],
          [10.055, 50.623],
          [10.054, 50.623],
          [10.053, 50.623],
          [10.052, 50.623],
          [10.051, 50.623],
          [10.050, 50.623],
          [10.048, 50.623],
          [10.048, 50.622],
          [10.047, 50.622],
          [10.046, 50.622],
          [10.046, 50.621],
          [10.045, 50.621],
          [10.045, 50.620],
          [10.046, 50.620],
          [10.047, 50.620],
          [10.047, 50.619],
          [10.046, 50.618],
          [10.045, 50.618],
          [10.045, 50.617],
          [10.044, 50.617],
          [10.043, 50.616],
          [10.042, 50.616],
          [10.041, 50.616],
          [10.040, 50.616],
          [10.039, 50.615],
          [10.039, 50.614],
          [10.038, 50.614],
          [10.037, 50.613],
          [10.037, 50.612],
          [10.037, 50.611],
          [10.037, 50.610],
          [10.037, 50.609],
          [10.038, 50.608],
          [10.038, 50.607],
          [10.039, 50.606],
          [10.039, 50.605],
          [10.040, 50.605],
          [10.040, 50.604],
          [10.041, 50.603],
          [10.042, 50.603],
          [10.042, 50.602],
          [10.043, 50.602],
          [10.044, 50.602],
          [10.044, 50.601],
          [10.045, 50.601],
          [10.046, 50.601],
          [10.046, 50.600],
          [10.047, 50.600]
        ]
      }
    },
    {
      "type": "Feature",
      "id": "way/85186134",
      "properties": {
        "admin_level": "4",
        "boundary": "administrative",
        "source": "Hessische Verwaltung für Bodenmanagement und Geoinformation - Digitale Verwaltungsgrenzen",
        "id": "way/85186134"
      },
      "geometry": {
        "type": "LineString",
        "coordinates": [
          [10.048, 50.598],
          [10.049, 50.598],
          [10.048, 50.597],
          [10.048, 50.596],
          [10.048, 50.595],
          [10.047, 50.595],
          [10.047, 50.594],
          [10.047, 50.593],
          [10.047, 50.592],
          [10.048, 50.591],
          [10.048, 50.590],
          [10.048, 50.589],
          [10.049, 50.588],
          [10.048, 50.587],
          [10.049, 50.586],
          [10.049, 50.585],
          [10.049, 50.584],
          [10.048, 50.583],
          [10.047, 50.582],
          [10.046, 50.581],
          [10.045, 50.581],
          [10.045, 50.580],
          [10.045, 50.579],
          [10.045, 50.578],
          [10.045, 50.577],
          [10.045, 50.576],
          [10.045, 50.575],
          [10.045, 50.574]
        ]
      }
    },
    {
      "type": "Feature",
      "id": "way/85279651",
      "properties": {
        "admin_level": "4",
        "boundary": "administrative",
        "source": "Hessische Verwaltung für Bodenmanagement und Geoinformation - Digitale Verwaltungsgrenzen",
        "id": "way/85279651"
      },
      "geometry": {
        "type": "LineString",
        "coordinates": [
          [9.885, 50.652],
          [9.884, 50.652],
          [9.884, 50.651],
          [9.884, 50.650],
          [9.884, 50.649],
          [9.883, 50.649],
          [9.883, 50.648],
          [9.882, 50.647],
          [9.881, 50.646],
          [9.881, 50.647],
          [9.881, 50.646],
          [9.880, 50.646],
          [9.880, 50.645],
          [9.879, 50.645],
          [9.879, 50.644],
          [9.878, 50.644],
          [9.877, 50.644],
          [9.877, 50.643],
          [9.878, 50.642],
          [9.877, 50.643],
          [9.877, 50.642],
          [9.877, 50.641],
          [9.876, 50.641],
          [9.877, 50.640],
          [9.877, 50.639],
          [9.877, 50.638],
          [9.878, 50.638],
          [9.878, 50.637],
          [9.878, 50.636],
          [9.878, 50.635],
          [9.878, 50.634],
          [9.879, 50.634]
        ]
      }
    },
    {
      "type": "Feature",
      "id": "way/85281119",
      "properties": {
        "admin_level": "4",
        "boundary": "administrative",
        "source": "Hessische Verwaltung für Bodenmanagement und Geoinformation - Digitale Verwaltungsgrenzen",
        "id": "way/85281119"
      },
      "geometry": {
        "type": "LineString",
        "coordinates": [
          [9.881, 50.672],
          [9.881, 50.671],
          [9.882, 50.671],
          [9.882, 50.670],
          [9.881, 50.670],
          [9.880, 50.670],
          [9.879, 50.670],
          [9.878, 50.670],
          [9.879, 50.669],
          [9.880, 50.669],
          [9.881, 50.669],
          [9.882, 50.668],
          [9.881, 50.668],
          [9.880, 50.668],
          [9.880, 50.667],
          [9.879, 50.666],
          [9.879, 50.665],
          [9.880, 50.665],
          [9.880, 50.664],
          [9.881, 50.664],
          [9.881, 50.663],
          [9.881, 50.662],
          [9.882, 50.662],
          [9.882, 50.661]
        ]
      }
    },
    {
      "type": "Feature",
      "id": "way/85283898",
      "properties": {
        "admin_level": "4",
        "boundary": "administrative",
        "source": "Hessische Verwaltung für Bodenmanagement und Geoinformation - Digitale Verwaltungsgrenzen",
        "id": "way/85283898"
      },
      "geometry": {
        "type": "LineString",
        "coordinates": [
          [9.907, 50.703],
          [9.907, 50.702],
          [9.908, 50.701],
          [9.909, 50.700],
          [9.911, 50.700],
          [9.912, 50.700],
          [9.913, 50.700],
          [9.914, 50.700],
          [9.914, 50.699],
          [9.915, 50.699],
          [9.914, 50.699],
          [9.915, 50.699],
          [9.916, 50.699],
          [9.916, 50.698],
          [9.917, 50.698],
          [9.916, 50.698],
          [9.917, 50.698],
          [9.917, 50.697],
          [9.918, 50.697],
          [9.919, 50.697],
          [9.920, 50.697],
          [9.921, 50.697],
          [9.920, 50.697],
          [9.920, 50.696],
          [9.921, 50.695],
          [9.922, 50.695],
          [9.923, 50.695],
          [9.922, 50.695],
          [9.922, 50.694],
          [9.923, 50.694],
          [9.920, 50.693],
          [9.919, 50.693],
          [9.919, 50.694],
          [9.918, 50.694],
          [9.916, 50.694],
          [9.915, 50.693],
          [9.914, 50.693],
          [9.914, 50.692],
          [9.914, 50.691],
          [9.913, 50.690],
          [9.914, 50.690],
          [9.913, 50.690],
          [9.912, 50.690],
          [9.911, 50.690],
          [9.911, 50.689],
          [9.911, 50.688],
          [9.912, 50.688],
          [9.911, 50.687],
          [9.909, 50.686],
          [9.908, 50.686],
          [9.907, 50.685],
          [9.906, 50.684],
          [9.904, 50.683],
          [9.901, 50.684],
          [9.900, 50.683],
          [9.899, 50.682],
          [9.900, 50.682],
          [9.899, 50.682],
          [9.898, 50.682],
          [9.897, 50.682],
          [9.896, 50.682],
          [9.895, 50.683],
          [9.894, 50.683],
          [9.892, 50.682],
          [9.888, 50.677],
          [9.888, 50.676],
          [9.887, 50.676],
          [9.886, 50.675],
          [9.885, 50.675],
          [9.885, 50.674],
          [9.884, 50.674],
          [9.883, 50.673],
          [9.882, 50.673],
          [9.881, 50.673],
          [9.882, 50.672],
          [9.881, 50.672]
        ]
      }
    },
    {
      "type": "Feature",
      "id": "way/85312160",
      "properties": {
        "admin_level": "4",
        "boundary": "administrative",
        "source": "Hessische Verwaltung für Bodenmanagement und Geoinformation - Digitale Verwaltungsgrenzen",
        "id": "way/85312160"
      },
      "geometry": {
        "type": "LineString",
        "coordinates": [
          [9.930, 50.722],
          [9.925, 50.718],
          [9.924, 50.717],
          [9.922, 50.716],
          [9.920, 50.715]
        ]
      }
    },
    {
      "type": "Feature",
      "id": "way/85314374",
      "properties": {
        "admin_level": "4",
        "boundary": "administrative",
        "source": "Hessische Verwaltung für Bodenmanagement und Geoinformation - Digitale Verwaltungsgrenzen",
        "id": "way/85314374"
      },
      "geometry": {
        "type": "LineString",
        "coordinates": [
          [9.941, 50.741],
          [9.940, 50.741],
          [9.940, 50.740],
          [9.941, 50.740],
          [9.941, 50.739]
        ]
      }
    },
    {
      "type": "Feature",
      "id": "way/93776857",
      "properties": {
        "admin_level": "4",
        "boundary": "administrative",
        "source": "Hessische Verwaltung für Bodenmanagement und Geoinformation - Digitale Verwaltungsgrenzen",
        "id": "way/93776857"
      },
      "geometry": {
        "type": "LineString",
        "coordinates": [
          [9.938, 50.756],
          [9.939, 50.755],
          [9.938, 50.755],
          [9.938, 50.754],
          [9.938, 50.753],
          [9.939, 50.752],
          [9.939, 50.751],
          [9.939, 50.750],
          [9.939, 50.749],
          [9.939, 50.748],
          [9.940, 50.747],
          [9.940, 50.746],
          [9.940, 50.745],
          [9.939, 50.745],
          [9.939, 50.744],
          [9.938, 50.743],
          [9.939, 50.743],
          [9.940, 50.743],
          [9.941, 50.742],
          [9.941, 50.741]
        ]
      }
    },
    {
      "type": "Feature",
      "id": "way/95329909",
      "properties": {
        "admin_level": "4",
        "boundary": "administrative",
        "source": "Hessische Verwaltung für Bodenmanagement und Geoinformation - Digitale Verwaltungsgrenzen (Shapefile)",
        "id": "way/95329909"
      },
      "geometry": {
        "type": "LineString",
        "coordinates": [
          [7.932, 50.143],
          [7.932, 50.144],
          [7.930, 50.144],
          [7.930, 50.145],
          [7.929, 50.145],
          [7.927, 50.145],
          [7.926, 50.145],
          [7.925, 50.145],
          [7.925, 50.146],
          [7.924, 50.146],
          [7.923, 50.146],
          [7.922, 50.146],
          [7.921, 50.146],
          [7.921, 50.147],
          [7.920, 50.147],
          [7.919, 50.148],
          [7.918, 50.148],
          [7.917, 50.149]
        ]
      }
    },
    {
      "type": "Feature",
      "id": "way/95337528",
      "properties": {
        "admin_level": "4",
        "boundary": "administrative",
        "source": "Hessische Verwaltung für Bodenmanagement und Geoinformation - Digitale Verwaltungsgrenzen (Shapefile)",
        "id": "way/95337528"
      },
      "geometry": {
        "type": "LineString",
        "coordinates": [
          [7.888, 50.175],
          [7.887, 50.175],
          [7.887, 50.176],
          [7.886, 50.176],
          [7.884, 50.176],
          [7.884, 50.177],
          [7.883, 50.178],
          [7.884, 50.178],
          [7.884, 50.179],
          [7.883, 50.179],
          [7.883, 50.180]
        ]
      }
    },
    {
      "type": "Feature",
      "id": "way/95338643",
      "properties": {
        "admin_level": "4",
        "boundary": "administrative",
        "source": "Hessische Verwaltung für Bodenmanagement und Geoinformation - Digitale Verwaltungsgrenzen (Shapefile)",
        "id": "way/95338643"
      },
      "geometry": {
        "type": "LineString",
        "coordinates": [
          [7.906, 50.191],
          [7.907, 50.191],
          [7.907, 50.192],
          [7.908, 50.192],
          [7.909, 50.192],
          [7.910, 50.193],
          [7.910, 50.194],
          [7.911, 50.194],
          [7.912, 50.195]
        ]
      }
    },
    {
      "type": "Feature",
      "id": "way/95340808",
      "properties": {
        "admin_level": "4",
        "boundary": "administrative",
        "source": "Hessische Verwaltung für Bodenmanagement und Geoinformation - Digitale Verwaltungsgrenzen (Shapefile)",
        "id": "way/95340808"
      },
      "geometry": {
        "type": "LineString",
        "coordinates": [
          [7.912, 50.195],
          [7.913, 50.195],
          [7.913, 50.196],
          [7.912, 50.197],
          [7.910, 50.198],
          [7.909, 50.199],
          [7.908, 50.199],
          [7.907, 50.199],
          [7.907, 50.200],
          [7.906, 50.201]
        ]
      }
    },
    {
      "type": "Feature",
      "id": "way/95341196",
      "properties": {
        "admin_level": "4",
        "boundary": "administrative",
        "source": "Hessische Verwaltung für Bodenmanagement und Geoinformation - Digitale Verwaltungsgrenzen (Shapefile)",
        "id": "way/95341196"
      },
      "geometry": {
        "type": "LineString",
        "coordinates": [
          [7.932, 50.208],
          [7.933, 50.208],
          [7.935, 50.209],
          [7.938, 50.209],
          [7.940, 50.209],
          [7.941, 50.209],
          [7.942, 50.208],
          [7.947, 50.210]
        ]
      }
    },
    {
      "type": "Feature",
      "id": "way/95341463",
      "properties": {
        "admin_level": "4",
        "boundary": "administrative",
        "source": "Hessische Verwaltung für Bodenmanagement und Geoinformation - Digitale Verwaltungsgrenzen (Shapefile)",
        "id": "way/95341463"
      },
      "geometry": {
        "type": "LineString",
        "coordinates": [
          [7.947, 50.210],
          [7.946, 50.211],
          [7.946, 50.212],
          [7.947, 50.212],
          [7.948, 50.212],
          [7.949, 50.213],
          [7.950, 50.213],
          [7.951, 50.214]
        ]
      }
    },
    {
      "type": "Feature",
      "id": "way/95417516",
      "properties": {
        "admin_level": "4",
        "boundary": "administrative",
        "source": "Hessische Verwaltung für Bodenmanagement und Geoinformation - Digitale Verwaltungsgrenzen (Shapefile)",
        "id": "way/95417516"
      },
      "geometry": {
        "type": "LineString",
        "coordinates": [
          [8.158, 50.029],
          [8.157, 50.029],
          [8.154, 50.028],
          [8.152, 50.028],
          [8.150, 50.027],
          [8.149, 50.027],
          [8.148, 50.027],
          [8.146, 50.026],
          [8.145, 50.026],
          [8.142, 50.026],
          [8.137, 50.025]
        ]
      }
    },
    {
      "type": "Feature",
      "id": "way/95423273",
      "properties": {
        "admin_level": "4",
        "boundary": "administrative",
        "source": "Hessische Verwaltung für Bodenmanagement und Geoinformation - Digitale Verwaltungsgrenzen (Shapefile)",
        "id": "way/95423273"
      },
      "geometry": {
        "type": "LineString",
        "coordinates": [
          [8.105, 50.016],
          [8.101, 50.014],
          [8.097, 50.012],
          [8.091, 50.010],
          [8.087, 50.009]
        ]
      }
    },
    {
      "type": "Feature",
      "id": "way/95468913",
      "properties": {
        "admin_level": "4",
        "boundary": "administrative",
        "source": "Hessische Verwaltung für Bodenmanagement und Geoinformation - Digitale Verwaltungsgrenzen (Shapefile)",
        "id": "way/95468913"
      },
      "geometry": {
        "type": "LineString",
        "coordinates": [
          [8.027, 49.999],
          [8.019, 49.995]
        ]
      }
    },
    {
      "type": "Feature",
      "id": "way/95469491",
      "properties": {
        "admin_level": "4",
        "boundary": "administrative",
        "source": "Hessische Verwaltung für Bodenmanagement und Geoinformation - Digitale Verwaltungsgrenzen (Shapefile)",
        "id": "way/95469491"
      },
      "geometry": {
        "type": "LineString",
        "coordinates": [
          [8.019, 49.995],
          [8.014, 49.993],
          [8.012, 49.992],
          [8.010, 49.992],
          [8.009, 49.991],
          [8.008, 49.991],
          [8.007, 49.990],
          [8.006, 49.990],
          [8.004, 49.989],
          [8.003, 49.989],
          [8.002, 49.988],
          [8.001, 49.988],
          [7.994, 49.986],
          [7.993, 49.986],
          [7.992, 49.985],
          [7.991, 49.985],
          [7.989, 49.985],
          [7.985, 49.983]
        ]
      }
    },
    {
      "type": "Feature",
      "id": "way/95772385",
      "properties": {
        "admin_level": "4",
        "boundary": "administrative",
        "source": "Hessische Verwaltung für Bodenmanagement und Geoinformation - Digitale Verwaltungsgrenzen (Shapefile)",
        "id": "way/95772385"
      },
      "geometry": {
        "type": "LineString",
        "coordinates": [
          [7.790, 50.045],
          [7.789, 50.045],
          [7.788, 50.046],
          [7.784, 50.048]
        ]
      }
    },
    {
      "type": "Feature",
      "id": "way/95772774",
      "properties": {
        "admin_level": "4",
        "boundary": "administrative",
        "source": "Hessische Verwaltung für Bodenmanagement und Geoinformation - Digitale Verwaltungsgrenzen (Shapefile)",
        "id": "way/95772774"
      },
      "geometry": {
        "type": "LineString",
        "coordinates": [
          [7.820, 50.081],
          [7.821, 50.081],
          [7.821, 50.082],
          [7.821, 50.083],
          [7.821, 50.084],
          [7.823, 50.083],
          [7.825, 50.082],
          [7.826, 50.081],
          [7.827, 50.081],
          [7.828, 50.081],
          [7.829, 50.081],
          [7.830, 50.081],
          [7.831, 50.081]
        ]
      }
    },
    {
      "type": "Feature",
      "id": "way/95773747",
      "properties": {
        "admin_level": "4",
        "boundary": "administrative",
        "source": "Hessische Verwaltung für Bodenmanagement und Geoinformation - Digitale Verwaltungsgrenzen (Shapefile)",
        "id": "way/95773747"
      },
      "geometry": {
        "type": "LineString",
        "coordinates": [
          [7.831, 50.081],
          [7.832, 50.082],
          [7.833, 50.083],
          [7.834, 50.083],
          [7.835, 50.083],
          [7.837, 50.083],
          [7.838, 50.084],
          [7.837, 50.085],
          [7.838, 50.086],
          [7.838, 50.087],
          [7.838, 50.086],
          [7.837, 50.086],
          [7.837, 50.087],
          [7.836, 50.088],
          [7.835, 50.088],
          [7.836, 50.089],
          [7.836, 50.090],
          [7.835, 50.090],
          [7.834, 50.091],
          [7.835, 50.091],
          [7.835, 50.092],
          [7.834, 50.092],
          [7.833, 50.092],
          [7.834, 50.092],
          [7.835, 50.092],
          [7.835, 50.093],
          [7.836, 50.093],
          [7.835, 50.093],
          [7.834, 50.093],
          [7.834, 50.094],
          [7.835, 50.094],
          [7.835, 50.095],
          [7.834, 50.095],
          [7.833, 50.094],
          [7.832, 50.094],
          [7.831, 50.093],
          [7.831, 50.092],
          [7.830, 50.092]
        ]
      }
    },
    {
      "type": "Feature",
      "id": "way/95773748",
      "properties": {
        "admin_level": "4",
        "boundary": "administrative",
        "source": "Hessische Verwaltung für Bodenmanagement und Geoinformation - Digitale Verwaltungsgrenzen (Shapefile)",
        "id": "way/95773748"
      },
      "geometry": {
        "type": "LineString",
        "coordinates": [
          [7.845, 50.113],
          [7.846, 50.115],
          [7.846, 50.117],
          [7.847, 50.120],
          [7.847, 50.122],
          [7.847, 50.123]
        ]
      }
    },
    {
      "type": "Feature",
      "id": "way/95887169",
      "properties": {
        "admin_level": "4",
        "boundary": "administrative",
        "source": "Hessische Verwaltung für Bodenmanagement und Geoinformation - Digitale Verwaltungsgrenzen (Shapefile)",
        "id": "way/95887169"
      },
      "geometry": {
        "type": "LineString",
        "coordinates": [
          [7.884, 50.114],
          [7.885, 50.114],
          [7.886, 50.114],
          [7.886, 50.115],
          [7.887, 50.116],
          [7.888, 50.116],
          [7.890, 50.117],
          [7.891, 50.118],
          [7.892, 50.118],
          [7.893, 50.118],
          [7.893, 50.119],
          [7.894, 50.119],
          [7.895, 50.119],
          [7.895, 50.120],
          [7.896, 50.120],
          [7.896, 50.121],
          [7.897, 50.121],
          [7.899, 50.122],
          [7.900, 50.122],
          [7.902, 50.122],
          [7.904, 50.121],
          [7.908, 50.119],
          [7.911, 50.116],
          [7.912, 50.115],
          [7.913, 50.115],
          [7.913, 50.114],
          [7.915, 50.113],
          [7.916, 50.112],
          [7.917, 50.111],
          [7.918, 50.110],
          [7.919, 50.109],
          [7.919, 50.108],
          [7.920, 50.107],
          [7.920, 50.106],
          [7.920, 50.105],
          [7.920, 50.103],
          [7.924, 50.101],
          [7.925, 50.101]
        ]
      }
    },
    {
      "type": "Feature",
      "id": "way/103630744",
      "properties": {
        "admin_level": "4",
        "boundary": "administrative",
        "id": "way/103630744"
      },
      "geometry": {
        "type": "LineString",
        "coordinates": [
          [8.355, 50.862],
          [8.355, 50.861],
          [8.358, 50.860],
          [8.360, 50.861],
          [8.362, 50.861],
          [8.365, 50.862],
          [8.366, 50.862],
          [8.367, 50.862],
          [8.368, 50.863],
          [8.369, 50.864],
          [8.367, 50.867],
          [8.366, 50.868],
          [8.367, 50.869],
          [8.368, 50.870],
          [8.367, 50.870],
          [8.368, 50.871],
          [8.369, 50.872],
          [8.370, 50.873],
          [8.371, 50.873],
          [8.371, 50.874],
          [8.373, 50.874],
          [8.377, 50.875],
          [8.380, 50.875],
          [8.385, 50.875],
          [8.385, 50.876],
          [8.386, 50.877]
        ]
      }
    },
    {
      "type": "Feature",
      "id": "way/103634127",
      "properties": {
        "admin_level": "5",
        "boundary": "administrative",
        "source": "ALKIS Hessen + Shapefiles",
        "id": "way/103634127"
      },
      "geometry": {
        "type": "LineString",
        "coordinates": [
          [9.472, 50.664],
          [9.471, 50.663],
          [9.470, 50.662],
          [9.469, 50.662],
          [9.468, 50.662],
          [9.468, 50.661],
          [9.467, 50.661],
          [9.466, 50.660]
        ]
      }
    },
    {
      "type": "Feature",
      "id": "way/104523360",
      "properties": {
        "admin_level": "4",
        "boundary": "administrative",
        "source": "ALKIS Hessen + Shapefiles",
        "id": "way/104523360"
      },
      "geometry": {
        "type": "LineString",
        "coordinates": [
          [8.037, 50.249],
          [8.037, 50.248],
          [8.036, 50.247],
          [8.035, 50.246],
          [8.034, 50.245],
          [8.036, 50.244],
          [8.038, 50.245],
          [8.043, 50.242],
          [8.045, 50.243],
          [8.047, 50.244],
          [8.048, 50.244],
          [8.049, 50.244]
        ]
      }
    },
    {
      "type": "Feature",
      "id": "way/104527261",
      "properties": {
        "admin_level": "4",
        "boundary": "administrative",
        "source": "Hessische Verwaltung für Bodenmanagement und Geoinformation - Digitale Verwaltungsgrenzen (Shapefile)",
        "id": "way/104527261"
      },
      "geometry": {
        "type": "LineString",
        "coordinates": [
          [8.031, 50.255],
          [8.030, 50.255],
          [8.025, 50.253],
          [8.021, 50.258]
        ]
      }
    },
    {
      "type": "Feature",
      "id": "way/104731687",
      "properties": {
        "admin_level": "4",
        "boundary": "administrative",
        "source": "Hessische Verwaltung für Bodenmanagement und Geoinformation - Digitale Verwaltungsgrenzen (Shapefile)",
        "id": "way/104731687"
      },
      "geometry": {
        "type": "LineString",
        "coordinates": [
          [8.078, 50.260],
          [8.079, 50.260],
          [8.080, 50.260],
          [8.081, 50.260],
          [8.082, 50.260],
          [8.083, 50.260],
          [8.083, 50.261],
          [8.084, 50.261],
          [8.085, 50.262],
          [8.086, 50.262],
          [8.086, 50.263],
          [8.087, 50.263],
          [8.088, 50.263],
          [8.089, 50.264],
          [8.091, 50.265],
          [8.093, 50.264],
          [8.094, 50.264],
          [8.093, 50.263],
          [8.095, 50.262],
          [8.101, 50.260],
          [8.103, 50.259],
          [8.106, 50.260]
        ]
      }
    },
    {
      "type": "Feature",
      "id": "way/104735651",
      "properties": {
        "admin_level": "4",
        "boundary": "administrative",
        "source": "Hessische Verwaltung für Bodenmanagement und Geoinformation - Digitale Verwaltungsgrenzen (Shapefile)",
        "id": "way/104735651"
      },
      "geometry": {
        "type": "LineString",
        "coordinates": [
          [8.106, 50.260]
        ]
      }
    },
    {
      "type": "Feature",
      "id": "way/104735812",
      "properties": {
        "admin_level": "4",
        "boundary": "administrative",
        "source": "ALKIS Hessen + Shapefiles",
        "id": "way/104735812"
      },
      "geometry": {
        "type": "LineString",
        "coordinates": [
          [8.111, 50.270],
          [8.111, 50.269],
          [8.111, 50.268],
          [8.109, 50.265],
          [8.108, 50.263],
          [8.107, 50.262],
          [8.106, 50.260]
        ]
      }
    },
    {
      "type": "Feature",
      "id": "way/104934494",
      "properties": {
        "admin_level": "5",
        "boundary": "administrative",
        "source": "HVBG Verwaltungsgrenzen shapefile",
        "id": "way/104934494"
      },
      "geometry": {
        "type": "LineString",
        "coordinates": [
          [8.167, 50.275],
          [8.168, 50.275],
          [8.169, 50.276],
          [8.170, 50.276],
          [8.170, 50.277],
          [8.172, 50.279],
          [8.173, 50.279],
          [8.177, 50.280],
          [8.178, 50.280],
          [8.179, 50.280],
          [8.180, 50.280],
          [8.180, 50.281],
          [8.181, 50.281],
          [8.182, 50.282],
          [8.183, 50.282],
          [8.184, 50.283],
          [8.185, 50.283],
          [8.185, 50.284],
          [8.186, 50.284],
          [8.187, 50.284],
          [8.188, 50.285]
        ]
      }
    },
    {
      "type": "Feature",
      "id": "way/104934496",
      "properties": {
        "admin_level": "5",
        "boundary": "administrative",
        "source": "Hessische Verwaltung für Bodenmanagement und Geoinformation - Digitale Verwaltungsgrenzen (Shapefile)",
        "id": "way/104934496"
      },
      "geometry": {
        "type": "LineString",
        "coordinates": [
          [8.142, 50.280],
          [8.143, 50.280],
          [8.144, 50.280],
          [8.145, 50.280],
          [8.146, 50.279],
          [8.147, 50.279],
          [8.148, 50.279],
          [8.149, 50.279],
          [8.150, 50.279],
          [8.152, 50.279],
          [8.153, 50.279],
          [8.154, 50.278],
          [8.156, 50.278],
          [8.157, 50.278],
          [8.158, 50.278],
          [8.159, 50.278],
          [8.160, 50.278],
          [8.161, 50.278],
          [8.162, 50.277],
          [8.164, 50.277],
          [8.165, 50.277],
          [8.167, 50.277]
        ]
      }
    },
    {
      "type": "Feature",
      "id": "way/116386785",
      "properties": {
        "admin_level": "4",
        "boundary": "administrative",
        "source": "Hessische Verwaltung für Bodenmanagement und Geoinformation - Digitale Verwaltungsgrenzen",
        "id": "way/116386785"
      },
      "geometry": {
        "type": "LineString",
        "coordinates": [
          [8.358, 49.863],
          [8.357, 49.863],
          [8.355, 49.864],
          [8.354, 49.865],
          [8.353, 49.865],
          [8.353, 49.866],
          [8.347, 49.872],
          [8.345, 49.874],
          [8.344, 49.876],
          [8.343, 49.877],
          [8.343, 49.878]
        ]
      }
    },
    {
      "type": "Feature",
      "id": "way/141234144",
      "properties": {
        "admin_level": "5",
        "boundary": "administrative",
        "source": "HVBG Verwaltungsgrenzen shapefile;Grenzen Vereinfachung 0,1m",
        "id": "way/141234144"
      },
      "geometry": {
        "type": "LineString",
        "coordinates": [
          [9.059, 50.475],
          [9.058, 50.475],
          [9.058, 50.474],
          [9.059, 50.474],
          [9.058, 50.473],
          [9.058, 50.472],
          [9.058, 50.471],
          [9.059, 50.469],
          [9.061, 50.469],
          [9.061, 50.468],
          [9.062, 50.467],
          [9.061, 50.466],
          [9.061, 50.464],
          [9.062, 50.464],
          [9.063, 50.463],
          [9.064, 50.462],
          [9.065, 50.461],
          [9.066, 50.460],
          [9.069, 50.458],
          [9.070, 50.456],
          [9.071, 50.456],
          [9.072, 50.457],
          [9.073, 50.458],
          [9.076, 50.458],
          [9.078, 50.459],
          [9.079, 50.458],
          [9.080, 50.459],
          [9.083, 50.457],
          [9.086, 50.456],
          [9.087, 50.456],
          [9.089, 50.456],
          [9.090, 50.456],
          [9.093, 50.457],
          [9.094, 50.457]
        ]
      }
    },
    {
      "type": "Feature",
      "id": "way/143060338",
      "properties": {
        "admin_level": "5",
        "boundary": "administrative",
        "source": "Hessische Verwaltung für Bodenmanagement und Geoinformation - Digitale Verwaltungsgrenzen",
        "id": "way/143060338"
      },
      "geometry": {
        "type": "LineString",
        "coordinates": [
          [9.286, 50.439],
          [9.287, 50.440],
          [9.287, 50.441],
          [9.287, 50.443],
          [9.288, 50.445],
          [9.288, 50.446],
          [9.289, 50.447],
          [9.289, 50.448],
          [9.290, 50.448],
          [9.290, 50.449],
          [9.290, 50.450],
          [9.289, 50.450],
          [9.288, 50.451],
          [9.287, 50.451],
          [9.287, 50.452],
          [9.286, 50.452],
          [9.285, 50.452],
          [9.285, 50.453],
          [9.284, 50.454],
          [9.285, 50.454],
          [9.285, 50.455],
          [9.284, 50.455],
          [9.283, 50.455]
        ]
      }
    },
    {
      "type": "Feature",
      "id": "way/145290336",
      "properties": {
        "admin_level": "5",
        "boundary": "administrative",
        "source": "ALKIS Hessen + Shapefiles",
        "id": "way/145290336"
      },
      "geometry": {
        "type": "LineString",
        "coordinates": [
          [9.440, 50.795],
          [9.441, 50.795],
          [9.441, 50.794],
          [9.440, 50.793],
          [9.440, 50.792],
          [9.440, 50.791],
          [9.441, 50.790],
          [9.441, 50.789],
          [9.441, 50.788],
          [9.441, 50.787],
          [9.441, 50.786],
          [9.442, 50.785],
          [9.443, 50.784],
          [9.444, 50.784],
          [9.444, 50.783],
          [9.445, 50.783],
          [9.446, 50.782],
          [9.447, 50.782],
          [9.447, 50.781],
          [9.448, 50.781],
          [9.448, 50.780],
          [9.447, 50.780],
          [9.446, 50.780],
          [9.445, 50.780],
          [9.444, 50.780],
          [9.443, 50.780],
          [9.442, 50.780],
          [9.441, 50.780],
          [9.440, 50.780],
          [9.440, 50.779],
          [9.441, 50.779],
          [9.440, 50.779],
          [9.439, 50.779],
          [9.438, 50.779],
          [9.438, 50.778],
          [9.437, 50.778],
          [9.436, 50.778],
          [9.436, 50.777],
          [9.435, 50.777],
          [9.434, 50.777],
          [9.434, 50.776],
          [9.434, 50.775],
          [9.433, 50.775],
          [9.433, 50.774],
          [9.432, 50.774],
          [9.432, 50.773],
          [9.433, 50.773],
          [9.434, 50.773],
          [9.435, 50.773],
          [9.435, 50.772],
          [9.436, 50.772],
          [9.437, 50.772],
          [9.438, 50.772],
          [9.439, 50.772],
          [9.440, 50.772],
          [9.441, 50.771],
          [9.441, 50.770],
          [9.441, 50.769],
          [9.442, 50.769],
          [9.443, 50.769],
          [9.444, 50.769],
          [9.445, 50.769],
          [9.447, 50.769],
          [9.450, 50.769],
          [9.450, 50.770],
          [9.451, 50.770],
          [9.451, 50.771],
          [9.451, 50.772],
          [9.451, 50.773],
          [9.452, 50.774],
          [9.453, 50.774],
          [9.453, 50.775],
          [9.454, 50.775],
          [9.454, 50.776],
          [9.455, 50.776],
          [9.456, 50.776],
          [9.459, 50.775],
          [9.461, 50.773],
          [9.460, 50.772],
          [9.460, 50.771],
          [9.460, 50.770],
          [9.459, 50.770],
          [9.458, 50.770],
          [9.459, 50.769],
          [9.458, 50.769],
          [9.458, 50.768],
          [9.457, 50.768],
          [9.457, 50.767],
          [9.457, 50.766],
          [9.456, 50.765],
          [9.457, 50.765],
          [9.455, 50.764],
          [9.453, 50.763]
        ]
      }
    },
    {
      "type": "Feature",
      "id": "way/192764616",
      "properties": {
        "admin_level": "4",
        "boundary": "administrative",
        "source": "Hessische Verwaltung für Bodenmanagement und Geoinformation - Digitale Verwaltungsgrenzen",
        "id": "way/192764616"
      },
      "geometry": {
        "type": "LineString",
        "coordinates": [
          [10.041, 50.511],
          [10.041, 50.510],
          [10.042, 50.509],
          [10.042, 50.508],
          [10.041, 50.508],
          [10.041, 50.507],
          [10.039, 50.505],
          [10.039, 50.504],
          [10.039, 50.503],
          [10.039, 50.502],
          [10.038, 50.501]
        ]
      }
    },
    {
      "type": "Feature",
      "id": "way/192775644",
      "properties": {
        "admin_level": "4",
        "boundary": "administrative",
        "source": "Hessische Verwaltung für Bodenmanagement und Geoinformation - Digitale Verwaltungsgrenzen",
        "id": "way/192775644"
      },
      "geometry": {
        "type": "LineString",
        "coordinates": [
          [10.037, 50.499],
          [10.038, 50.499],
          [10.038, 50.498],
          [10.039, 50.498],
          [10.039, 50.497],
          [10.040, 50.496],
          [10.040, 50.495],
          [10.041, 50.495],
          [10.040, 50.494],
          [10.039, 50.493],
          [10.038, 50.493],
          [10.037, 50.493],
          [10.037, 50.492],
          [10.038, 50.492],
          [10.037, 50.491],
          [10.036, 50.491],
          [10.035, 50.491],
          [10.036, 50.490],
          [10.035, 50.490],
          [10.034, 50.490],
          [10.034, 50.489],
          [10.034, 50.488],
          [10.035, 50.487],
          [10.036, 50.487],
          [10.035, 50.487],
          [10.034, 50.487],
          [10.034, 50.486],
          [10.033, 50.486],
          [10.032, 50.486],
          [10.031, 50.486],
          [10.032, 50.485],
          [10.032, 50.484],
          [10.033, 50.484],
          [10.033, 50.483],
          [10.033, 50.482],
          [10.032, 50.482],
          [10.033, 50.481],
          [10.032, 50.480],
          [10.031, 50.480],
          [10.030, 50.480]
        ]
      }
    },
    {
      "type": "Feature",
      "id": "way/192775738",
      "properties": {
        "admin_level": "4",
        "boundary": "administrative",
        "source": "Hessische Verwaltung für Bodenmanagement und Geoinformation - Digitale Verwaltungsgrenzen",
        "id": "way/192775738"
      },
      "geometry": {
        "type": "LineString",
        "coordinates": [
          [10.030, 50.480],
          [10.029, 50.480],
          [10.028, 50.479],
          [10.025, 50.477],
          [10.023, 50.476],
          [10.021, 50.475],
          [10.021, 50.473],
          [10.020, 50.471],
          [10.020, 50.469],
          [10.019, 50.468],
          [10.018, 50.467],
          [10.018, 50.466],
          [10.017, 50.466],
          [10.016, 50.466],
          [10.015, 50.466],
          [10.013, 50.466],
          [10.012, 50.465],
          [10.011, 50.465],
          [10.010, 50.465],
          [10.008, 50.464],
          [10.007, 50.464],
          [10.006, 50.464],
          [10.005, 50.464],
          [10.004, 50.463],
          [10.003, 50.463],
          [10.003, 50.462],
          [10.002, 50.462],
          [10.001, 50.462],
          [10.000, 50.462],
          [9.999, 50.461],
          [9.998, 50.461],
          [9.997, 50.461]
        ]
      }
    },
    {
      "type": "Feature",
      "id": "way/192775776",
      "properties": {
        "admin_level": "4",
        "boundary": "administrative",
        "source": "Hessische Verwaltung für Bodenmanagement und Geoinformation - Digitale Verwaltungsgrenzen",
        "id": "way/192775776"
      },
      "geometry": {
        "type": "LineString",
        "coordinates": [
          [9.997, 50.461],
          [9.996, 50.460],
          [9.996, 50.459],
          [9.996, 50.458],
          [9.995, 50.457],
          [9.992, 50.455],
          [9.993, 50.454],
          [9.993, 50.453],
          [9.993, 50.452],
          [9.992, 50.452]
        ]
      }
    },
    {
      "type": "Feature",
      "id": "way/192797730",
      "properties": {
        "admin_level": "4",
        "boundary": "administrative",
        "source": "Hessische Verwaltung für Bodenmanagement und Geoinformation - Digitale Verwaltungsgrenzen",
        "id": "way/192797730"
      },
      "geometry": {
        "type": "LineString",
        "coordinates": [
          [9.988, 50.445],
          [9.987, 50.445],
          [9.987, 50.444],
          [9.986, 50.444],
          [9.986, 50.443],
          [9.985, 50.443],
          [9.984, 50.443],
          [9.983, 50.443],
          [9.983, 50.442],
          [9.982, 50.442],
          [9.982, 50.443],
          [9.982, 50.442],
          [9.981, 50.442],
          [9.979, 50.442],
          [9.978, 50.442],
          [9.977, 50.441],
          [9.976, 50.441],
          [9.976, 50.440],
          [9.975, 50.440],
          [9.975, 50.439],
          [9.974, 50.439],
          [9.973, 50.438],
          [9.973, 50.437],
          [9.972, 50.437],
          [9.972, 50.436],
          [9.971, 50.435],
          [9.970, 50.435],
          [9.969, 50.435],
          [9.969, 50.434],
          [9.968, 50.435],
          [9.967, 50.434],
          [9.966, 50.434],
          [9.966, 50.433],
          [9.965, 50.433],
          [9.965, 50.432],
          [9.964, 50.432],
          [9.964, 50.431],
          [9.963, 50.431],
          [9.962, 50.430],
          [9.962, 50.429],
          [9.961, 50.428],
          [9.962, 50.428],
          [9.962, 50.427],
          [9.962, 50.426]
        ]
      }
    },
    {
      "type": "Feature",
      "id": "way/193189982",
      "properties": {
        "admin_level": "4",
        "boundary": "administrative",
        "source": "Hessische Verwaltung für Bodenmanagement und Geoinformation - Digitale Verwaltungsgrenzen",
        "id": "way/193189982"
      },
      "geometry": {
        "type": "LineString",
        "coordinates": [
          [9.623, 50.229],
          [9.623, 50.228],
          [9.622, 50.228],
          [9.622, 50.227],
          [9.621, 50.227],
          [9.621, 50.226],
          [9.620, 50.226]
        ]
      }
    },
    {
      "type": "Feature",
      "id": "way/193189983",
      "properties": {
        "admin_level": "4",
        "boundary": "administrative",
        "source": "Hessische Verwaltung für Bodenmanagement und Geoinformation - Digitale Verwaltungsgrenzen",
        "id": "way/193189983"
      },
      "geometry": {
        "type": "LineString",
        "coordinates": [
          [9.703, 50.280],
          [9.702, 50.280],
          [9.700, 50.279],
          [9.699, 50.279],
          [9.697, 50.279],
          [9.696, 50.279],
          [9.694, 50.278],
          [9.693, 50.278],
          [9.692, 50.277]
        ]
      }
    },
    {
      "type": "Feature",
      "id": "way/193189985",
      "properties": {
        "admin_level": "4",
        "boundary": "administrative",
        "source": "Hessische Verwaltung für Bodenmanagement und Geoinformation - Digitale Verwaltungsgrenzen",
        "id": "way/193189985"
      },
      "geometry": {
        "type": "LineString",
        "coordinates": [
          [9.774, 50.422],
          [9.773, 50.422],
          [9.773, 50.423],
          [9.773, 50.424],
          [9.772, 50.424],
          [9.771, 50.424],
          [9.771, 50.425],
          [9.769, 50.425],
          [9.767, 50.425],
          [9.766, 50.425],
          [9.765, 50.425],
          [9.763, 50.425],
          [9.761, 50.425],
          [9.760, 50.425],
          [9.760, 50.424],
          [9.759, 50.424],
          [9.758, 50.423],
          [9.758, 50.422],
          [9.757, 50.420],
          [9.757, 50.419],
          [9.757, 50.418],
          [9.756, 50.418],
          [9.756, 50.417],
          [9.755, 50.417],
          [9.754, 50.417]
        ]
      }
    },
    {
      "type": "Feature",
      "id": "way/193189986",
      "properties": {
        "admin_level": "4",
        "boundary": "administrative",
        "source": "Hessische Verwaltung für Bodenmanagement und Geoinformation - Digitale Verwaltungsgrenzen",
        "id": "way/193189986"
      },
      "geometry": {
        "type": "LineString",
        "coordinates": [
          [9.667, 50.238],
          [9.666, 50.238],
          [9.666, 50.237],
          [9.665, 50.236],
          [9.665, 50.235],
          [9.664, 50.235],
          [9.664, 50.234],
          [9.663, 50.234],
          [9.662, 50.233],
          [9.660, 50.233],
          [9.659, 50.233],
          [9.658, 50.233],
          [9.656, 50.232]
        ]
      }
    },
    {
      "type": "Feature",
      "id": "way/193189988",
      "properties": {
        "admin_level": "4",
        "boundary": "administrative",
        "source": "Hessische Verwaltung für Bodenmanagement und Geoinformation - Digitale Verwaltungsgrenzen",
        "id": "way/193189988"
      },
      "geometry": {
        "type": "LineString",
        "coordinates": [
          [9.667, 50.239],
          [9.667, 50.238]
        ]
      }
    },
    {
      "type": "Feature",
      "id": "way/193189990",
      "properties": {
        "admin_level": "4",
        "boundary": "administrative",
        "source": "Hessische Verwaltung für Bodenmanagement und Geoinformation - Digitale Verwaltungsgrenzen",
        "id": "way/193189990"
      },
      "geometry": {
        "type": "LineString",
        "coordinates": [
          [9.692, 50.277],
          [9.690, 50.277],
          [9.689, 50.277],
          [9.687, 50.277],
          [9.685, 50.277],
          [9.684, 50.278],
          [9.683, 50.278],
          [9.681, 50.278],
          [9.680, 50.277],
          [9.679, 50.277],
          [9.677, 50.276],
          [9.676, 50.275],
          [9.673, 50.274]
        ]
      }
    },
    {
      "type": "Feature",
      "id": "way/193189991",
      "properties": {
        "admin_level": "4",
        "boundary": "administrative",
        "source": "Hessische Verwaltung für Bodenmanagement und Geoinformation - Digitale Verwaltungsgrenzen",
        "id": "way/193189991"
      },
      "geometry": {
        "type": "LineString",
        "coordinates": [
          [9.733, 50.356],
          [9.733, 50.355],
          [9.733, 50.354],
          [9.733, 50.353],
          [9.733, 50.352],
          [9.733, 50.351],
          [9.734, 50.350],
          [9.736, 50.350],
          [9.737, 50.350],
          [9.738, 50.349],
          [9.739, 50.349],
          [9.740, 50.349],
          [9.741, 50.348],
          [9.742, 50.347],
          [9.743, 50.346]
        ]
      }
    },
    {
      "type": "Feature",
      "id": "way/193189992",
      "properties": {
        "admin_level": "4",
        "boundary": "administrative",
        "source": "Hessische Verwaltung für Bodenmanagement und Geoinformation - Digitale Verwaltungsgrenzen",
        "id": "way/193189992"
      },
      "geometry": {
        "type": "LineString",
        "coordinates": [
          [9.743, 50.346],
          [9.743, 50.345],
          [9.743, 50.344],
          [9.744, 50.343],
          [9.745, 50.342],
          [9.746, 50.342],
          [9.746, 50.341],
          [9.747, 50.340],
          [9.747, 50.339],
          [9.746, 50.339],
          [9.746, 50.338],
          [9.746, 50.337],
          [9.746, 50.336],
          [9.745, 50.335],
          [9.745, 50.334],
          [9.745, 50.333],
          [9.744, 50.332],
          [9.744, 50.331],
          [9.744, 50.329],
          [9.744, 50.328],
          [9.744, 50.327]
        ]
      }
    },
    {
      "type": "Feature",
      "id": "way/193189993",
      "properties": {
        "admin_level": "4",
        "boundary": "administrative",
        "source": "Hessische Verwaltung für Bodenmanagement und Geoinformation - Digitale Verwaltungsgrenzen",
        "id": "way/193189993"
      },
      "geometry": {
        "type": "LineString",
        "coordinates": [
          [9.871, 50.409],
          [9.870, 50.409],
          [9.869, 50.408],
          [9.869, 50.407],
          [9.866, 50.406],
          [9.866, 50.405],
          [9.865, 50.404],
          [9.864, 50.404],
          [9.864, 50.403],
          [9.864, 50.402],
          [9.864, 50.401],
          [9.863, 50.400],
          [9.862, 50.399],
          [9.861, 50.398],
          [9.860, 50.398],
          [9.860, 50.397],
          [9.859, 50.397],
          [9.858, 50.397],
          [9.857, 50.398],
          [9.856, 50.398],
          [9.854, 50.398],
          [9.853, 50.398],
          [9.850, 50.399],
          [9.849, 50.399],
          [9.848, 50.399],
          [9.847, 50.399],
          [9.847, 50.400],
          [9.846, 50.401],
          [9.845, 50.401],
          [9.844, 50.402],
          [9.843, 50.402],
          [9.843, 50.403],
          [9.842, 50.403],
          [9.841, 50.404],
          [9.840, 50.404],
          [9.839, 50.404],
          [9.838, 50.405],
          [9.837, 50.405],
          [9.838, 50.405],
          [9.837, 50.405],
          [9.836, 50.405],
          [9.834, 50.405],
          [9.833, 50.406],
          [9.832, 50.406],
          [9.832, 50.405],
          [9.831, 50.406],
          [9.830, 50.406],
          [9.829, 50.406],
          [9.828, 50.406],
          [9.827, 50.406],
          [9.826, 50.406],
          [9.825, 50.406],
          [9.824, 50.406],
          [9.824, 50.405],
          [9.823, 50.405],
          [9.822, 50.406],
          [9.821, 50.406],
          [9.821, 50.407],
          [9.821, 50.408],
          [9.820, 50.407],
          [9.819, 50.407],
          [9.819, 50.408],
          [9.819, 50.409],
          [9.818, 50.409],
          [9.817, 50.409],
          [9.816, 50.410],
          [9.814, 50.411],
          [9.813, 50.412],
          [9.811, 50.412],
          [9.810, 50.412],
          [9.809, 50.412],
          [9.807, 50.412],
          [9.808, 50.412],
          [9.808, 50.413],
          [9.808, 50.414],
          [9.809, 50.415],
          [9.810, 50.415],
          [9.811, 50.416]
        ]
      }
    },
    {
      "type": "Feature",
      "id": "way/193189999",
      "properties": {
        "admin_level": "4",
        "boundary": "administrative",
        "source": "Hessische Verwaltung für Bodenmanagement und Geoinformation - Digitale Verwaltungsgrenzen",
        "id": "way/193189999"
      },
      "geometry": {
        "type": "LineString",
        "coordinates": [
          [9.656, 50.232],
          [9.654, 50.232],
          [9.653, 50.232],
          [9.652, 50.232],
          [9.652, 50.233],
          [9.650, 50.233],
          [9.649, 50.234],
          [9.648, 50.234],
          [9.647, 50.235],
          [9.646, 50.235],
          [9.644, 50.234],
          [9.643, 50.235],
          [9.642, 50.234],
          [9.640, 50.234],
          [9.639, 50.234],
          [9.636, 50.235],
          [9.635, 50.234],
          [9.634, 50.234],
          [9.633, 50.233],
          [9.632, 50.233],
          [9.631, 50.232],
          [9.630, 50.231],
          [9.628, 50.231],
          [9.626, 50.230],
          [9.625, 50.230],
          [9.624, 50.229],
          [9.623, 50.229]
        ]
      }
    },
    {
      "type": "Feature",
      "id": "way/193190000",
      "properties": {
        "admin_level": "4",
        "boundary": "administrative",
        "source": "Hessische Verwaltung für Bodenmanagement und Geoinformation - Digitale Verwaltungsgrenzen",
        "id": "way/193190000"
      },
      "geometry": {
        "type": "LineString",
        "coordinates": [
          [9.673, 50.274],
          [9.672, 50.274],
          [9.671, 50.273],
          [9.670, 50.273],
          [9.669, 50.273],
          [9.668, 50.272],
          [9.667, 50.272],
          [9.665, 50.271],
          [9.664, 50.271],
          [9.663, 50.271],
          [9.663, 50.270],
          [9.662, 50.271],
          [9.660, 50.271],
          [9.659, 50.271],
          [9.657, 50.271],
          [9.656, 50.271]
        ]
      }
    },
    {
      "type": "Feature",
      "id": "way/193190001",
      "properties": {
        "admin_level": "4",
        "boundary": "administrative",
        "source": "Hessische Verwaltung für Bodenmanagement und Geoinformation - Digitale Verwaltungsgrenzen",
        "id": "way/193190001"
      },
      "geometry": {
        "type": "LineString",
        "coordinates": [
          [9.615, 50.224],
          [9.614, 50.224],
          [9.613, 50.224],
          [9.612, 50.223],
          [9.611, 50.223],
          [9.610, 50.223],
          [9.609, 50.223],
          [9.608, 50.223],
          [9.607, 50.223],
          [9.606, 50.222],
          [9.605, 50.222],
          [9.604, 50.221],
          [9.603, 50.222],
          [9.602, 50.222],
          [9.601, 50.222],
          [9.600, 50.222],
          [9.599, 50.222],
          [9.598, 50.222],
          [9.597, 50.223],
          [9.597, 50.222],
          [9.596, 50.222],
          [9.595, 50.222]
        ]
      }
    },
    {
      "type": "Feature",
      "id": "way/193190004",
      "properties": {
        "admin_level": "4",
        "boundary": "administrative",
        "source": "Hessische Verwaltung für Bodenmanagement und Geoinformation - Digitale Verwaltungsgrenzen",
        "id": "way/193190004"
      },
      "geometry": {
        "type": "LineString",
        "coordinates": [
          [9.727, 50.294],
          [9.726, 50.294],
          [9.725, 50.294],
          [9.723, 50.294],
          [9.722, 50.294],
          [9.721, 50.294],
          [9.720, 50.294],
          [9.719, 50.294],
          [9.719, 50.293],
          [9.719, 50.292],
          [9.719, 50.291],
          [9.719, 50.292],
          [9.718, 50.292],
          [9.717, 50.292],
          [9.716, 50.292],
          [9.715, 50.292],
          [9.714, 50.292]
        ]
      }
    },
    {
      "type": "Feature",
      "id": "way/193190005",
      "properties": {
        "admin_level": "4",
        "boundary": "administrative",
        "source": "Hessische Verwaltung für Bodenmanagement und Geoinformation - Digitale Verwaltungsgrenzen",
        "id": "way/193190005"
      },
      "geometry": {
        "type": "LineString",
        "coordinates": [
          [9.642, 50.255],
          [9.643, 50.255],
          [9.641, 50.254],
          [9.637, 50.252],
          [9.637, 50.251],
          [9.637, 50.250],
          [9.638, 50.249],
          [9.639, 50.248],
          [9.640, 50.247],
          [9.641, 50.247],
          [9.642, 50.247],
          [9.643, 50.247],
          [9.644, 50.247],
          [9.645, 50.247],
          [9.646, 50.246],
          [9.647, 50.246],
          [9.649, 50.246],
          [9.650, 50.245],
          [9.651, 50.245],
          [9.653, 50.244],
          [9.654, 50.244],
          [9.655, 50.243],
          [9.656, 50.243],
          [9.657, 50.243],
          [9.658, 50.242],
          [9.660, 50.242],
          [9.661, 50.241],
          [9.662, 50.241],
          [9.663, 50.241],
          [9.664, 50.241],
          [9.665, 50.240],
          [9.666, 50.240],
          [9.667, 50.239]
        ]
      }
    },
    {
      "type": "Feature",
      "id": "way/193190006",
      "properties": {
        "admin_level": "4",
        "boundary": "administrative",
        "source": "Hessische Verwaltung für Bodenmanagement und Geoinformation - Digitale Verwaltungsgrenzen",
        "id": "way/193190006"
      },
      "geometry": {
        "type": "LineString",
        "coordinates": [
          [9.747, 50.325],
          [9.748, 50.325],
          [9.748, 50.324],
          [9.748, 50.323],
          [9.747, 50.322],
          [9.746, 50.321],
          [9.745, 50.322],
          [9.745, 50.321],
          [9.744, 50.320],
          [9.743, 50.319],
          [9.744, 50.319],
          [9.744, 50.318],
          [9.744, 50.317],
          [9.745, 50.317],
          [9.746, 50.316],
          [9.746, 50.315],
          [9.746, 50.314],
          [9.747, 50.314],
          [9.747, 50.313],
          [9.746, 50.312],
          [9.746, 50.311],
          [9.745, 50.311],
          [9.745, 50.310],
          [9.744, 50.310],
          [9.743, 50.309],
          [9.743, 50.308],
          [9.743, 50.307],
          [9.742, 50.306],
          [9.741, 50.306],
          [9.741, 50.305],
          [9.740, 50.305],
          [9.739, 50.305],
          [9.738, 50.304],
          [9.738, 50.303],
          [9.739, 50.303],
          [9.739, 50.302],
          [9.738, 50.302],
          [9.737, 50.301],
          [9.736, 50.301],
          [9.735, 50.300],
          [9.735, 50.299],
          [9.734, 50.299],
          [9.733, 50.298],
          [9.732, 50.298],
          [9.731, 50.298],
          [9.730, 50.297],
          [9.729, 50.296],
          [9.729, 50.295],
          [9.728, 50.295],
          [9.727, 50.295],
          [9.727, 50.294]
        ]
      }
    },
    {
      "type": "Feature",
      "id": "way/193190008",
      "properties": {
        "admin_level": "4",
        "boundary": "administrative",
        "source": "Hessische Verwaltung für Bodenmanagement und Geoinformation - Digitale Verwaltungsgrenzen",
        "id": "way/193190008"
      },
      "geometry": {
        "type": "LineString",
        "coordinates": [
          [9.811, 50.418],
          [9.810, 50.419],
          [9.809, 50.420],
          [9.809, 50.421],
          [9.808, 50.422],
          [9.807, 50.422],
          [9.806, 50.422]
        ]
      }
    },
    {
      "type": "Feature",
      "id": "way/193190009",
      "properties": {
        "admin_level": "4",
        "boundary": "administrative",
        "source": "Hessische Verwaltung für Bodenmanagement und Geoinformation - Digitale Verwaltungsgrenzen",
        "id": "way/193190009"
      },
      "geometry": {
        "type": "LineString",
        "coordinates": [
          [9.648, 50.263],
          [9.648, 50.262],
          [9.648, 50.261],
          [9.647, 50.261],
          [9.646, 50.261],
          [9.647, 50.261],
          [9.646, 50.261],
          [9.646, 50.260],
          [9.645, 50.260],
          [9.646, 50.259],
          [9.645, 50.258],
          [9.644, 50.257],
          [9.643, 50.257],
          [9.642, 50.257],
          [9.641, 50.256],
          [9.642, 50.255]
        ]
      }
    },
    {
      "type": "Feature",
      "id": "way/193228822",
      "properties": {
        "admin_level": "4",
        "boundary": "administrative",
        "source": "Hessische Verwaltung für Bodenmanagement und Geoinformation - Digitale Verwaltungsgrenzen",
        "id": "way/193228822"
      },
      "geometry": {
        "type": "LineString",
        "coordinates": [
          [9.501, 50.243],
          [9.501, 50.242],
          [9.500, 50.242],
          [9.499, 50.241],
          [9.498, 50.240],
          [9.498, 50.239],
          [9.500, 50.238],
          [9.501, 50.238],
          [9.499, 50.235],
          [9.498, 50.234],
          [9.497, 50.233],
          [9.497, 50.230],
          [9.496, 50.229],
          [9.495, 50.227],
          [9.494, 50.226],
          [9.495, 50.225],
          [9.497, 50.224],
          [9.498, 50.223],
          [9.499, 50.223],
          [9.501, 50.222]
        ]
      }
    },
    {
      "type": "Feature",
      "id": "way/193228824",
      "properties": {
        "admin_level": "4",
        "boundary": "administrative",
        "source": "Hessische Verwaltung für Bodenmanagement und Geoinformation - Digitale Verwaltungsgrenzen",
        "id": "way/193228824"
      },
      "geometry": {
        "type": "LineString",
        "coordinates": [
          [9.574, 50.231],
          [9.573, 50.231],
          [9.572, 50.231]
        ]
      }
    },
    {
      "type": "Feature",
      "id": "way/193228825",
      "properties": {
        "admin_level": "4",
        "boundary": "administrative",
        "source": "Hessische Verwaltung für Bodenmanagement und Geoinformation - Digitale Verwaltungsgrenzen",
        "id": "way/193228825"
      },
      "geometry": {
        "type": "LineString",
        "coordinates": [
          [9.595, 50.222],
          [9.595, 50.223],
          [9.595, 50.224],
          [9.594, 50.224],
          [9.593, 50.224],
          [9.592, 50.223],
          [9.591, 50.223],
          [9.590, 50.223],
          [9.589, 50.223],
          [9.587, 50.223],
          [9.586, 50.223],
          [9.584, 50.222],
          [9.582, 50.221],
          [9.581, 50.221],
          [9.581, 50.222],
          [9.580, 50.223],
          [9.579, 50.224],
          [9.580, 50.226],
          [9.579, 50.227],
          [9.578, 50.228],
          [9.577, 50.229],
          [9.577, 50.230],
          [9.576, 50.231],
          [9.576, 50.232],
          [9.575, 50.232],
          [9.574, 50.232]
        ]
      }
    },
    {
      "type": "Feature",
      "id": "way/193228828",
      "properties": {
        "admin_level": "4",
        "boundary": "administrative",
        "source": "Hessische Verwaltung für Bodenmanagement und Geoinformation - Digitale Verwaltungsgrenzen",
        "id": "way/193228828"
      },
      "geometry": {
        "type": "LineString",
        "coordinates": [
          [9.528, 50.168],
          [9.528, 50.167],
          [9.528, 50.166],
          [9.529, 50.165],
          [9.529, 50.164],
          [9.529, 50.163],
          [9.530, 50.162],
          [9.530, 50.161],
          [9.531, 50.160]
        ]
      }
    },
    {
      "type": "Feature",
      "id": "way/193228830",
      "properties": {
        "admin_level": "4",
        "boundary": "administrative",
        "source": "Hessische Verwaltung für Bodenmanagement und Geoinformation - Digitale Verwaltungsgrenzen",
        "id": "way/193228830"
      },
      "geometry": {
        "type": "LineString",
        "coordinates": [
          [9.571, 50.231],
          [9.569, 50.232],
          [9.568, 50.231],
          [9.566, 50.231],
          [9.565, 50.230],
          [9.562, 50.230],
          [9.561, 50.229],
          [9.559, 50.229],
          [9.556, 50.228],
          [9.554, 50.228],
          [9.553, 50.228],
          [9.551, 50.228],
          [9.550, 50.228],
          [9.549, 50.227],
          [9.548, 50.226],
          [9.547, 50.226],
          [9.546, 50.225],
          [9.545, 50.224],
          [9.542, 50.224],
          [9.541, 50.224],
          [9.539, 50.226],
          [9.538, 50.226],
          [9.537, 50.226],
          [9.537, 50.227],
          [9.537, 50.230],
          [9.537, 50.232],
          [9.536, 50.232],
          [9.535, 50.233],
          [9.533, 50.234],
          [9.528, 50.234],
          [9.527, 50.234],
          [9.526, 50.234],
          [9.525, 50.234],
          [9.523, 50.233],
          [9.522, 50.233],
          [9.521, 50.233],
          [9.519, 50.233],
          [9.518, 50.233],
          [9.517, 50.233],
          [9.516, 50.233],
          [9.515, 50.233],
          [9.515, 50.234],
          [9.514, 50.234],
          [9.511, 50.235],
          [9.509, 50.236],
          [9.508, 50.238],
          [9.507, 50.238],
          [9.506, 50.240],
          [9.505, 50.240],
          [9.505, 50.241],
          [9.504, 50.241],
          [9.503, 50.241],
          [9.503, 50.242],
          [9.502, 50.242],
          [9.501, 50.243]
        ]
      }
    },
    {
      "type": "Feature",
      "id": "way/193393780",
      "properties": {
        "admin_level": "4",
        "boundary": "administrative",
        "source": "Hessische Verwaltung für Bodenmanagement und Geoinformation - Digitale Verwaltungsgrenzen",
        "id": "way/193393780"
      },
      "geometry": {
        "type": "LineString",
        "coordinates": [
          [9.421, 50.084],
          [9.419, 50.084],
          [9.418, 50.084],
          [9.417, 50.083],
          [9.415, 50.083],
          [9.412, 50.083],
          [9.410, 50.084],
          [9.407, 50.086],
          [9.405, 50.087],
          [9.404, 50.087]
        ]
      }
    },
    {
      "type": "Feature",
      "id": "way/193393781",
      "properties": {
        "admin_level": "4",
        "boundary": "administrative",
        "source": "Hessische Verwaltung für Bodenmanagement und Geoinformation - Digitale Verwaltungsgrenzen",
        "id": "way/193393781"
      },
      "geometry": {
        "type": "LineString",
        "coordinates": [
          [9.501, 50.222],
          [9.502, 50.221],
          [9.502, 50.220],
          [9.503, 50.220],
          [9.503, 50.218],
          [9.503, 50.217],
          [9.504, 50.216],
          [9.505, 50.214],
          [9.502, 50.212]
        ]
      }
    },
    {
      "type": "Feature",
      "id": "way/193393784",
      "properties": {
        "admin_level": "4",
        "boundary": "administrative",
        "source": "Hessische Verwaltung für Bodenmanagement und Geoinformation - Digitale Verwaltungsgrenzen",
        "id": "way/193393784"
      },
      "geometry": {
        "type": "LineString",
        "coordinates": [
          [9.502, 50.212],
          [9.502, 50.210],
          [9.503, 50.210],
          [9.503, 50.208],
          [9.504, 50.208],
          [9.505, 50.207],
          [9.507, 50.206],
          [9.507, 50.205],
          [9.510, 50.201],
          [9.512, 50.201],
          [9.516, 50.199]
        ]
      }
    },
    {
      "type": "Feature",
      "id": "way/193393798",
      "properties": {
        "admin_level": "4",
        "boundary": "administrative",
        "source": "Hessische Verwaltung für Bodenmanagement und Geoinformation - Digitale Verwaltungsgrenzen",
        "id": "way/193393798"
      },
      "geometry": {
        "type": "LineString",
        "coordinates": [
          [9.516, 50.199],
          [9.515, 50.199],
          [9.516, 50.198],
          [9.515, 50.197],
          [9.515, 50.196],
          [9.515, 50.195],
          [9.516, 50.194]
        ]
      }
    },
    {
      "type": "Feature",
      "id": "way/193393806",
      "properties": {
        "admin_level": "4",
        "boundary": "administrative",
        "source": "Hessische Verwaltung für Bodenmanagement und Geoinformation - Digitale Verwaltungsgrenzen",
        "id": "way/193393806"
      },
      "geometry": {
        "type": "LineString",
        "coordinates": [
          [9.463, 50.090],
          [9.462, 50.090]
        ]
      }
    },
    {
      "type": "Feature",
      "id": "way/193393807",
      "properties": {
        "admin_level": "4",
        "boundary": "administrative",
        "source": "Hessische Verwaltung für Bodenmanagement und Geoinformation - Digitale Verwaltungsgrenzen",
        "id": "way/193393807"
      },
      "geometry": {
        "type": "LineString",
        "coordinates": [
          [9.501, 50.222]
        ]
      }
    },
    {
      "type": "Feature",
      "id": "way/193393808",
      "properties": {
        "admin_level": "4",
        "boundary": "administrative",
        "source": "Hessische Verwaltung für Bodenmanagement und Geoinformation - Digitale Verwaltungsgrenzen",
        "id": "way/193393808"
      },
      "geometry": {
        "type": "LineString",
        "coordinates": [
          [9.513, 50.193],
          [9.512, 50.193],
          [9.512, 50.194]
        ]
      }
    },
    {
      "type": "Feature",
      "id": "way/193393809",
      "properties": {
        "admin_level": "4",
        "boundary": "administrative",
        "source": "Hessische Verwaltung für Bodenmanagement und Geoinformation - Digitale Verwaltungsgrenzen",
        "id": "way/193393809"
      },
      "geometry": {
        "type": "LineString",
        "coordinates": [
          [9.421, 50.084]
        ]
      }
    },
    {
      "type": "Feature",
      "id": "way/193393810",
      "properties": {
        "admin_level": "4",
        "boundary": "administrative",
        "source": "Hessische Verwaltung für Bodenmanagement und Geoinformation - Digitale Verwaltungsgrenzen",
        "id": "way/193393810"
      },
      "geometry": {
        "type": "LineString",
        "coordinates": [
          [9.462, 50.090],
          [9.461, 50.090],
          [9.460, 50.089],
          [9.459, 50.089],
          [9.458, 50.089],
          [9.456, 50.089],
          [9.455, 50.089],
          [9.453, 50.090],
          [9.451, 50.090],
          [9.450, 50.090],
          [9.449, 50.090],
          [9.448, 50.089],
          [9.445, 50.089]
        ]
      }
    },
    {
      "type": "Feature",
      "id": "way/193393820",
      "properties": {
        "admin_level": "4",
        "boundary": "administrative",
        "source": "Hessische Verwaltung für Bodenmanagement und Geoinformation - Digitale Verwaltungsgrenzen",
        "id": "way/193393820"
      },
      "geometry": {
        "type": "LineString",
        "coordinates": [
          [9.512, 50.194],
          [9.511, 50.194],
          [9.510, 50.194],
          [9.508, 50.195],
          [9.504, 50.193],
          [9.503, 50.193],
          [9.502, 50.193],
          [9.501, 50.193]
        ]
      }
    },
    {
      "type": "Feature",
      "id": "way/193393823",
      "properties": {
        "admin_level": "4",
        "boundary": "administrative",
        "source": "Hessische Verwaltung für Bodenmanagement und Geoinformation - Digitale Verwaltungsgrenzen",
        "id": "way/193393823"
      },
      "geometry": {
        "type": "LineString",
        "coordinates": [
          [9.516, 50.194]
        ]
      }
    },
    {
      "type": "Feature",
      "id": "way/193393826",
      "properties": {
        "admin_level": "4",
        "boundary": "administrative",
        "source": "Hessische Verwaltung für Bodenmanagement und Geoinformation - Digitale Verwaltungsgrenzen",
        "id": "way/193393826"
      },
      "geometry": {
        "type": "LineString",
        "coordinates": [
          [9.514, 50.193],
          [9.513, 50.193]
        ]
      }
    },
    {
      "type": "Feature",
      "id": "way/193393829",
      "properties": {
        "admin_level": "4",
        "boundary": "administrative",
        "source": "Hessische Verwaltung für Bodenmanagement und Geoinformation - Digitale Verwaltungsgrenzen",
        "id": "way/193393829"
      },
      "geometry": {
        "type": "LineString",
        "coordinates": [
          [9.519, 50.106],
          [9.519, 50.105],
          [9.518, 50.105],
          [9.518, 50.104],
          [9.517, 50.103],
          [9.516, 50.101],
          [9.514, 50.100],
          [9.512, 50.099],
          [9.513, 50.098],
          [9.514, 50.097],
          [9.513, 50.095],
          [9.512, 50.094],
          [9.509, 50.094],
          [9.507, 50.095],
          [9.506, 50.095],
          [9.505, 50.095],
          [9.503, 50.095],
          [9.502, 50.096],
          [9.501, 50.096],
          [9.499, 50.097],
          [9.497, 50.095],
          [9.495, 50.094],
          [9.494, 50.094],
          [9.493, 50.094],
          [9.492, 50.094],
          [9.491, 50.094],
          [9.489, 50.094],
          [9.488, 50.094],
          [9.486, 50.094],
          [9.483, 50.095],
          [9.481, 50.095],
          [9.478, 50.094],
          [9.476, 50.093],
          [9.473, 50.093],
          [9.471, 50.092],
          [9.468, 50.092],
          [9.466, 50.091],
          [9.465, 50.091],
          [9.464, 50.091],
          [9.463, 50.090]
        ]
      }
    },
    {
      "type": "Feature",
      "id": "way/193393838",
      "properties": {
        "admin_level": "4",
        "boundary": "administrative",
        "source": "Hessische Verwaltung für Bodenmanagement und Geoinformation - Digitale Verwaltungsgrenzen",
        "id": "way/193393838"
      },
      "geometry": {
        "type": "LineString",
        "coordinates": [
          [9.531, 50.160],
          [9.528, 50.157],
          [9.527, 50.156],
          [9.526, 50.155],
          [9.525, 50.154],
          [9.524, 50.153],
          [9.523, 50.151],
          [9.522, 50.151],
          [9.522, 50.150],
          [9.521, 50.149],
          [9.519, 50.149],
          [9.518, 50.148],
          [9.517, 50.148],
          [9.515, 50.148],
          [9.514, 50.148],
          [9.512, 50.148],
          [9.510, 50.147],
          [9.509, 50.147],
          [9.508, 50.147],
          [9.507, 50.146],
          [9.507, 50.145],
          [9.507, 50.144],
          [9.508, 50.143],
          [9.507, 50.141],
          [9.508, 50.139],
          [9.508, 50.137],
          [9.509, 50.132],
          [9.510, 50.130],
          [9.510, 50.129],
          [9.511, 50.127],
          [9.511, 50.126]
        ]
      }
    },
    {
      "type": "Feature",
      "id": "way/193393843",
      "properties": {
        "admin_level": "4",
        "boundary": "administrative",
        "source": "Hessische Verwaltung für Bodenmanagement und Geoinformation - Digitale Verwaltungsgrenzen",
        "id": "way/193393843"
      },
      "geometry": {
        "type": "LineString",
        "coordinates": [
          [9.516, 50.194],
          [9.515, 50.194],
          [9.514, 50.194],
          [9.514, 50.193]
        ]
      }
    },
    {
      "type": "Feature",
      "id": "way/193393847",
      "properties": {
        "admin_level": "4",
        "boundary": "administrative",
        "source": "Hessische Verwaltung für Bodenmanagement und Geoinformation - Digitale Verwaltungsgrenzen",
        "id": "way/193393847"
      },
      "geometry": {
        "type": "LineString",
        "coordinates": [
          [9.505, 50.169],
          [9.517, 50.167],
          [9.524, 50.167],
          [9.528, 50.168]
        ]
      }
    },
    {
      "type": "Feature",
      "id": "way/193405138",
      "properties": {
        "admin_level": "4",
        "boundary": "administrative",
        "source": "Hessische Verwaltung für Bodenmanagement und Geoinformation - Digitale Verwaltungsgrenzen",
        "id": "way/193405138"
      },
      "geometry": {
        "type": "LineString",
        "coordinates": [
          [9.376, 50.129],
          [9.376, 50.130]
        ]
      }
    },
    {
      "type": "Feature",
      "id": "way/193405141",
      "properties": {
        "admin_level": "4",
        "boundary": "administrative",
        "source": "Hessische Verwaltung für Bodenmanagement und Geoinformation - Digitale Verwaltungsgrenzen",
        "id": "way/193405141"
      },
      "geometry": {
        "type": "LineString",
        "coordinates": [
          [9.404, 50.087],
          [9.402, 50.088],
          [9.402, 50.089],
          [9.400, 50.091],
          [9.398, 50.093],
          [9.395, 50.096],
          [9.394, 50.097],
          [9.393, 50.099],
          [9.392, 50.102],
          [9.390, 50.105],
          [9.387, 50.108],
          [9.386, 50.110],
          [9.386, 50.112]
        ]
      }
    },
    {
      "type": "Feature",
      "id": "way/193405147",
      "properties": {
        "admin_level": "4",
        "boundary": "administrative",
        "source": "Hessische Verwaltung für Bodenmanagement und Geoinformation - Digitale Verwaltungsgrenzen",
        "id": "way/193405147"
      },
      "geometry": {
        "type": "LineString",
        "coordinates": [
          [9.374, 50.130],
          [9.373, 50.130],
          [9.370, 50.131],
          [9.369, 50.131],
          [9.366, 50.131],
          [9.364, 50.130],
          [9.361, 50.131],
          [9.357, 50.131],
          [9.356, 50.131],
          [9.354, 50.131],
          [9.352, 50.130],
          [9.351, 50.130],
          [9.349, 50.130],
          [9.347, 50.131],
          [9.344, 50.131],
          [9.343, 50.131],
          [9.342, 50.131],
          [9.340, 50.132],
          [9.338, 50.133],
          [9.337, 50.135],
          [9.336, 50.136],
          [9.333, 50.138],
          [9.330, 50.140],
          [9.328, 50.140],
          [9.327, 50.141],
          [9.324, 50.140],
          [9.323, 50.140],
          [9.321, 50.139]
        ]
      }
    },
    {
      "type": "Feature",
      "id": "way/193405164",
      "properties": {
        "admin_level": "4",
        "boundary": "administrative",
        "source": "Hessische Verwaltung für Bodenmanagement und Geoinformation - Digitale Verwaltungsgrenzen",
        "id": "way/193405164"
      },
      "geometry": {
        "type": "LineString",
        "coordinates": [
          [9.376, 50.130],
          [9.375, 50.130],
          [9.374, 50.130]
        ]
      }
    },
    {
      "type": "Feature",
      "id": "way/193773929",
      "properties": {
        "admin_level": "4",
        "boundary": "administrative",
        "source": "Hessische Verwaltung für Bodenmanagement und Geoinformation - Digitale Verwaltungsgrenzen",
        "id": "way/193773929"
      },
      "geometry": {
        "type": "LineString",
        "coordinates": [
          [9.211, 50.144],
          [9.211, 50.143],
          [9.210, 50.143],
          [9.211, 50.143],
          [9.210, 50.143],
          [9.210, 50.142],
          [9.209, 50.142],
          [9.208, 50.142],
          [9.209, 50.142],
          [9.208, 50.142],
          [9.207, 50.142],
          [9.206, 50.142],
          [9.205, 50.142],
          [9.204, 50.142],
          [9.203, 50.142],
          [9.203, 50.141],
          [9.202, 50.141],
          [9.201, 50.141],
          [9.201, 50.140],
          [9.201, 50.141],
          [9.200, 50.141],
          [9.199, 50.141],
          [9.199, 50.140],
          [9.198, 50.141],
          [9.198, 50.140],
          [9.197, 50.140],
          [9.196, 50.140],
          [9.195, 50.140],
          [9.195, 50.139],
          [9.194, 50.139],
          [9.194, 50.138]
        ]
      }
    },
    {
      "type": "Feature",
      "id": "way/193773931",
      "properties": {
        "admin_level": "4",
        "boundary": "administrative",
        "source": "Hessische Verwaltung für Bodenmanagement und Geoinformation - Digitale Verwaltungsgrenzen",
        "id": "way/193773931"
      },
      "geometry": {
        "type": "LineString",
        "coordinates": [
          [9.026, 49.955],
          [9.025, 49.954],
          [9.025, 49.953],
          [9.024, 49.952],
          [9.023, 49.951],
          [9.022, 49.950],
          [9.021, 49.949]
        ]
      }
    },
    {
      "type": "Feature",
      "id": "way/193773932",
      "properties": {
        "admin_level": "4",
        "boundary": "administrative",
        "source": "Hessische Verwaltung für Bodenmanagement und Geoinformation - Digitale Verwaltungsgrenzen",
        "id": "way/193773932"
      },
      "geometry": {
        "type": "LineString",
        "coordinates": [
          [9.152, 50.092],
          [9.151, 50.091],
          [9.150, 50.091],
          [9.149, 50.090],
          [9.148, 50.090],
          [9.148, 50.091],
          [9.147, 50.091]
        ]
      }
    },
    {
      "type": "Feature",
      "id": "way/193773934",
      "properties": {
        "admin_level": "4",
        "boundary": "administrative",
        "source": "ALKIS Hessen + Shapefiles",
        "id": "way/193773934"
      },
      "geometry": {
        "type": "LineString",
        "coordinates": [
          [9.102, 49.660],
          [9.103, 49.660],
          [9.103, 49.659],
          [9.103, 49.658],
          [9.102, 49.658],
          [9.102, 49.657],
          [9.102, 49.656],
          [9.101, 49.656],
          [9.101, 49.655],
          [9.100, 49.654],
          [9.099, 49.653],
          [9.099, 49.652],
          [9.100, 49.651],
          [9.100, 49.650],
          [9.100, 49.649],
          [9.100, 49.648],
          [9.100, 49.647],
          [9.099, 49.646],
          [9.099, 49.645],
          [9.100, 49.644],
          [9.101, 49.644],
          [9.101, 49.643],
          [9.102, 49.642],
          [9.101, 49.641],
          [9.100, 49.640],
          [9.098, 49.639],
          [9.097, 49.638],
          [9.095, 49.637],
          [9.094, 49.637],
          [9.093, 49.636],
          [9.092, 49.635],
          [9.091, 49.635],
          [9.090, 49.635],
          [9.089, 49.635],
          [9.088, 49.635],
          [9.087, 49.635],
          [9.086, 49.635],
          [9.085, 49.635],
          [9.084, 49.634],
          [9.083, 49.634],
          [9.083, 49.633],
          [9.082, 49.633],
          [9.081, 49.633],
          [9.080, 49.632],
          [9.080, 49.631],
          [9.080, 49.630],
          [9.080, 49.629],
          [9.079, 49.629],
          [9.079, 49.628],
          [9.078, 49.628],
          [9.077, 49.627],
          [9.076, 49.627],
          [9.076, 49.626],
          [9.075, 49.626],
          [9.075, 49.625],
          [9.074, 49.625],
          [9.073, 49.624],
          [9.072, 49.624],
          [9.071, 49.624],
          [9.071, 49.623],
          [9.070, 49.623],
          [9.069, 49.623],
          [9.068, 49.622],
          [9.068, 49.621],
          [9.068, 49.620],
          [9.067, 49.620],
          [9.067, 49.619],
          [9.066, 49.619]
        ]
      }
    },
    {
      "type": "Feature",
      "id": "way/193773935",
      "properties": {
        "admin_level": "4",
        "boundary": "administrative",
        "source": "ALKIS Hessen + Shapefiles",
        "id": "way/193773935"
      },
      "geometry": {
        "type": "LineString",
        "coordinates": [
          [9.037, 49.842],
          [9.039, 49.841],
          [9.040, 49.840],
          [9.041, 49.839],
          [9.041, 49.840],
          [9.042, 49.841],
          [9.042, 49.843],
          [9.043, 49.844],
          [9.043, 49.843],
          [9.045, 49.842],
          [9.046, 49.842],
          [9.050, 49.842],
          [9.051, 49.842],
          [9.051, 49.843],
          [9.052, 49.843],
          [9.053, 49.845],
          [9.054, 49.845],
          [9.055, 49.845],
          [9.057, 49.845],
          [9.060, 49.846],
          [9.060, 49.845],
          [9.059, 49.845],
          [9.058, 49.845],
          [9.058, 49.844],
          [9.057, 49.844],
          [9.056, 49.844],
          [9.056, 49.843],
          [9.054, 49.842],
          [9.053, 49.842],
          [9.054, 49.841],
          [9.053, 49.841],
          [9.054, 49.840],
          [9.053, 49.840],
          [9.053, 49.839],
          [9.055, 49.840],
          [9.057, 49.840],
          [9.058, 49.841],
          [9.059, 49.841],
          [9.059, 49.840],
          [9.058, 49.839],
          [9.059, 49.838],
          [9.058, 49.837],
          [9.057, 49.836],
          [9.058, 49.836],
          [9.057, 49.835],
          [9.056, 49.835],
          [9.056, 49.834],
          [9.058, 49.832],
          [9.059, 49.832],
          [9.062, 49.832],
          [9.063, 49.831],
          [9.065, 49.831],
          [9.066, 49.832],
          [9.070, 49.833],
          [9.070, 49.834],
          [9.071, 49.836],
          [9.072, 49.837],
          [9.074, 49.838],
          [9.075, 49.839],
          [9.076, 49.840],
          [9.077, 49.841],
          [9.078, 49.842],
          [9.080, 49.843],
          [9.082, 49.845],
          [9.084, 49.846],
          [9.085, 49.847]
        ]
      }
    },
    {
      "type": "Feature",
      "id": "way/193773936",
      "properties": {
        "admin_level": "4",
        "boundary": "administrative",
        "source": "ALKIS Hessen + Shapefiles",
        "id": "way/193773936"
      },
      "geometry": {
        "type": "LineString",
        "coordinates": [
          [9.085, 49.847],
          [9.085, 49.846],
          [9.086, 49.846],
          [9.086, 49.845],
          [9.086, 49.844],
          [9.087, 49.843],
          [9.089, 49.842],
          [9.089, 49.841],
          [9.089, 49.840],
          [9.088, 49.840],
          [9.087, 49.840],
          [9.087, 49.839],
          [9.086, 49.839],
          [9.085, 49.839],
          [9.084, 49.839],
          [9.083, 49.839],
          [9.082, 49.839],
          [9.082, 49.838],
          [9.081, 49.838],
          [9.080, 49.838],
          [9.080, 49.837],
          [9.079, 49.836],
          [9.078, 49.836],
          [9.078, 49.835],
          [9.078, 49.834],
          [9.077, 49.834],
          [9.078, 49.834]
        ]
      }
    },
    {
      "type": "Feature",
      "id": "way/193773940",
      "properties": {
        "admin_level": "4",
        "boundary": "administrative",
        "source": "ALKIS Hessen + Shapefiles",
        "id": "way/193773940"
      },
      "geometry": {
        "type": "LineString",
        "coordinates": [
          [9.142, 49.732],
          [9.142, 49.731],
          [9.141, 49.731],
          [9.141, 49.730],
          [9.141, 49.729],
          [9.140, 49.729],
          [9.140, 49.728],
          [9.139, 49.727],
          [9.139, 49.726]
        ]
      }
    },
    {
      "type": "Feature",
      "id": "way/193773948",
      "properties": {
        "admin_level": "4",
        "boundary": "administrative",
        "source": "ALKIS Hessen + Shapefiles",
        "id": "way/193773948"
      },
      "geometry": {
        "type": "LineString",
        "coordinates": [
          [9.108, 49.797],
          [9.109, 49.797],
          [9.111, 49.797],
          [9.112, 49.797],
          [9.115, 49.797],
          [9.116, 49.797],
          [9.118, 49.797],
          [9.120, 49.796],
          [9.122, 49.796],
          [9.124, 49.796],
          [9.127, 49.795],
          [9.129, 49.795],
          [9.130, 49.795],
          [9.131, 49.794],
          [9.132, 49.794],
          [9.131, 49.793],
          [9.130, 49.793],
          [9.129, 49.792],
          [9.129, 49.791],
          [9.129, 49.790],
          [9.130, 49.789],
          [9.129, 49.787],
          [9.130, 49.786],
          [9.131, 49.785],
          [9.132, 49.785],
          [9.132, 49.784],
          [9.133, 49.783],
          [9.134, 49.783],
          [9.134, 49.782],
          [9.133, 49.781],
          [9.132, 49.780],
          [9.131, 49.780],
          [9.130, 49.779],
          [9.129, 49.778],
          [9.128, 49.777],
          [9.127, 49.776],
          [9.126, 49.776],
          [9.124, 49.776],
          [9.123, 49.776],
          [9.122, 49.776],
          [9.121, 49.775],
          [9.120, 49.775],
          [9.119, 49.775],
          [9.119, 49.774],
          [9.118, 49.774],
          [9.117, 49.773],
          [9.115, 49.773],
          [9.114, 49.773],
          [9.113, 49.773],
          [9.112, 49.772],
          [9.112, 49.771],
          [9.112, 49.770],
          [9.112, 49.769],
          [9.112, 49.768]
        ]
      }
    },
    {
      "type": "Feature",
      "id": "way/193773963",
      "properties": {
        "admin_level": "4",
        "boundary": "administrative",
        "source": "Hessische Verwaltung für Bodenmanagement und Geoinformation - Digitale Verwaltungsgrenzen",
        "id": "way/193773963"
      },
      "geometry": {
        "type": "LineString",
        "coordinates": [
          [9.031, 50.034],
          [9.031, 50.032],
          [9.031, 50.030],
          [9.030, 50.029],
          [9.030, 50.028],
          [9.030, 50.027],
          [9.029, 50.027],
          [9.029, 50.026]
        ]
      }
    },
    {
      "type": "Feature",
      "id": "way/193773966",
      "properties": {
        "admin_level": "4",
        "boundary": "administrative",
        "source": "ALKIS Hessen + Shapefiles",
        "id": "way/193773966"
      },
      "geometry": {
        "type": "LineString",
        "coordinates": [
          [9.105, 49.696],
          [9.104, 49.696],
          [9.103, 49.696],
          [9.102, 49.696],
          [9.101, 49.696],
          [9.100, 49.695],
          [9.098, 49.695],
          [9.096, 49.696],
          [9.095, 49.696],
          [9.092, 49.694],
          [9.089, 49.693]
        ]
      }
    },
    {
      "type": "Feature",
      "id": "way/193773968",
      "properties": {
        "admin_level": "4",
        "boundary": "administrative",
        "source": "Hessische Verwaltung für Bodenmanagement und Geoinformation - Digitale Verwaltungsgrenzen",
        "id": "way/193773968"
      },
      "geometry": {
        "type": "LineString",
        "coordinates": [
          [9.029, 50.026],
          [9.029, 50.025],
          [9.029, 50.024],
          [9.029, 50.023],
          [9.030, 50.023],
          [9.030, 50.022],
          [9.030, 50.021],
          [9.030, 50.020],
          [9.031, 50.020],
          [9.032, 50.017],
          [9.033, 50.016],
          [9.033, 50.015],
          [9.034, 50.014],
          [9.036, 50.012],
          [9.038, 50.011],
          [9.039, 50.010]
        ]
      }
    },
    {
      "type": "Feature",
      "id": "way/193773969",
      "properties": {
        "admin_level": "4",
        "boundary": "administrative",
        "source": "Hessische Verwaltung für Bodenmanagement und Geoinformation - Digitale Verwaltungsgrenzen",
        "id": "way/193773969"
      },
      "geometry": {
        "type": "LineString",
        "coordinates": [
          [9.190, 50.128],
          [9.190, 50.127],
          [9.190, 50.126],
          [9.189, 50.126],
          [9.189, 50.125],
          [9.188, 50.125],
          [9.188, 50.124],
          [9.187, 50.124],
          [9.186, 50.123],
          [9.185, 50.123],
          [9.184, 50.123],
          [9.183, 50.123],
          [9.183, 50.122],
          [9.182, 50.122],
          [9.181, 50.122],
          [9.181, 50.121],
          [9.179, 50.121],
          [9.178, 50.120],
          [9.176, 50.119],
          [9.174, 50.119],
          [9.174, 50.118],
          [9.173, 50.118],
          [9.173, 50.117],
          [9.173, 50.116],
          [9.172, 50.116],
          [9.173, 50.115],
          [9.174, 50.114]
        ]
      }
    },
    {
      "type": "Feature",
      "id": "way/193773978",
      "properties": {
        "admin_level": "4",
        "boundary": "administrative",
        "source": "Hessische Verwaltung für Bodenmanagement und Geoinformation - Digitale Verwaltungsgrenzen",
        "id": "way/193773978"
      },
      "geometry": {
        "type": "LineString",
        "coordinates": [
          [9.071, 50.119],
          [9.070, 50.118],
          [9.068, 50.118],
          [9.065, 50.117],
          [9.064, 50.116],
          [9.062, 50.116],
          [9.060, 50.116],
          [9.056, 50.116],
          [9.052, 50.115],
          [9.051, 50.115],
          [9.050, 50.115],
          [9.048, 50.115],
          [9.046, 50.115],
          [9.044, 50.115],
          [9.042, 50.114],
          [9.036, 50.114]
        ]
      }
    },
    {
      "type": "Feature",
      "id": "way/193773979",
      "properties": {
        "admin_level": "4",
        "boundary": "administrative",
        "source": "Hessische Verwaltung für Bodenmanagement und Geoinformation - Digitale Verwaltungsgrenzen",
        "id": "way/193773979"
      },
      "geometry": {
        "type": "LineString",
        "coordinates": [
          [9.021, 49.949],
          [9.020, 49.948],
          [9.019, 49.948],
          [9.019, 49.946],
          [9.020, 49.946],
          [9.024, 49.945],
          [9.025, 49.945],
          [9.025, 49.944],
          [9.025, 49.943],
          [9.025, 49.941],
          [9.025, 49.940],
          [9.025, 49.939],
          [9.025, 49.938]
        ]
      }
    },
    {
      "type": "Feature",
      "id": "way/193773980",
      "properties": {
        "admin_level": "4",
        "boundary": "administrative",
        "source": "Hessische Verwaltung für Bodenmanagement und Geoinformation - Digitale Verwaltungsgrenzen",
        "id": "way/193773980"
      },
      "geometry": {
        "type": "LineString",
        "coordinates": [
          [9.050, 49.866],
          [9.049, 49.866],
          [9.047, 49.866],
          [9.046, 49.866],
          [9.045, 49.867],
          [9.043, 49.867],
          [9.042, 49.867],
          [9.042, 49.866],
          [9.038, 49.865],
          [9.037, 49.865],
          [9.036, 49.867],
          [9.035, 49.867],
          [9.033, 49.866],
          [9.033, 49.865],
          [9.034, 49.863],
          [9.034, 49.862]
        ]
      }
    },
    {
      "type": "Feature",
      "id": "way/193774009",
      "properties": {
        "admin_level": "4",
        "boundary": "administrative",
        "source": "ALKIS Hessen + Shapefiles",
        "id": "way/193774009"
      },
      "geometry": {
        "type": "LineString",
        "coordinates": [
          [9.149, 49.743],
          [9.150, 49.742],
          [9.149, 49.742],
          [9.149, 49.741],
          [9.148, 49.741],
          [9.148, 49.740],
          [9.147, 49.740],
          [9.147, 49.739],
          [9.146, 49.739],
          [9.145, 49.738],
          [9.144, 49.738],
          [9.144, 49.737],
          [9.143, 49.736],
          [9.143, 49.735],
          [9.142, 49.734],
          [9.142, 49.733],
          [9.142, 49.732]
        ]
      }
    },
    {
      "type": "Feature",
      "id": "way/193774063",
      "properties": {
        "admin_level": "4",
        "boundary": "administrative",
        "source": "ALKIS Hessen + Shapefiles",
        "id": "way/193774063"
      },
      "geometry": {
        "type": "LineString",
        "coordinates": [
          [9.131, 49.753],
          [9.132, 49.753],
          [9.134, 49.752],
          [9.135, 49.751],
          [9.136, 49.751],
          [9.138, 49.750],
          [9.139, 49.750],
          [9.140, 49.749],
          [9.141, 49.749],
          [9.142, 49.748],
          [9.143, 49.748],
          [9.144, 49.747],
          [9.144, 49.746],
          [9.144, 49.745],
          [9.143, 49.745],
          [9.144, 49.744],
          [9.146, 49.744],
          [9.147, 49.744],
          [9.148, 49.743],
          [9.149, 49.743]
        ]
      }
    },
    {
      "type": "Feature",
      "id": "way/193774124",
      "properties": {
        "admin_level": "4",
        "boundary": "administrative",
        "source": "ALKIS Hessen + Shapefiles",
        "id": "way/193774124"
      },
      "geometry": {
        "type": "LineString",
        "coordinates": [
          [9.087, 49.798],
          [9.088, 49.797],
          [9.089, 49.796],
          [9.090, 49.796],
          [9.090, 49.795],
          [9.090, 49.794],
          [9.090, 49.793],
          [9.090, 49.792],
          [9.090, 49.791],
          [9.090, 49.790],
          [9.091, 49.790],
          [9.092, 49.790],
          [9.094, 49.790],
          [9.095, 49.791],
          [9.096, 49.792],
          [9.098, 49.792],
          [9.100, 49.793],
          [9.101, 49.793]
        ]
      }
    },
    {
      "type": "Feature",
      "id": "way/193774139",
      "properties": {
        "admin_level": "4",
        "boundary": "administrative",
        "source": "Hessische Verwaltung für Bodenmanagement und Geoinformation - Digitale Verwaltungsgrenzen",
        "id": "way/193774139"
      },
      "geometry": {
        "type": "LineString",
        "coordinates": [
          [9.009, 50.105],
          [9.007, 50.102],
          [9.004, 50.099],
          [9.003, 50.098],
          [9.002, 50.097]
        ]
      }
    },
    {
      "type": "Feature",
      "id": "way/193774141",
      "properties": {
        "admin_level": "4",
        "boundary": "administrative",
        "source": "Hessische Verwaltung für Bodenmanagement und Geoinformation - Digitale Verwaltungsgrenzen",
        "id": "way/193774141"
      },
      "geometry": {
        "type": "LineString",
        "coordinates": [
          [9.194, 50.138],
          [9.193, 50.138],
          [9.192, 50.138],
          [9.191, 50.138],
          [9.190, 50.138],
          [9.188, 50.138],
          [9.187, 50.138],
          [9.186, 50.138],
          [9.185, 50.138],
          [9.184, 50.138],
          [9.183, 50.138],
          [9.183, 50.137],
          [9.183, 50.138],
          [9.183, 50.137],
          [9.182, 50.137],
          [9.183, 50.137],
          [9.183, 50.136]
        ]
      }
    },
    {
      "type": "Feature",
      "id": "way/193774143",
      "properties": {
        "admin_level": "4",
        "boundary": "administrative",
        "source": "Hessische Verwaltung für Bodenmanagement und Geoinformation - Digitale Verwaltungsgrenzen",
        "id": "way/193774143"
      },
      "geometry": {
        "type": "LineString",
        "coordinates": [
          [9.034, 49.862],
          [9.034, 49.861],
          [9.033, 49.860],
          [9.035, 49.859],
          [9.038, 49.857],
          [9.041, 49.856],
          [9.042, 49.855],
          [9.043, 49.855],
          [9.042, 49.854],
          [9.042, 49.853],
          [9.042, 49.852],
          [9.043, 49.851],
          [9.043, 49.850],
          [9.042, 49.849],
          [9.041, 49.849],
          [9.041, 49.848],
          [9.040, 49.847],
          [9.039, 49.847],
          [9.038, 49.847],
          [9.037, 49.847],
          [9.036, 49.846]
        ]
      }
    },
    {
      "type": "Feature",
      "id": "way/193774181",
      "properties": {
        "admin_level": "4",
        "boundary": "administrative",
        "source": "Hessische Verwaltung für Bodenmanagement und Geoinformation - Digitale Verwaltungsgrenzen",
        "id": "way/193774181"
      },
      "geometry": {
        "type": "LineString",
        "coordinates": [
          [8.981, 50.055],
          [8.980, 50.055],
          [8.979, 50.054],
          [8.978, 50.054],
          [8.978, 50.053],
          [8.977, 50.053],
          [8.977, 50.052],
          [8.976, 50.052],
          [8.976, 50.051],
          [8.976, 50.050],
          [8.976, 50.049],
          [8.976, 50.047],
          [8.977, 50.047],
          [8.977, 50.046],
          [8.977, 50.045],
          [8.978, 50.045],
          [8.979, 50.044],
          [8.980, 50.043],
          [8.981, 50.043],
          [8.982, 50.042],
          [8.983, 50.042],
          [8.984, 50.042],
          [8.984, 50.041],
          [8.985, 50.041],
          [8.986, 50.041],
          [8.987, 50.041],
          [8.988, 50.041],
          [8.989, 50.041],
          [8.990, 50.041]
        ]
      }
    },
    {
      "type": "Feature",
      "id": "way/193774312",
      "properties": {
        "admin_level": "4",
        "boundary": "administrative",
        "source": "ALKIS Hessen + Shapefiles",
        "id": "way/193774312"
      },
      "geometry": {
        "type": "LineString",
        "coordinates": [
          [9.127, 49.706],
          [9.127, 49.705],
          [9.127, 49.704],
          [9.128, 49.702],
          [9.127, 49.702],
          [9.127, 49.700],
          [9.126, 49.700],
          [9.125, 49.699],
          [9.124, 49.699],
          [9.123, 49.699],
          [9.122, 49.698],
          [9.121, 49.698],
          [9.120, 49.698],
          [9.119, 49.698],
          [9.118, 49.698],
          [9.118, 49.697],
          [9.117, 49.698],
          [9.117, 49.697],
          [9.116, 49.697],
          [9.115, 49.697],
          [9.114, 49.697],
          [9.113, 49.697],
          [9.112, 49.697],
          [9.111, 49.697],
          [9.110, 49.697],
          [9.108, 49.697],
          [9.107, 49.697],
          [9.105, 49.697]
        ]
      }
    },
    {
      "type": "Feature",
      "id": "way/193774338",
      "properties": {
        "admin_level": "4",
        "boundary": "administrative",
        "source": "Hessische Verwaltung für Bodenmanagement und Geoinformation - Digitale Verwaltungsgrenzen",
        "id": "way/193774338"
      },
      "geometry": {
        "type": "LineString",
        "coordinates": [
          [8.991, 50.068],
          [8.991, 50.067],
          [8.990, 50.066],
          [8.990, 50.065],
          [8.989, 50.065],
          [8.989, 50.064],
          [8.988, 50.063]
        ]
      }
    },
    {
      "type": "Feature",
      "id": "way/193774340",
      "properties": {
        "admin_level": "4",
        "boundary": "administrative",
        "source": "Hessische Verwaltung für Bodenmanagement und Geoinformation - Digitale Verwaltungsgrenzen",
        "id": "way/193774340"
      },
      "geometry": {
        "type": "LineString",
        "coordinates": [
          [9.021, 49.970],
          [9.021, 49.969],
          [9.021, 49.968],
          [9.021, 49.967],
          [9.022, 49.967],
          [9.022, 49.966],
          [9.023, 49.965],
          [9.023, 49.964],
          [9.023, 49.963],
          [9.023, 49.962],
          [9.023, 49.961],
          [9.023, 49.960],
          [9.024, 49.958],
          [9.024, 49.957],
          [9.025, 49.956],
          [9.025, 49.955],
          [9.026, 49.955]
        ]
      }
    },
    {
      "type": "Feature",
      "id": "way/193774342",
      "properties": {
        "admin_level": "4",
        "boundary": "administrative",
        "source": "ALKIS Hessen + Shapefiles",
        "id": "way/193774342"
      },
      "geometry": {
        "type": "LineString",
        "coordinates": [
          [9.139, 49.726],
          [9.138, 49.726],
          [9.137, 49.725],
          [9.136, 49.725],
          [9.136, 49.724],
          [9.136, 49.723],
          [9.136, 49.722],
          [9.135, 49.722],
          [9.135, 49.721],
          [9.135, 49.720],
          [9.135, 49.719],
          [9.135, 49.718],
          [9.135, 49.717],
          [9.134, 49.716],
          [9.133, 49.715],
          [9.131, 49.714],
          [9.130, 49.714],
          [9.129, 49.714],
          [9.127, 49.714],
          [9.123, 49.714],
          [9.121, 49.714],
          [9.121, 49.713],
          [9.121, 49.712],
          [9.121, 49.711],
          [9.121, 49.710],
          [9.122, 49.709],
          [9.123, 49.708],
          [9.123, 49.707],
          [9.123, 49.706],
          [9.125, 49.706],
          [9.126, 49.706],
          [9.127, 49.706]
        ]
      }
    },
    {
      "type": "Feature",
      "id": "way/193774347",
      "properties": {
        "admin_level": "4",
        "boundary": "administrative",
        "source": "ALKIS Hessen + Shapefiles",
        "id": "way/193774347"
      },
      "geometry": {
        "type": "LineString",
        "coordinates": [
          [9.066, 49.602],
          [9.067, 49.602],
          [9.069, 49.601],
          [9.070, 49.601],
          [9.071, 49.601],
          [9.072, 49.600],
          [9.074, 49.600],
          [9.075, 49.600],
          [9.076, 49.601],
          [9.077, 49.601],
          [9.078, 49.601],
          [9.079, 49.601],
          [9.080, 49.601],
          [9.081, 49.601],
          [9.082, 49.601],
          [9.083, 49.601],
          [9.084, 49.600],
          [9.085, 49.600],
          [9.085, 49.599],
          [9.087, 49.598],
          [9.087, 49.597]
        ]
      }
    },
    {
      "type": "Feature",
      "id": "way/193774396",
      "properties": {
        "admin_level": "4",
        "boundary": "administrative",
        "source": "Hessische Verwaltung für Bodenmanagement und Geoinformation - Digitale Verwaltungsgrenzen",
        "id": "way/193774396"
      },
      "geometry": {
        "type": "LineString",
        "coordinates": [
          [8.988, 50.063],
          [8.987, 50.062],
          [8.985, 50.060],
          [8.985, 50.059],
          [8.984, 50.058],
          [8.983, 50.057],
          [8.982, 50.056],
          [8.982, 50.055],
          [8.981, 50.055]
        ]
      }
    },
    {
      "type": "Feature",
      "id": "way/193774398",
      "properties": {
        "admin_level": "4",
        "boundary": "administrative",
        "source": "ALKIS Hessen + Shapefiles",
        "id": "way/193774398"
      },
      "geometry": {
        "type": "LineString",
        "coordinates": [
          [9.127, 49.755],
          [9.129, 49.754],
          [9.131, 49.753]
        ]
      }
    },
    {
      "type": "Feature",
      "id": "way/193774449",
      "properties": {
        "admin_level": "4",
        "boundary": "administrative",
        "source": "Hessische Verwaltung für Bodenmanagement und Geoinformation - Digitale Verwaltungsgrenzen",
        "id": "way/193774449"
      },
      "geometry": {
        "type": "LineString",
        "coordinates": [
          [9.183, 50.136],
          [9.183, 50.135],
          [9.184, 50.135],
          [9.184, 50.134],
          [9.185, 50.134],
          [9.185, 50.133],
          [9.184, 50.133],
          [9.185, 50.133],
          [9.185, 50.132],
          [9.186, 50.132],
          [9.187, 50.132],
          [9.186, 50.132],
          [9.187, 50.132],
          [9.187, 50.131],
          [9.188, 50.131],
          [9.188, 50.130]
        ]
      }
    },
    {
      "type": "Feature",
      "id": "way/193774485",
      "properties": {
        "admin_level": "4",
        "boundary": "administrative",
        "source": "ALKIS Hessen + Shapefiles",
        "id": "way/193774485"
      },
      "geometry": {
        "type": "LineString",
        "coordinates": [
          [9.089, 49.693],
          [9.088, 49.691],
          [9.088, 49.690],
          [9.088, 49.689],
          [9.087, 49.688],
          [9.088, 49.685],
          [9.088, 49.683],
          [9.089, 49.681],
          [9.089, 49.680],
          [9.089, 49.678]
        ]
      }
    },
    {
      "type": "Feature",
      "id": "way/193774491",
      "properties": {
        "admin_level": "4",
        "boundary": "administrative",
        "source": "Hessische Verwaltung für Bodenmanagement und Geoinformation - Digitale Verwaltungsgrenzen",
        "id": "way/193774491"
      },
      "geometry": {
        "type": "LineString",
        "coordinates": [
          [9.039, 50.010],
          [9.038, 50.010],
          [9.038, 50.009],
          [9.039, 50.009],
          [9.038, 50.008],
          [9.037, 50.008],
          [9.037, 50.007],
          [9.036, 50.007],
          [9.035, 50.007],
          [9.035, 50.006],
          [9.035, 50.005],
          [9.035, 50.004],
          [9.035, 50.003],
          [9.036, 50.003],
          [9.036, 50.002],
          [9.036, 50.001],
          [9.037, 50.000],
          [9.038, 50.000],
          [9.039, 49.999],
          [9.040, 49.999],
          [9.041, 49.998],
          [9.042, 49.998],
          [9.043, 49.998],
          [9.044, 49.998],
          [9.045, 49.998],
          [9.046, 49.998],
          [9.047, 49.997],
          [9.048, 49.997],
          [9.049, 49.996],
          [9.050, 49.996],
          [9.050, 49.995],
          [9.051, 49.994],
          [9.051, 49.993],
          [9.050, 49.992],
          [9.049, 49.991],
          [9.047, 49.989],
          [9.046, 49.989],
          [9.045, 49.988],
          [9.042, 49.987],
          [9.041, 49.988],
          [9.039, 49.988],
          [9.038, 49.988],
          [9.036, 49.988],
          [9.031, 49.988],
          [9.029, 49.991],
          [9.029, 49.992],
          [9.028, 49.993],
          [9.025, 49.995],
          [9.024, 49.996],
          [9.022, 49.997],
          [9.022, 49.996],
          [9.020, 49.995],
          [9.019, 49.994]
        ]
      }
    },
    {
      "type": "Feature",
      "id": "way/193803832",
      "properties": {
        "admin_level": "4",
        "boundary": "administrative",
        "source": "Hessische Verwaltung für Bodenmanagement und Geoinformation - Digitale Verwaltungsgrenzen",
        "id": "way/193803832"
      },
      "geometry": {
        "type": "LineString",
        "coordinates": [
          [9.281, 50.141],
          [9.280, 50.141],
          [9.279, 50.141],
          [9.276, 50.142],
          [9.274, 50.142],
          [9.273, 50.142]
        ]
      }
    },
    {
      "type": "Feature",
      "id": "way/193803833",
      "properties": {
        "admin_level": "4",
        "boundary": "administrative",
        "source": "Hessische Verwaltung für Bodenmanagement und Geoinformation - Digitale Verwaltungsgrenzen",
        "id": "way/193803833"
      },
      "geometry": {
        "type": "LineString",
        "coordinates": [
          [9.260, 50.138],
          [9.259, 50.138],
          [9.255, 50.139],
          [9.253, 50.139],
          [9.252, 50.139],
          [9.251, 50.140],
          [9.248, 50.141],
          [9.247, 50.141],
          [9.246, 50.142],
          [9.245, 50.142],
          [9.243, 50.142],
          [9.242, 50.143],
          [9.241, 50.143],
          [9.240, 50.143],
          [9.240, 50.144],
          [9.238, 50.144],
          [9.237, 50.145],
          [9.236, 50.146],
          [9.235, 50.146]
        ]
      }
    },
    {
      "type": "Feature",
      "id": "way/193839710",
      "properties": {
        "admin_level": "4",
        "boundary": "administrative",
        "source": "Hessische Verwaltung für Bodenmanagement und Geoinformation - Digitale Verwaltungsgrenzen",
        "id": "way/193839710"
      },
      "geometry": {
        "type": "LineString",
        "coordinates": [
          [9.321, 50.139],
          [9.320, 50.138],
          [9.319, 50.138],
          [9.318, 50.136],
          [9.316, 50.135],
          [9.314, 50.135],
          [9.313, 50.134]
        ]
      }
    },
    {
      "type": "Feature",
      "id": "way/194498353",
      "properties": {
        "admin_level": "4",
        "boundary": "administrative",
        "source": "Hessische Verwaltung für Bodenmanagement und Geoinformation - Digitale Verwaltungsgrenzen",
        "id": "way/194498353"
      },
      "geometry": {
        "type": "LineString",
        "coordinates": [
          [9.122, 50.125],
          [9.121, 50.126],
          [9.119, 50.126],
          [9.118, 50.126],
          [9.117, 50.126],
          [9.115, 50.126],
          [9.114, 50.126],
          [9.113, 50.126],
          [9.112, 50.126],
          [9.111, 50.126],
          [9.109, 50.126],
          [9.108, 50.125],
          [9.107, 50.125],
          [9.106, 50.125],
          [9.103, 50.125],
          [9.101, 50.124],
          [9.100, 50.125],
          [9.099, 50.125],
          [9.098, 50.125],
          [9.097, 50.124],
          [9.096, 50.123],
          [9.095, 50.121],
          [9.094, 50.120],
          [9.093, 50.120],
          [9.092, 50.120],
          [9.092, 50.119],
          [9.092, 50.118],
          [9.091, 50.118],
          [9.090, 50.117],
          [9.089, 50.117]
        ]
      }
    },
    {
      "type": "Feature",
      "id": "way/194498367",
      "properties": {
        "admin_level": "4",
        "boundary": "administrative",
        "source": "Hessische Verwaltung für Bodenmanagement und Geoinformation - Digitale Verwaltungsgrenzen",
        "id": "way/194498367"
      },
      "geometry": {
        "type": "LineString",
        "coordinates": [
          [9.036, 50.114],
          [9.029, 50.112]
        ]
      }
    },
    {
      "type": "Feature",
      "id": "way/194685644",
      "properties": {
        "admin_level": "4",
        "boundary": "administrative",
        "source": "Hessische Verwaltung für Bodenmanagement und Geoinformation - Digitale Verwaltungsgrenzen",
        "id": "way/194685644"
      },
      "geometry": {
        "type": "LineString",
        "coordinates": [
          [9.014, 49.991],
          [9.014, 49.990],
          [9.015, 49.989],
          [9.016, 49.988],
          [9.017, 49.987],
          [9.018, 49.987],
          [9.019, 49.987],
          [9.019, 49.986],
          [9.020, 49.985],
          [9.020, 49.984],
          [9.020, 49.983],
          [9.020, 49.981]
        ]
      }
    },
    {
      "type": "Feature",
      "id": "way/194685645",
      "properties": {
        "admin_level": "4",
        "boundary": "administrative",
        "source": "Hessische Verwaltung für Bodenmanagement und Geoinformation - Digitale Verwaltungsgrenzen",
        "id": "way/194685645"
      },
      "geometry": {
        "type": "LineString",
        "coordinates": [
          [9.162, 50.098],
          [9.161, 50.097],
          [9.160, 50.097],
          [9.159, 50.097],
          [9.159, 50.096],
          [9.159, 50.095],
          [9.158, 50.095],
          [9.157, 50.095],
          [9.156, 50.095],
          [9.155, 50.095],
          [9.154, 50.094],
          [9.153, 50.093],
          [9.152, 50.092]
        ]
      }
    },
    {
      "type": "Feature",
      "id": "way/194685646",
      "properties": {
        "admin_level": "4",
        "boundary": "administrative",
        "source": "Hessische Verwaltung für Bodenmanagement und Geoinformation - Digitale Verwaltungsgrenzen",
        "id": "way/194685646"
      },
      "geometry": {
        "type": "LineString",
        "coordinates": [
          [9.023, 50.043],
          [9.024, 50.043],
          [9.025, 50.043],
          [9.026, 50.042],
          [9.027, 50.041],
          [9.028, 50.041],
          [9.029, 50.041],
          [9.029, 50.040],
          [9.030, 50.039],
          [9.031, 50.039],
          [9.032, 50.038],
          [9.032, 50.037],
          [9.032, 50.036],
          [9.032, 50.035],
          [9.032, 50.034],
          [9.031, 50.034]
        ]
      }
    },
    {
      "type": "Feature",
      "id": "way/224526245",
      "properties": {
        "admin_level": "5",
        "boundary": "administrative",
        "source": "Hessische Verwaltung für Bodenmanagement und Geoinformation - Digitale Verwaltungsgrenzen (Shapefile)",
        "id": "way/224526245"
      },
      "geometry": {
        "type": "LineString",
        "coordinates": [
          [8.568, 50.414],
          [8.567, 50.415],
          [8.565, 50.416],
          [8.563, 50.416],
          [8.562, 50.417],
          [8.560, 50.417],
          [8.559, 50.416],
          [8.560, 50.416],
          [8.561, 50.415],
          [8.561, 50.414],
          [8.562, 50.414],
          [8.562, 50.413],
          [8.563, 50.412],
          [8.562, 50.413],
          [8.561, 50.413],
          [8.561, 50.414],
          [8.560, 50.415],
          [8.559, 50.414],
          [8.558, 50.414],
          [8.557, 50.415],
          [8.556, 50.416],
          [8.556, 50.417],
          [8.555, 50.417],
          [8.555, 50.418],
          [8.553, 50.418],
          [8.552, 50.417],
          [8.550, 50.417],
          [8.550, 50.416],
          [8.551, 50.415],
          [8.552, 50.414],
          [8.553, 50.413],
          [8.552, 50.413],
          [8.552, 50.414],
          [8.551, 50.415],
          [8.550, 50.415],
          [8.549, 50.415],
          [8.549, 50.416],
          [8.549, 50.417],
          [8.548, 50.417],
          [8.547, 50.417],
          [8.546, 50.417],
          [8.545, 50.417],
          [8.543, 50.416],
          [8.541, 50.416],
          [8.540, 50.417],
          [8.539, 50.417]
        ]
      }
    },
    {
      "type": "Feature",
      "id": "way/231082131",
      "properties": {
        "admin_level": "4",
        "boundary": "administrative",
        "source": "Hessische Verwaltung für Bodenmanagement und Geoinformation - Digitale Verwaltungsgrenzen",
        "id": "way/231082131"
      },
      "geometry": {
        "type": "LineString",
        "coordinates": [
          [10.051, 50.563],
          [10.051, 50.562],
          [10.052, 50.562],
          [10.052, 50.561],
          [10.053, 50.560],
          [10.055, 50.560],
          [10.058, 50.559],
          [10.059, 50.559],
          [10.059, 50.558],
          [10.060, 50.557],
          [10.061, 50.556]
        ]
      }
    },
    {
      "type": "Feature",
      "id": "way/231082404",
      "properties": {
        "admin_level": "4",
        "boundary": "administrative",
        "source": "Hessische Verwaltung für Bodenmanagement und Geoinformation - Digitale Verwaltungsgrenzen",
        "id": "way/231082404"
      },
      "geometry": {
        "type": "LineString",
        "coordinates": [
          [10.048, 50.540],
          [10.047, 50.539],
          [10.046, 50.538],
          [10.045, 50.536],
          [10.045, 50.535],
          [10.044, 50.535],
          [10.043, 50.534],
          [10.042, 50.533]
        ]
      }
    },
    {
      "type": "Feature",
      "id": "way/234272097",
      "properties": {
        "admin_level": "4",
        "boundary": "administrative",
        "source": "Hessische Verwaltung für Bodenmanagement und Geoinformation - Digitale Verwaltungsgrenzen",
        "id": "way/234272097"
      },
      "geometry": {
        "type": "LineString",
        "coordinates": [
          [10.071, 50.651],
          [10.071, 50.650],
          [10.071, 50.649],
          [10.071, 50.648],
          [10.072, 50.647],
          [10.072, 50.646],
          [10.073, 50.645],
          [10.073, 50.644]
        ]
      }
    },
    {
      "type": "Feature",
      "id": "way/234278011",
      "properties": {
        "admin_level": "4",
        "boundary": "administrative",
        "source": "Hessische Verwaltung für Bodenmanagement und Geoinformation - Digitale Verwaltungsgrenzen",
        "id": "way/234278011"
      },
      "geometry": {
        "type": "LineString",
        "coordinates": [
          [9.948, 50.663],
          [9.949, 50.664],
          [9.950, 50.664],
          [9.950, 50.665],
          [9.951, 50.665],
          [9.951, 50.666],
          [9.952, 50.666],
          [9.953, 50.666],
          [9.954, 50.666],
          [9.955, 50.666],
          [9.956, 50.666],
          [9.957, 50.666],
          [9.958, 50.666],
          [9.958, 50.667],
          [9.959, 50.667],
          [9.960, 50.667],
          [9.960, 50.668],
          [9.962, 50.667],
          [9.962, 50.666],
          [9.964, 50.666],
          [9.965, 50.666],
          [9.966, 50.667],
          [9.967, 50.667],
          [9.968, 50.667],
          [9.969, 50.667],
          [9.970, 50.666],
          [9.971, 50.665],
          [9.972, 50.665],
          [9.973, 50.665],
          [9.973, 50.666],
          [9.974, 50.667],
          [9.974, 50.668],
          [9.975, 50.668],
          [9.977, 50.668],
          [9.978, 50.669]
        ]
      }
    },
    {
      "type": "Feature",
      "id": "way/234734186",
      "properties": {
        "admin_level": "4",
        "boundary": "administrative",
        "source": "Hessische Verwaltung für Bodenmanagement und Geoinformation - Digitale Verwaltungsgrenzen (Shapefile)",
        "id": "way/234734186"
      },
      "geometry": {
        "type": "LineString",
        "coordinates": [
          [7.884, 50.170],
          [7.885, 50.170],
          [7.885, 50.171],
          [7.886, 50.171],
          [7.886, 50.172],
          [7.887, 50.173],
          [7.888, 50.173],
          [7.888, 50.174],
          [7.888, 50.175]
        ]
      }
    },
    {
      "type": "Feature",
      "id": "way/234734191",
      "properties": {
        "admin_level": "4",
        "boundary": "administrative",
        "source": "Hessische Verwaltung für Bodenmanagement und Geoinformation - Digitale Verwaltungsgrenzen (Shapefile)",
        "id": "way/234734191"
      },
      "geometry": {
        "type": "LineString",
        "coordinates": [
          [8.030, 50.381],
          [8.030, 50.382],
          [8.029, 50.382],
          [8.027, 50.382],
          [8.022, 50.382],
          [8.017, 50.382],
          [8.016, 50.383],
          [8.014, 50.383],
          [8.014, 50.384]
        ]
      }
    },
    {
      "type": "Feature",
      "id": "way/234734226",
      "properties": {
        "admin_level": "4",
        "boundary": "administrative",
        "source": "Hessische Verwaltung für Bodenmanagement und Geoinformation - Digitale Verwaltungsgrenzen (Shapefile)",
        "id": "way/234734226"
      },
      "geometry": {
        "type": "LineString",
        "coordinates": [
          [8.048, 50.378],
          [8.046, 50.378],
          [8.045, 50.379],
          [8.044, 50.382],
          [8.043, 50.384],
          [8.042, 50.386]
        ]
      }
    },
    {
      "type": "Feature",
      "id": "way/242831376",
      "properties": {
        "admin_level": "4",
        "boundary": "administrative",
        "source": "Hessische Verwaltung für Bodenmanagement und Geoinformation - Digitale Verwaltungsgrenzen",
        "id": "way/242831376"
      },
      "geometry": {
        "type": "LineString",
        "coordinates": [
          [9.029, 50.112],
          [9.027, 50.112],
          [9.025, 50.112],
          [9.021, 50.112],
          [9.018, 50.111],
          [9.016, 50.110],
          [9.013, 50.109],
          [9.010, 50.106],
          [9.009, 50.105]
        ]
      }
    },
    {
      "type": "Feature",
      "id": "way/243219897",
      "properties": {
        "admin_level": "4",
        "boundary": "administrative",
        "source": "Hessische Verwaltung für Bodenmanagement und Geoinformation - Digitale Verwaltungsgrenzen",
        "id": "way/243219897"
      },
      "geometry": {
        "type": "LineString",
        "coordinates": [
          [9.143, 50.094],
          [9.142, 50.095],
          [9.143, 50.096],
          [9.144, 50.097],
          [9.144, 50.098],
          [9.145, 50.099],
          [9.146, 50.100],
          [9.147, 50.101],
          [9.148, 50.102],
          [9.148, 50.103],
          [9.149, 50.103],
          [9.150, 50.105],
          [9.151, 50.105],
          [9.152, 50.105],
          [9.153, 50.106]
        ]
      }
    },
    {
      "type": "Feature",
      "id": "way/243221458",
      "properties": {
        "admin_level": "4",
        "boundary": "administrative",
        "source": "Hessische Verwaltung für Bodenmanagement und Geoinformation - Digitale Verwaltungsgrenzen",
        "id": "way/243221458"
      },
      "geometry": {
        "type": "LineString",
        "coordinates": [
          [9.235, 50.146],
          [9.232, 50.146],
          [9.230, 50.147],
          [9.228, 50.147],
          [9.227, 50.147],
          [9.225, 50.147],
          [9.224, 50.148],
          [9.222, 50.148],
          [9.221, 50.149],
          [9.220, 50.148],
          [9.219, 50.147],
          [9.218, 50.146],
          [9.213, 50.146]
        ]
      }
    },
    {
      "type": "Feature",
      "id": "way/246818109",
      "properties": {
        "admin_level": "4",
        "boundary": "administrative",
        "source": "Hessische Verwaltung für Bodenmanagement und Geoinformation - Digitale Verwaltungsgrenzen",
        "id": "way/246818109"
      },
      "geometry": {
        "type": "LineString",
        "coordinates": [
          [9.498, 50.174],
          [9.505, 50.169]
        ]
      }
    },
    {
      "type": "Feature",
      "id": "way/246823668",
      "properties": {
        "admin_level": "4",
        "boundary": "administrative",
        "source": "Hessische Verwaltung für Bodenmanagement und Geoinformation - Digitale Verwaltungsgrenzen",
        "id": "way/246823668"
      },
      "geometry": {
        "type": "LineString",
        "coordinates": [
          [9.501, 50.193],
          [9.501, 50.192],
          [9.500, 50.189],
          [9.502, 50.190],
          [9.502, 50.188],
          [9.501, 50.188],
          [9.501, 50.186],
          [9.501, 50.184],
          [9.501, 50.183],
          [9.501, 50.182],
          [9.500, 50.181],
          [9.499, 50.179],
          [9.499, 50.178],
          [9.498, 50.177],
          [9.498, 50.175],
          [9.498, 50.174]
        ]
      }
    },
    {
      "type": "Feature",
      "id": "way/246832505",
      "properties": {
        "admin_level": "4",
        "boundary": "administrative",
        "source": "Hessische Verwaltung für Bodenmanagement und Geoinformation - Digitale Verwaltungsgrenzen",
        "id": "way/246832505"
      },
      "geometry": {
        "type": "LineString",
        "coordinates": [
          [9.620, 50.226],
          [9.621, 50.226],
          [9.621, 50.225],
          [9.621, 50.224],
          [9.620, 50.224],
          [9.619, 50.223],
          [9.618, 50.223],
          [9.617, 50.223],
          [9.615, 50.224]
        ]
      }
    },
    {
      "type": "Feature",
      "id": "way/246832507",
      "properties": {
        "admin_level": "4",
        "boundary": "administrative",
        "source": "Hessische Verwaltung für Bodenmanagement und Geoinformation - Digitale Verwaltungsgrenzen",
        "id": "way/246832507"
      },
      "geometry": {
        "type": "LineString",
        "coordinates": [
          [9.574, 50.232],
          [9.574, 50.231]
        ]
      }
    },
    {
      "type": "Feature",
      "id": "way/246997587",
      "properties": {
        "admin_level": "4",
        "boundary": "administrative",
        "source": "Hessische Verwaltung für Bodenmanagement und Geoinformation - Digitale Verwaltungsgrenzen",
        "id": "way/246997587"
      },
      "geometry": {
        "type": "LineString",
        "coordinates": [
          [9.386, 50.112],
          [9.385, 50.113],
          [9.385, 50.115],
          [9.384, 50.116],
          [9.384, 50.117],
          [9.383, 50.117],
          [9.383, 50.118],
          [9.382, 50.119],
          [9.381, 50.120],
          [9.378, 50.123],
          [9.376, 50.124],
          [9.375, 50.126],
          [9.375, 50.127],
          [9.376, 50.129]
        ]
      }
    },
    {
      "type": "Feature",
      "id": "way/246997588",
      "properties": {
        "admin_level": "4",
        "boundary": "administrative",
        "source": "Hessische Verwaltung für Bodenmanagement und Geoinformation - Digitale Verwaltungsgrenzen",
        "id": "way/246997588"
      },
      "geometry": {
        "type": "LineString",
        "coordinates": [
          [9.445, 50.089],
          [9.444, 50.089],
          [9.442, 50.087],
          [9.441, 50.087],
          [9.441, 50.086],
          [9.440, 50.086],
          [9.439, 50.086],
          [9.438, 50.086],
          [9.437, 50.085],
          [9.436, 50.085],
          [9.436, 50.084],
          [9.434, 50.084],
          [9.432, 50.084],
          [9.429, 50.084],
          [9.428, 50.085],
          [9.427, 50.085],
          [9.426, 50.085],
          [9.424, 50.085],
          [9.423, 50.085],
          [9.421, 50.085],
          [9.421, 50.084]
        ]
      }
    },
    {
      "type": "Feature",
      "id": "way/247370854",
      "properties": {
        "admin_level": "4",
        "boundary": "administrative",
        "source": "Hessische Verwaltung für Bodenmanagement und Geoinformation - Digitale Verwaltungsgrenzen",
        "id": "way/247370854"
      },
      "geometry": {
        "type": "LineString",
        "coordinates": [
          [9.313, 50.134],
          [9.311, 50.134],
          [9.309, 50.133],
          [9.308, 50.133],
          [9.307, 50.133],
          [9.305, 50.134],
          [9.304, 50.135],
          [9.303, 50.135],
          [9.302, 50.135],
          [9.301, 50.136],
          [9.300, 50.136],
          [9.299, 50.136],
          [9.299, 50.137],
          [9.297, 50.137],
          [9.295, 50.138],
          [9.294, 50.139],
          [9.293, 50.139],
          [9.289, 50.140],
          [9.285, 50.141],
          [9.284, 50.141],
          [9.283, 50.141],
          [9.281, 50.141]
        ]
      }
    },
    {
      "type": "Feature",
      "id": "way/247571299",
      "properties": {
        "admin_level": "5",
        "boundary": "administrative",
        "source": "ALKIS Hessen + Shapefiles",
        "id": "way/247571299"
      },
      "geometry": {
        "type": "LineString",
        "coordinates": [
          [9.069, 50.913],
          [9.070, 50.913],
          [9.071, 50.913],
          [9.072, 50.913],
          [9.073, 50.913],
          [9.073, 50.912],
          [9.072, 50.912],
          [9.072, 50.911],
          [9.073, 50.911],
          [9.074, 50.911],
          [9.074, 50.910],
          [9.073, 50.910],
          [9.075, 50.910],
          [9.076, 50.910],
          [9.076, 50.911],
          [9.077, 50.910],
          [9.078, 50.911],
          [9.079, 50.911],
          [9.080, 50.911],
          [9.080, 50.912],
          [9.079, 50.913],
          [9.078, 50.913],
          [9.078, 50.914],
          [9.077, 50.914],
          [9.077, 50.915],
          [9.076, 50.915],
          [9.076, 50.916],
          [9.077, 50.916],
          [9.077, 50.917],
          [9.078, 50.917],
          [9.079, 50.917],
          [9.080, 50.917],
          [9.081, 50.917],
          [9.082, 50.916],
          [9.083, 50.915],
          [9.084, 50.915],
          [9.085, 50.915],
          [9.086, 50.914],
          [9.087, 50.914],
          [9.088, 50.913],
          [9.089, 50.913],
          [9.090, 50.912],
          [9.091, 50.912],
          [9.091, 50.911],
          [9.092, 50.910],
          [9.092, 50.911],
          [9.093, 50.911],
          [9.094, 50.911],
          [9.094, 50.912],
          [9.093, 50.913],
          [9.092, 50.914],
          [9.091, 50.916],
          [9.091, 50.917],
          [9.090, 50.917],
          [9.090, 50.918],
          [9.090, 50.919],
          [9.091, 50.920],
          [9.092, 50.920],
          [9.093, 50.920]
        ]
      }
    },
    {
      "type": "Feature",
      "id": "way/261897425",
      "properties": {
        "admin_level": "4",
        "boundary": "administrative",
        "source": "ALKIS Hessen + Shapefiles",
        "id": "way/261897425"
      },
      "geometry": {
        "type": "LineString",
        "coordinates": [
          [8.456, 50.916],
          [8.450, 50.917],
          [8.449, 50.916],
          [8.448, 50.916],
          [8.448, 50.915],
          [8.445, 50.916],
          [8.444, 50.916],
          [8.443, 50.916],
          [8.442, 50.916],
          [8.441, 50.916],
          [8.440, 50.916],
          [8.439, 50.916],
          [8.437, 50.916],
          [8.436, 50.916],
          [8.435, 50.917],
          [8.434, 50.917],
          [8.433, 50.918],
          [8.432, 50.917],
          [8.431, 50.917],
          [8.430, 50.916],
          [8.429, 50.915],
          [8.428, 50.914],
          [8.426, 50.912],
          [8.425, 50.911],
          [8.424, 50.911],
          [8.423, 50.910],
          [8.422, 50.910],
          [8.421, 50.909],
          [8.420, 50.909],
          [8.419, 50.909],
          [8.418, 50.909]
        ]
      }
    },
    {
      "type": "Feature",
      "id": "way/278953492",
      "properties": {
        "admin_level": "4",
        "boundary": "administrative",
        "source": "Hessische Verwaltung für Bodenmanagement und Geoinformation - Digitale Verwaltungsgrenzen (Shapefile)",
        "id": "way/278953492"
      },
      "geometry": {
        "type": "LineString",
        "coordinates": [
          [8.047, 50.377],
          [8.048, 50.377],
          [8.048, 50.378]
        ]
      }
    },
    {
      "type": "Feature",
      "id": "way/278953494",
      "properties": {
        "admin_level": "4",
        "boundary": "administrative",
        "source": "Hessische Verwaltung für Bodenmanagement und Geoinformation - Digitale Verwaltungsgrenzen (Shapefile)",
        "id": "way/278953494"
      },
      "geometry": {
        "type": "LineString",
        "coordinates": [
          [8.050, 50.376],
          [8.051, 50.376],
          [8.053, 50.378],
          [8.050, 50.379],
          [8.050, 50.378],
          [8.049, 50.378],
          [8.049, 50.377],
          [8.049, 50.376],
          [8.048, 50.375],
          [8.047, 50.375],
          [8.046, 50.375],
          [8.045, 50.374],
          [8.045, 50.375],
          [8.046, 50.376],
          [8.047, 50.377]
        ]
      }
    },
    {
      "type": "Feature",
      "id": "way/280984025",
      "properties": {
        "admin_level": "4",
        "boundary": "administrative",
        "source": "ALKIS Hessen + Shapefiles",
        "id": "way/280984025"
      },
      "geometry": {
        "type": "LineString",
        "coordinates": [
          [9.066, 49.619],
          [9.066, 49.618],
          [9.065, 49.618],
          [9.065, 49.617],
          [9.064, 49.616],
          [9.065, 49.615],
          [9.065, 49.614],
          [9.066, 49.614],
          [9.066, 49.613],
          [9.066, 49.612],
          [9.067, 49.612],
          [9.067, 49.611],
          [9.068, 49.611],
          [9.068, 49.610],
          [9.067, 49.610],
          [9.068, 49.610],
          [9.068, 49.609],
          [9.068, 49.608],
          [9.067, 49.607],
          [9.068, 49.607],
          [9.067, 49.607],
          [9.067, 49.606],
          [9.066, 49.606],
          [9.067, 49.606],
          [9.066, 49.606],
          [9.067, 49.605],
          [9.066, 49.605],
          [9.066, 49.604],
          [9.066, 49.603],
          [9.066, 49.602]
        ]
      }
    },
    {
      "type": "Feature",
      "id": "way/282856303",
      "properties": {
        "admin_level": "4",
        "boundary": "administrative",
        "source": "Hessische Verwaltung für Bodenmanagement und Geoinformation - Digitale Verwaltungsgrenzen",
        "id": "way/282856303"
      },
      "geometry": {
        "type": "LineString",
        "coordinates": [
          [8.998, 50.093],
          [8.997, 50.092],
          [8.998, 50.091],
          [8.998, 50.089],
          [8.999, 50.087],
          [8.998, 50.085],
          [8.998, 50.083],
          [8.999, 50.082],
          [8.998, 50.081]
        ]
      }
    },
    {
      "type": "Feature",
      "id": "way/295793446",
      "properties": {
        "admin_level": "4",
        "boundary": "administrative",
        "source": "Hessische Verwaltung für Bodenmanagement und Geoinformation - Digitale Verwaltungsgrenzen",
        "id": "way/295793446"
      },
      "geometry": {
        "type": "LineString",
        "coordinates": [
          [10.067, 50.657],
          [10.067, 50.656],
          [10.068, 50.656],
          [10.069, 50.656],
          [10.069, 50.655],
          [10.070, 50.655],
          [10.070, 50.654]
        ]
      }
    },
    {
      "type": "Feature",
      "id": "way/304379115",
      "properties": {
        "admin_level": "5",
        "boundary": "administrative",
        "source": "ALKIS Hessen + Shapefiles",
        "id": "way/304379115"
      },
      "geometry": {
        "type": "LineString",
        "coordinates": [
          [9.316, 50.809],
          [9.317, 50.809],
          [9.318, 50.809],
          [9.318, 50.808],
          [9.318, 50.807],
          [9.319, 50.807],
          [9.319, 50.806],
          [9.318, 50.806],
          [9.316, 50.806],
          [9.315, 50.806],
          [9.315, 50.805],
          [9.316, 50.803],
          [9.316, 50.802],
          [9.317, 50.801],
          [9.317, 50.800],
          [9.318, 50.799],
          [9.318, 50.800],
          [9.319, 50.800],
          [9.319, 50.801],
          [9.320, 50.801],
          [9.321, 50.801],
          [9.322, 50.800],
          [9.322, 50.799],
          [9.323, 50.798],
          [9.324, 50.798],
          [9.324, 50.797],
          [9.325, 50.797],
          [9.326, 50.797],
          [9.327, 50.797],
          [9.328, 50.796],
          [9.328, 50.795],
          [9.329, 50.795]
        ]
      }
    },
    {
      "type": "Feature",
      "id": "way/304449637",
      "properties": {
        "admin_level": "5",
        "boundary": "administrative",
        "source": "ALKIS Hessen + Shapefiles",
        "id": "way/304449637"
      },
      "geometry": {
        "type": "LineString",
        "coordinates": [
          [9.410, 50.790],
          [9.412, 50.790],
          [9.413, 50.790],
          [9.414, 50.790],
          [9.416, 50.790],
          [9.417, 50.790],
          [9.418, 50.790],
          [9.419, 50.790],
          [9.420, 50.789],
          [9.421, 50.789],
          [9.423, 50.789],
          [9.424, 50.789],
          [9.425, 50.789],
          [9.426, 50.789],
          [9.427, 50.790],
          [9.429, 50.790],
          [9.430, 50.790],
          [9.432, 50.791],
          [9.433, 50.791],
          [9.434, 50.791],
          [9.435, 50.791],
          [9.436, 50.792],
          [9.437, 50.792],
          [9.438, 50.792],
          [9.438, 50.793],
          [9.439, 50.794],
          [9.440, 50.794],
          [9.440, 50.795]
        ]
      }
    },
    {
      "type": "Feature",
      "id": "way/304594749",
      "properties": {
        "admin_level": "5",
        "boundary": "administrative",
        "source": "ALKIS Hessen + Shapefiles",
        "id": "way/304594749"
      },
      "geometry": {
        "type": "LineString",
        "coordinates": [
          [9.271, 50.797],
          [9.270, 50.798],
          [9.269, 50.799],
          [9.269, 50.800],
          [9.268, 50.801],
          [9.269, 50.801],
          [9.270, 50.801],
          [9.271, 50.800],
          [9.272, 50.800],
          [9.271, 50.801],
          [9.270, 50.802],
          [9.269, 50.802],
          [9.269, 50.803],
          [9.269, 50.804],
          [9.269, 50.805],
          [9.270, 50.805],
          [9.271, 50.805],
          [9.272, 50.806],
          [9.273, 50.806],
          [9.274, 50.806],
          [9.275, 50.807],
          [9.276, 50.807],
          [9.276, 50.806],
          [9.276, 50.805],
          [9.275, 50.805],
          [9.275, 50.804],
          [9.275, 50.803],
          [9.276, 50.803],
          [9.276, 50.804],
          [9.276, 50.803],
          [9.276, 50.804],
          [9.277, 50.804],
          [9.278, 50.804],
          [9.279, 50.804],
          [9.280, 50.804],
          [9.281, 50.804],
          [9.282, 50.804],
          [9.283, 50.804],
          [9.284, 50.804],
          [9.285, 50.804],
          [9.286, 50.804],
          [9.286, 50.803],
          [9.286, 50.802],
          [9.287, 50.801],
          [9.288, 50.801],
          [9.289, 50.802],
          [9.290, 50.802],
          [9.290, 50.803],
          [9.291, 50.802],
          [9.292, 50.803],
          [9.293, 50.803],
          [9.294, 50.804],
          [9.296, 50.805],
          [9.297, 50.805],
          [9.298, 50.805],
          [9.298, 50.806],
          [9.299, 50.805],
          [9.300, 50.805],
          [9.302, 50.805],
          [9.303, 50.805],
          [9.304, 50.805],
          [9.306, 50.804],
          [9.307, 50.804],
          [9.308, 50.805],
          [9.309, 50.805],
          [9.310, 50.805],
          [9.311, 50.805],
          [9.312, 50.805],
          [9.314, 50.806],
          [9.314, 50.807],
          [9.313, 50.808],
          [9.313, 50.809],
          [9.314, 50.809],
          [9.315, 50.810],
          [9.316, 50.810],
          [9.316, 50.809]
        ]
      }
    },
    {
      "type": "Feature",
      "id": "way/304648629",
      "properties": {
        "admin_level": "5",
        "boundary": "administrative",
        "source": "ALKIS Hessen + Shapefiles",
        "id": "way/304648629"
      },
      "geometry": {
        "type": "LineString",
        "coordinates": [
          [9.150, 50.846],
          [9.150, 50.845],
          [9.149, 50.844],
          [9.149, 50.843],
          [9.148, 50.843],
          [9.148, 50.842],
          [9.149, 50.841],
          [9.149, 50.840],
          [9.149, 50.839],
          [9.149, 50.837],
          [9.149, 50.836],
          [9.148, 50.836]
        ]
      }
    },
    {
      "type": "Feature",
      "id": "way/304648871",
      "properties": {
        "admin_level": "5",
        "boundary": "administrative",
        "source": "ALKIS Hessen + Shapefiles",
        "id": "way/304648871"
      },
      "geometry": {
        "type": "LineString",
        "coordinates": [
          [9.205, 50.824],
          [9.206, 50.823],
          [9.206, 50.822],
          [9.207, 50.822]
        ]
      }
    },
    {
      "type": "Feature",
      "id": "way/306238644",
      "properties": {
        "admin_level": "4",
        "boundary": "administrative",
        "source": "Hessische Verwaltung für Bodenmanagement und Geoinformation - Digitale Verwaltungsgrenzen",
        "id": "way/306238644"
      },
      "geometry": {
        "type": "LineString",
        "coordinates": [
          [9.188, 50.130],
          [9.188, 50.129],
          [9.189, 50.129],
          [9.189, 50.128],
          [9.190, 50.128]
        ]
      }
    },
    {
      "type": "Feature",
      "id": "way/312337166",
      "properties": {
        "admin_level": "4",
        "boundary": "administrative",
        "source": "Hessische Verwaltung für Bodenmanagement und Geoinformation - Digitale Verwaltungsgrenzen",
        "id": "way/312337166"
      },
      "geometry": {
        "type": "LineString",
        "coordinates": [
          [8.967, 49.501],
          [8.966, 49.501],
          [8.965, 49.501],
          [8.964, 49.501],
          [8.963, 49.501],
          [8.962, 49.501],
          [8.961, 49.501],
          [8.961, 49.502],
          [8.960, 49.503],
          [8.959, 49.503],
          [8.958, 49.503],
          [8.958, 49.502]
        ]
      }
    },
    {
      "type": "Feature",
      "id": "way/312337193",
      "properties": {
        "admin_level": "4",
        "boundary": "administrative",
        "source": "Hessische Verwaltung für Bodenmanagement und Geoinformation - Digitale Verwaltungsgrenzen",
        "id": "way/312337193"
      },
      "geometry": {
        "type": "LineString",
        "coordinates": [
          [8.986, 49.510],
          [8.985, 49.510],
          [8.983, 49.509],
          [8.982, 49.509],
          [8.981, 49.509],
          [8.980, 49.509],
          [8.979, 49.509],
          [8.978, 49.508],
          [8.978, 49.507],
          [8.978, 49.506],
          [8.977, 49.506],
          [8.977, 49.505],
          [8.977, 49.504],
          [8.976, 49.504],
          [8.977, 49.503],
          [8.976, 49.503],
          [8.975, 49.503],
          [8.973, 49.502],
          [8.972, 49.502],
          [8.970, 49.502],
          [8.970, 49.501],
          [8.969, 49.501],
          [8.968, 49.501],
          [8.967, 49.501]
        ]
      }
    },
    {
      "type": "Feature",
      "id": "way/312337214",
      "properties": {
        "admin_level": "4",
        "boundary": "administrative",
        "source": "Hessische Verwaltung für Bodenmanagement und Geoinformation - Digitale Verwaltungsgrenzen",
        "id": "way/312337214"
      },
      "geometry": {
        "type": "LineString",
        "coordinates": [
          [9.043, 49.500],
          [9.042, 49.500],
          [9.042, 49.499],
          [9.041, 49.499],
          [9.041, 49.498],
          [9.040, 49.498],
          [9.039, 49.498],
          [9.039, 49.499],
          [9.038, 49.499],
          [9.037, 49.499],
          [9.036, 49.499],
          [9.035, 49.499],
          [9.034, 49.499],
          [9.033, 49.499],
          [9.033, 49.498],
          [9.032, 49.498]
        ]
      }
    },
    {
      "type": "Feature",
      "id": "way/312337219",
      "properties": {
        "admin_level": "4",
        "boundary": "administrative",
        "source": "Hessische Verwaltung für Bodenmanagement und Geoinformation - Digitale Verwaltungsgrenzen",
        "id": "way/312337219"
      },
      "geometry": {
        "type": "LineString",
        "coordinates": [
          [9.047, 49.510],
          [9.047, 49.509],
          [9.046, 49.509],
          [9.045, 49.509],
          [9.045, 49.508],
          [9.044, 49.508],
          [9.044, 49.507],
          [9.043, 49.507],
          [9.042, 49.507],
          [9.042, 49.506],
          [9.041, 49.506],
          [9.042, 49.505],
          [9.042, 49.504],
          [9.042, 49.503],
          [9.042, 49.502],
          [9.043, 49.502],
          [9.043, 49.501],
          [9.043, 49.500]
        ]
      }
    },
    {
      "type": "Feature",
      "id": "way/312337254",
      "properties": {
        "admin_level": "4",
        "boundary": "administrative",
        "source": "Hessische Verwaltung für Bodenmanagement und Geoinformation - Digitale Verwaltungsgrenzen",
        "id": "way/312337254"
      },
      "geometry": {
        "type": "LineString",
        "coordinates": [
          [9.058, 49.523],
          [9.058, 49.522],
          [9.058, 49.521],
          [9.057, 49.521],
          [9.056, 49.521],
          [9.055, 49.521],
          [9.054, 49.521],
          [9.053, 49.521],
          [9.052, 49.521],
          [9.051, 49.520],
          [9.050, 49.520],
          [9.050, 49.519],
          [9.049, 49.519],
          [9.049, 49.518],
          [9.049, 49.517],
          [9.048, 49.517],
          [9.048, 49.516],
          [9.048, 49.515],
          [9.049, 49.514],
          [9.049, 49.513],
          [9.049, 49.512],
          [9.048, 49.512],
          [9.047, 49.512],
          [9.047, 49.511]
        ]
      }
    },
    {
      "type": "Feature",
      "id": "way/313242778",
      "properties": {
        "admin_level": "5",
        "boundary": "administrative",
        "source": "Hessische Verwaltung für Bodenmanagement und Geoinformation - Digitale Verwaltungsgrenzen",
        "id": "way/313242778"
      },
      "geometry": {
        "type": "LineString",
        "coordinates": [
          [9.479, 50.761],
          [9.480, 50.761],
          [9.481, 50.760],
          [9.482, 50.759],
          [9.483, 50.758],
          [9.484, 50.757],
          [9.485, 50.756],
          [9.487, 50.756],
          [9.488, 50.756],
          [9.489, 50.755],
          [9.490, 50.755],
          [9.490, 50.754],
          [9.492, 50.754],
          [9.493, 50.754],
          [9.494, 50.753],
          [9.493, 50.752],
          [9.492, 50.752],
          [9.492, 50.751],
          [9.492, 50.750],
          [9.492, 50.749]
        ]
      }
    },
    {
      "type": "Feature",
      "id": "way/313688522",
      "properties": {
        "admin_level": "4",
        "boundary": "administrative",
        "source": "Hessische Verwaltung für Bodenmanagement und Geoinformation - Digitale Verwaltungsgrenzen",
        "id": "way/313688522"
      },
      "geometry": {
        "type": "LineString",
        "coordinates": [
          [9.811, 50.416],
          [9.811, 50.417],
          [9.811, 50.418]
        ]
      }
    },
    {
      "type": "Feature",
      "id": "way/315815652",
      "properties": {
        "admin_level": "5",
        "boundary": "administrative",
        "source": "ALKIS Hessen + Shapefiles",
        "id": "way/315815652"
      },
      "geometry": {
        "type": "LineString",
        "coordinates": [
          [9.368, 50.786],
          [9.368, 50.787],
          [9.369, 50.787],
          [9.370, 50.788],
          [9.370, 50.789],
          [9.371, 50.789],
          [9.372, 50.789],
          [9.371, 50.788],
          [9.373, 50.788],
          [9.374, 50.788],
          [9.374, 50.787],
          [9.376, 50.786],
          [9.375, 50.786],
          [9.376, 50.786],
          [9.376, 50.785],
          [9.376, 50.784],
          [9.375, 50.785],
          [9.374, 50.785],
          [9.374, 50.784],
          [9.374, 50.783],
          [9.375, 50.783],
          [9.375, 50.782],
          [9.376, 50.782],
          [9.376, 50.781],
          [9.377, 50.781],
          [9.376, 50.781],
          [9.376, 50.780],
          [9.376, 50.779],
          [9.376, 50.778],
          [9.376, 50.777],
          [9.377, 50.778],
          [9.378, 50.778],
          [9.377, 50.777],
          [9.378, 50.776],
          [9.379, 50.777],
          [9.380, 50.777],
          [9.381, 50.777],
          [9.382, 50.777],
          [9.383, 50.777],
          [9.384, 50.777],
          [9.385, 50.777],
          [9.386, 50.777],
          [9.386, 50.778],
          [9.387, 50.778],
          [9.387, 50.777],
          [9.388, 50.776],
          [9.388, 50.775],
          [9.389, 50.775],
          [9.389, 50.774],
          [9.390, 50.774],
          [9.390, 50.773],
          [9.391, 50.772],
          [9.391, 50.773],
          [9.392, 50.773]
        ]
      }
    },
    {
      "type": "Feature",
      "id": "way/316512001",
      "properties": {
        "admin_level": "4",
        "boundary": "administrative",
        "source": "Hessische Verwaltung für Bodenmanagement und Geoinformation - Digitale Verwaltungsgrenzen",
        "id": "way/316512001"
      },
      "geometry": {
        "type": "LineString",
        "coordinates": [
          [9.754, 50.417],
          [9.753, 50.416],
          [9.751, 50.414],
          [9.751, 50.413],
          [9.751, 50.412],
          [9.751, 50.411],
          [9.751, 50.410],
          [9.752, 50.410],
          [9.753, 50.410],
          [9.753, 50.409],
          [9.754, 50.409],
          [9.754, 50.408],
          [9.755, 50.408],
          [9.755, 50.407],
          [9.756, 50.407],
          [9.756, 50.406],
          [9.757, 50.406],
          [9.757, 50.405],
          [9.757, 50.404],
          [9.758, 50.404],
          [9.758, 50.403],
          [9.759, 50.402],
          [9.759, 50.401],
          [9.758, 50.401],
          [9.757, 50.400],
          [9.757, 50.399],
          [9.756, 50.398],
          [9.756, 50.397],
          [9.756, 50.395],
          [9.755, 50.395],
          [9.755, 50.394],
          [9.754, 50.393],
          [9.754, 50.392],
          [9.754, 50.391],
          [9.754, 50.390],
          [9.754, 50.389],
          [9.754, 50.387]
        ]
      }
    },
    {
      "type": "Feature",
      "id": "way/316726362",
      "properties": {
        "admin_level": "5",
        "boundary": "administrative",
        "source": "ALKIS Hessen + Shapefiles",
        "id": "way/316726362"
      },
      "geometry": {
        "type": "LineString",
        "coordinates": [
          [9.148, 50.836],
          [9.149, 50.835],
          [9.150, 50.835],
          [9.151, 50.835],
          [9.151, 50.834],
          [9.152, 50.834],
          [9.153, 50.834],
          [9.154, 50.833],
          [9.155, 50.833],
          [9.155, 50.834],
          [9.156, 50.834],
          [9.157, 50.834],
          [9.158, 50.834],
          [9.159, 50.834],
          [9.159, 50.833],
          [9.160, 50.833],
          [9.161, 50.833],
          [9.162, 50.834],
          [9.163, 50.834],
          [9.164, 50.834],
          [9.165, 50.834],
          [9.167, 50.834],
          [9.167, 50.833],
          [9.168, 50.833],
          [9.168, 50.832],
          [9.170, 50.832],
          [9.172, 50.832],
          [9.173, 50.832],
          [9.174, 50.832],
          [9.175, 50.832],
          [9.176, 50.832],
          [9.177, 50.831],
          [9.178, 50.831],
          [9.179, 50.831],
          [9.180, 50.831],
          [9.181, 50.831],
          [9.182, 50.831],
          [9.183, 50.831],
          [9.184, 50.831],
          [9.184, 50.830],
          [9.185, 50.829],
          [9.186, 50.828],
          [9.187, 50.827],
          [9.188, 50.827],
          [9.189, 50.826],
          [9.191, 50.826],
          [9.192, 50.826],
          [9.193, 50.825],
          [9.194, 50.825],
          [9.196, 50.824],
          [9.197, 50.824],
          [9.199, 50.823],
          [9.200, 50.823],
          [9.201, 50.822],
          [9.202, 50.822],
          [9.203, 50.822],
          [9.204, 50.823],
          [9.205, 50.823],
          [9.205, 50.824]
        ]
      }
    },
    {
      "type": "Feature",
      "id": "way/316919401",
      "properties": {
        "admin_level": "5",
        "boundary": "administrative",
        "source": "ALKIS Hessen + Shapefiles",
        "id": "way/316919401"
      },
      "geometry": {
        "type": "LineString",
        "coordinates": [
          [9.207, 50.822],
          [9.208, 50.822],
          [9.209, 50.822],
          [9.210, 50.822],
          [9.211, 50.822],
          [9.212, 50.822],
          [9.213, 50.823],
          [9.215, 50.824],
          [9.216, 50.824],
          [9.217, 50.824],
          [9.218, 50.824],
          [9.219, 50.824],
          [9.220, 50.824],
          [9.222, 50.824],
          [9.223, 50.824],
          [9.224, 50.824],
          [9.225, 50.824],
          [9.226, 50.824],
          [9.226, 50.823],
          [9.226, 50.822],
          [9.225, 50.821],
          [9.225, 50.820],
          [9.226, 50.820],
          [9.226, 50.819],
          [9.227, 50.819],
          [9.228, 50.819],
          [9.229, 50.819],
          [9.230, 50.820]
        ]
      }
    },
    {
      "type": "Feature",
      "id": "way/321634121",
      "properties": {
        "admin_level": "4",
        "boundary": "administrative",
        "source": "Hessische Verwaltung für Bodenmanagement und Geoinformation - Digitale Verwaltungsgrenzen",
        "id": "way/321634121"
      },
      "geometry": {
        "type": "LineString",
        "coordinates": [
          [9.213, 50.146],
          [9.212, 50.146],
          [9.211, 50.146],
          [9.211, 50.145],
          [9.211, 50.144]
        ]
      }
    },
    {
      "type": "Feature",
      "id": "way/324169101",
      "properties": {
        "admin_level": "5",
        "boundary": "administrative",
        "source": "HVBG Verwaltungsgrenzen shapefile;Grenzen Vereinfachung 0,1m",
        "id": "way/324169101"
      },
      "geometry": {
        "type": "LineString",
        "coordinates": [
          [8.685, 50.483],
          [8.684, 50.483],
          [8.683, 50.483],
          [8.681, 50.483],
          [8.680, 50.483],
          [8.679, 50.484],
          [8.677, 50.483],
          [8.676, 50.483],
          [8.674, 50.483],
          [8.674, 50.482],
          [8.673, 50.482],
          [8.672, 50.482],
          [8.671, 50.482],
          [8.670, 50.482],
          [8.669, 50.482],
          [8.669, 50.483],
          [8.669, 50.484],
          [8.668, 50.484],
          [8.668, 50.485],
          [8.666, 50.484],
          [8.666, 50.485],
          [8.666, 50.484],
          [8.659, 50.484],
          [8.657, 50.483],
          [8.656, 50.483],
          [8.652, 50.483],
          [8.649, 50.483],
          [8.647, 50.483],
          [8.646, 50.484],
          [8.645, 50.483],
          [8.645, 50.482],
          [8.646, 50.481],
          [8.632, 50.476]
        ]
      }
    },
    {
      "type": "Feature",
      "id": "way/324318143",
      "properties": {
        "admin_level": "4",
        "boundary": "administrative",
        "source": "http://wiki.openstreetmap.org/wiki/Import/Catalogue/Kreisgrenzen_Deutschland_2005",
        "id": "way/324318143"
      },
      "geometry": {
        "type": "LineString",
        "coordinates": [
          [8.253, 50.022],
          [8.254, 50.021]
        ]
      }
    },
    {
      "type": "Feature",
      "id": "way/325350270",
      "properties": {
        "admin_level": "5",
        "boundary": "administrative",
        "source": "Hessische Verwaltung für Bodenmanagement und Geoinformation - Digitale Verwaltungsgrenzen (Shapefile)",
        "id": "way/325350270"
      },
      "geometry": {
        "type": "LineString",
        "coordinates": [
          [8.539, 50.417],
          [8.538, 50.416],
          [8.537, 50.415],
          [8.536, 50.414],
          [8.535, 50.414],
          [8.534, 50.413],
          [8.533, 50.412],
          [8.532, 50.412],
          [8.531, 50.412],
          [8.530, 50.412],
          [8.529, 50.412],
          [8.528, 50.412],
          [8.529, 50.411],
          [8.529, 50.410],
          [8.528, 50.410],
          [8.527, 50.410],
          [8.526, 50.409],
          [8.524, 50.407],
          [8.523, 50.407],
          [8.522, 50.406],
          [8.521, 50.406],
          [8.520, 50.406],
          [8.519, 50.406],
          [8.519, 50.407],
          [8.518, 50.407],
          [8.517, 50.407],
          [8.517, 50.408],
          [8.516, 50.408],
          [8.516, 50.407]
        ]
      }
    },
    {
      "type": "Feature",
      "id": "way/325350271",
      "properties": {
        "admin_level": "5",
        "boundary": "administrative",
        "source": "Hessische Verwaltung für Bodenmanagement und Geoinformation - Digitale Verwaltungsgrenzen",
        "id": "way/325350271"
      },
      "geometry": {
        "type": "LineString",
        "coordinates": [
          [8.514, 50.399],
          [8.512, 50.399],
          [8.511, 50.399],
          [8.510, 50.399],
          [8.509, 50.398],
          [8.509, 50.397],
          [8.508, 50.397],
          [8.507, 50.396],
          [8.506, 50.396],
          [8.505, 50.396],
          [8.504, 50.396],
          [8.503, 50.396],
          [8.502, 50.395],
          [8.501, 50.395],
          [8.501, 50.396],
          [8.502, 50.396],
          [8.501, 50.397],
          [8.500, 50.397],
          [8.500, 50.396],
          [8.499, 50.396],
          [8.499, 50.395],
          [8.498, 50.395],
          [8.497, 50.395],
          [8.496, 50.395],
          [8.495, 50.395],
          [8.494, 50.395],
          [8.493, 50.395],
          [8.493, 50.396],
          [8.493, 50.397],
          [8.493, 50.398],
          [8.492, 50.398],
          [8.491, 50.398],
          [8.491, 50.399],
          [8.490, 50.399],
          [8.490, 50.400],
          [8.489, 50.400],
          [8.489, 50.401],
          [8.490, 50.402],
          [8.490, 50.403],
          [8.491, 50.403],
          [8.490, 50.403],
          [8.489, 50.403],
          [8.488, 50.403],
          [8.487, 50.403],
          [8.486, 50.403],
          [8.485, 50.403],
          [8.484, 50.402],
          [8.484, 50.401],
          [8.483, 50.400],
          [8.483, 50.399],
          [8.482, 50.398],
          [8.481, 50.399],
          [8.480, 50.399],
          [8.480, 50.400],
          [8.480, 50.401],
          [8.480, 50.402],
          [8.481, 50.402],
          [8.481, 50.403],
          [8.481, 50.404],
          [8.480, 50.404],
          [8.480, 50.405],
          [8.479, 50.405],
          [8.478, 50.405],
          [8.477, 50.406],
          [8.476, 50.406],
          [8.475, 50.406],
          [8.474, 50.406],
          [8.474, 50.407],
          [8.475, 50.407],
          [8.475, 50.408],
          [8.476, 50.408],
          [8.477, 50.408],
          [8.477, 50.409],
          [8.477, 50.410],
          [8.477, 50.411]
        ]
      }
    },
    {
      "type": "Feature",
      "id": "way/325832520",
      "properties": {
        "admin_level": "4",
        "boundary": "administrative",
        "source": "http://wiki.openstreetmap.org/wiki/Import/Catalogue/Kreisgrenzen_Deutschland_2005",
        "id": "way/325832520"
      },
      "geometry": {
        "type": "LineString",
        "coordinates": [
          [8.270, 50.011],
          [8.271, 50.010]
        ]
      }
    },
    {
      "type": "Feature",
      "id": "way/325832521",
      "properties": {
        "admin_level": "4",
        "boundary": "administrative",
        "source": "http://wiki.openstreetmap.org/wiki/Import/Catalogue/Kreisgrenzen_Deutschland_2005",
        "id": "way/325832521"
      },
      "geometry": {
        "type": "LineString",
        "coordinates": [
          [8.223, 50.031],
          [8.227, 50.031],
          [8.233, 50.030],
          [8.235, 50.030],
          [8.238, 50.029],
          [8.243, 50.028]
        ]
      }
    },
    {
      "type": "Feature",
      "id": "way/333546295",
      "properties": {
        "admin_level": "5",
        "boundary": "administrative",
        "source": "Hessische Verwaltung für Bodenmanagement und Geoinformation - Digitale Verwaltungsgrenzen",
        "id": "way/333546295"
      },
      "geometry": {
        "type": "LineString",
        "coordinates": [
          [9.141, 50.861],
          [9.140, 50.862],
          [9.139, 50.863],
          [9.138, 50.864],
          [9.137, 50.865],
          [9.136, 50.865],
          [9.134, 50.866],
          [9.133, 50.867],
          [9.132, 50.867],
          [9.131, 50.867],
          [9.132, 50.868],
          [9.132, 50.869],
          [9.131, 50.869],
          [9.131, 50.870],
          [9.130, 50.870],
          [9.129, 50.870],
          [9.128, 50.869],
          [9.127, 50.869]
        ]
      }
    },
    {
      "type": "Feature",
      "id": "way/333546314",
      "properties": {
        "admin_level": "5",
        "boundary": "administrative",
        "source": "ALKIS Hessen + Shapefiles",
        "id": "way/333546314"
      },
      "geometry": {
        "type": "LineString",
        "coordinates": [
          [9.132, 50.899],
          [9.132, 50.898],
          [9.131, 50.897],
          [9.130, 50.897],
          [9.130, 50.896],
          [9.129, 50.896],
          [9.129, 50.895],
          [9.128, 50.894],
          [9.127, 50.894],
          [9.126, 50.893],
          [9.125, 50.893],
          [9.125, 50.892],
          [9.123, 50.891],
          [9.123, 50.892],
          [9.122, 50.892],
          [9.121, 50.891],
          [9.120, 50.891],
          [9.119, 50.890],
          [9.118, 50.890],
          [9.117, 50.889],
          [9.116, 50.889],
          [9.115, 50.889],
          [9.114, 50.890],
          [9.113, 50.890],
          [9.112, 50.891],
          [9.111, 50.891],
          [9.111, 50.890],
          [9.110, 50.890],
          [9.109, 50.890],
          [9.109, 50.889],
          [9.108, 50.888],
          [9.108, 50.887]
        ]
      }
    },
    {
      "type": "Feature",
      "id": "way/333546330",
      "properties": {
        "admin_level": "5",
        "boundary": "administrative",
        "source": "ALKIS Hessen + Shapefiles",
        "id": "way/333546330"
      },
      "geometry": {
        "type": "LineString",
        "coordinates": [
          [9.108, 50.887],
          [9.109, 50.886],
          [9.110, 50.886],
          [9.111, 50.885],
          [9.112, 50.885],
          [9.112, 50.884],
          [9.113, 50.884],
          [9.114, 50.884],
          [9.114, 50.883],
          [9.115, 50.883],
          [9.116, 50.883],
          [9.117, 50.883],
          [9.117, 50.882],
          [9.118, 50.882],
          [9.118, 50.881],
          [9.119, 50.881],
          [9.120, 50.880],
          [9.121, 50.880],
          [9.121, 50.879],
          [9.122, 50.879],
          [9.121, 50.878],
          [9.121, 50.877],
          [9.122, 50.877],
          [9.123, 50.877],
          [9.123, 50.876],
          [9.124, 50.876],
          [9.125, 50.876],
          [9.126, 50.876],
          [9.127, 50.876],
          [9.127, 50.875],
          [9.128, 50.875],
          [9.127, 50.875],
          [9.126, 50.875],
          [9.127, 50.875],
          [9.127, 50.874],
          [9.126, 50.874],
          [9.126, 50.873],
          [9.127, 50.873],
          [9.126, 50.873],
          [9.127, 50.873],
          [9.127, 50.872],
          [9.127, 50.871],
          [9.127, 50.870],
          [9.127, 50.871],
          [9.127, 50.870],
          [9.127, 50.869]
        ]
      }
    },
    {
      "type": "Feature",
      "id": "way/335066620",
      "properties": {
        "admin_level": "4",
        "boundary": "administrative",
        "source": "Hessische Verwaltung für Bodenmanagement und Geoinformation - Digitale Verwaltungsgrenzen",
        "id": "way/335066620"
      },
      "geometry": {
        "type": "LineString",
        "coordinates": [
          [9.145, 50.092],
          [9.144, 50.092],
          [9.144, 50.093],
          [9.143, 50.093],
          [9.143, 50.094]
        ]
      }
    },
    {
      "type": "Feature",
      "id": "way/335066622",
      "properties": {
        "admin_level": "4",
        "boundary": "administrative",
        "source": "Hessische Verwaltung für Bodenmanagement und Geoinformation - Digitale Verwaltungsgrenzen",
        "id": "way/335066622"
      },
      "geometry": {
        "type": "LineString",
        "coordinates": [
          [9.147, 50.091],
          [9.145, 50.091],
          [9.145, 50.092]
        ]
      }
    },
    {
      "type": "Feature",
      "id": "way/363638877",
      "properties": {
        "admin_level": "4",
        "boundary": "administrative",
        "source": "http://wiki.openstreetmap.org/wiki/Import/Catalogue/Kreisgrenzen_Deutschland_2005",
        "id": "way/363638877"
      },
      "geometry": {
        "type": "LineString",
        "coordinates": [
          [8.211, 50.033],
          [8.212, 50.032]
        ]
      }
    },
    {
      "type": "Feature",
      "id": "way/363638883",
      "properties": {
        "admin_level": "4",
        "boundary": "administrative",
        "source": "http://wiki.openstreetmap.org/wiki/Import/Catalogue/Kreisgrenzen_Deutschland_2005",
        "id": "way/363638883"
      },
      "geometry": {
        "type": "LineString",
        "coordinates": [
          [8.243, 50.028],
          [8.245, 50.027],
          [8.253, 50.022]
        ]
      }
    },
    {
      "type": "Feature",
      "id": "way/377641541",
      "properties": {
        "admin_level": "4",
        "boundary": "administrative",
        "source": "Hessische Verwaltung für Bodenmanagement und Geoinformation - Digitale Verwaltungsgrenzen",
        "id": "way/377641541"
      },
      "geometry": {
        "type": "LineString",
        "coordinates": [
          [8.378, 49.832],
          [8.378, 49.833],
          [8.378, 49.834],
          [8.384, 49.846],
          [8.384, 49.847],
          [8.385, 49.848],
          [8.385, 49.849],
          [8.385, 49.850],
          [8.385, 49.851],
          [8.385, 49.852],
          [8.384, 49.853]
        ]
      }
    },
    {
      "type": "Feature",
      "id": "way/431908893",
      "properties": {
        "admin_level": "4",
        "boundary": "administrative",
        "source": "ALKIS Hessen + Shapefiles",
        "id": "way/431908893"
      },
      "geometry": {
        "type": "LineString",
        "coordinates": [
          [8.040, 50.226],
          [8.041, 50.226],
          [8.041, 50.225],
          [8.040, 50.225],
          [8.040, 50.224],
          [8.039, 50.224],
          [8.039, 50.223],
          [8.038, 50.223],
          [8.037, 50.223],
          [8.036, 50.223],
          [8.035, 50.223],
          [8.035, 50.222],
          [8.034, 50.222],
          [8.034, 50.221],
          [8.034, 50.220],
          [8.035, 50.220],
          [8.036, 50.220],
          [8.037, 50.220],
          [8.037, 50.219],
          [8.037, 50.218],
          [8.036, 50.217],
          [8.035, 50.216],
          [8.034, 50.216],
          [8.035, 50.216],
          [8.034, 50.215]
        ]
      }
    },
    {
      "type": "Feature",
      "id": "way/452822918",
      "properties": {
        "admin_level": "4",
        "boundary": "administrative",
        "source": "Hessische Verwaltung für Bodenmanagement und Geoinformation - Digitale Verwaltungsgrenzen",
        "id": "way/452822918"
      },
      "geometry": {
        "type": "LineString",
        "coordinates": [
          [9.021, 50.044],
          [9.022, 50.043],
          [9.023, 50.043]
        ]
      }
    },
    {
      "type": "Feature",
      "id": "way/480838351",
      "properties": {
        "admin_level": "4",
        "boundary": "administrative",
        "source": "Hessische Verwaltung für Bodenmanagement und Geoinformation - Digitale Verwaltungsgrenzen",
        "id": "way/480838351"
      },
      "geometry": {
        "type": "LineString",
        "coordinates": [
          [10.056, 50.554],
          [10.055, 50.553],
          [10.054, 50.552],
          [10.053, 50.551],
          [10.052, 50.549],
          [10.050, 50.548],
          [10.048, 50.547],
          [10.047, 50.545],
          [10.047, 50.544],
          [10.047, 50.542],
          [10.048, 50.541],
          [10.048, 50.540]
        ]
      }
    },
    {
      "type": "Feature",
      "id": "way/480838352",
      "properties": {
        "admin_level": "4",
        "boundary": "administrative",
        "source": "Hessische Verwaltung für Bodenmanagement und Geoinformation - Digitale Verwaltungsgrenzen",
        "id": "way/480838352"
      },
      "geometry": {
        "type": "LineString",
        "coordinates": [
          [10.045, 50.574]
        ]
      }
    },
    {
      "type": "Feature",
      "id": "way/480840366",
      "properties": {
        "admin_level": "4",
        "boundary": "administrative",
        "source": "Hessische Verwaltung für Bodenmanagement und Geoinformation - Digitale Verwaltungsgrenzen",
        "id": "way/480840366"
      },
      "geometry": {
        "type": "LineString",
        "coordinates": [
          [10.050, 50.565],
          [10.050, 50.564],
          [10.050, 50.563],
          [10.051, 50.563]
        ]
      }
    },
    {
      "type": "Feature",
      "id": "way/480840367",
      "properties": {
        "admin_level": "4",
        "boundary": "administrative",
        "source": "Hessische Verwaltung für Bodenmanagement und Geoinformation - Digitale Verwaltungsgrenzen",
        "id": "way/480840367"
      },
      "geometry": {
        "type": "LineString",
        "coordinates": [
          [10.045, 50.574],
          [10.045, 50.573],
          [10.046, 50.572],
          [10.046, 50.571],
          [10.046, 50.570],
          [10.047, 50.569],
          [10.047, 50.568],
          [10.048, 50.567],
          [10.049, 50.566],
          [10.050, 50.565]
        ]
      }
    },
    {
      "type": "Feature",
      "id": "way/481001748",
      "properties": {
        "admin_level": "4",
        "boundary": "administrative",
        "source": "Hessische Verwaltung für Bodenmanagement und Geoinformation - Digitale Verwaltungsgrenzen",
        "id": "way/481001748"
      },
      "geometry": {
        "type": "LineString",
        "coordinates": [
          [9.963, 50.637],
          [9.964, 50.638],
          [9.965, 50.638],
          [9.965, 50.639],
          [9.966, 50.639],
          [9.967, 50.640],
          [9.968, 50.640],
          [9.968, 50.641],
          [9.967, 50.642],
          [9.966, 50.643],
          [9.965, 50.644],
          [9.963, 50.645],
          [9.963, 50.646],
          [9.961, 50.647],
          [9.960, 50.648],
          [9.959, 50.648],
          [9.958, 50.649],
          [9.957, 50.650],
          [9.956, 50.651],
          [9.954, 50.653],
          [9.953, 50.653],
          [9.952, 50.654],
          [9.951, 50.655],
          [9.950, 50.655],
          [9.949, 50.656],
          [9.949, 50.657],
          [9.948, 50.657],
          [9.948, 50.658],
          [9.949, 50.658],
          [9.950, 50.659],
          [9.950, 50.660],
          [9.949, 50.661],
          [9.948, 50.661]
        ]
      }
    },
    {
      "type": "Feature",
      "id": "way/481002578",
      "properties": {
        "admin_level": "4",
        "boundary": "administrative",
        "source": "Hessische Verwaltung für Bodenmanagement und Geoinformation - Digitale Verwaltungsgrenzen",
        "id": "way/481002578"
      },
      "geometry": {
        "type": "LineString",
        "coordinates": [
          [9.947, 50.662]
        ]
      }
    },
    {
      "type": "Feature",
      "id": "way/481006108",
      "properties": {
        "admin_level": "4",
        "boundary": "administrative",
        "source": "Hessische Verwaltung für Bodenmanagement und Geoinformation - Digitale Verwaltungsgrenzen",
        "id": "way/481006108"
      },
      "geometry": {
        "type": "LineString",
        "coordinates": [
          [9.978, 50.669],
          [9.979, 50.669],
          [9.981, 50.670],
          [9.982, 50.670],
          [9.983, 50.671],
          [9.984, 50.671],
          [9.984, 50.672],
          [9.985, 50.672],
          [9.986, 50.673],
          [9.987, 50.673],
          [9.988, 50.673],
          [9.988, 50.674],
          [9.989, 50.674],
          [9.990, 50.674],
          [9.991, 50.674],
          [9.992, 50.674],
          [9.993, 50.675],
          [9.994, 50.675],
          [9.995, 50.675],
          [9.996, 50.675],
          [9.997, 50.675],
          [9.998, 50.675],
          [9.999, 50.676],
          [10.000, 50.676],
          [10.001, 50.676],
          [10.002, 50.676],
          [10.004, 50.676],
          [10.005, 50.676],
          [10.006, 50.675],
          [10.009, 50.675],
          [10.011, 50.675],
          [10.013, 50.674],
          [10.015, 50.674],
          [10.017, 50.673],
          [10.019, 50.673],
          [10.021, 50.673],
          [10.022, 50.673],
          [10.023, 50.673],
          [10.024, 50.673],
          [10.025, 50.673],
          [10.026, 50.673],
          [10.027, 50.674],
          [10.028, 50.674]
        ]
      }
    },
    {
      "type": "Feature",
      "id": "way/481006125",
      "properties": {
        "admin_level": "4",
        "boundary": "administrative",
        "source": "Hessische Verwaltung für Bodenmanagement und Geoinformation - Digitale Verwaltungsgrenzen",
        "id": "way/481006125"
      },
      "geometry": {
        "type": "LineString",
        "coordinates": [
          [9.948, 50.661],
          [9.947, 50.662]
        ]
      }
    },
    {
      "type": "Feature",
      "id": "way/509957364",
      "properties": {
        "admin_level": "4",
        "boundary": "administrative",
        "source": "Hessische Verwaltung für Bodenmanagement und Geoinformation - Digitale Verwaltungsgrenzen",
        "id": "way/509957364"
      },
      "geometry": {
        "type": "LineString",
        "coordinates": [
          [9.077, 50.115],
          [9.076, 50.116],
          [9.074, 50.117],
          [9.073, 50.117],
          [9.073, 50.118],
          [9.072, 50.118],
          [9.071, 50.119]
        ]
      }
    },
    {
      "type": "Feature",
      "id": "way/509967298",
      "properties": {
        "admin_level": "4",
        "boundary": "administrative",
        "source": "Hessische Verwaltung für Bodenmanagement und Geoinformation - Digitale Verwaltungsgrenzen",
        "id": "way/509967298"
      },
      "geometry": {
        "type": "LineString",
        "coordinates": [
          [9.153, 50.106],
          [9.153, 50.107],
          [9.154, 50.108],
          [9.155, 50.110],
          [9.155, 50.111],
          [9.155, 50.112],
          [9.155, 50.113],
          [9.154, 50.113],
          [9.153, 50.114],
          [9.153, 50.115],
          [9.153, 50.116],
          [9.153, 50.117],
          [9.152, 50.117],
          [9.152, 50.116],
          [9.151, 50.116],
          [9.150, 50.116],
          [9.150, 50.115],
          [9.149, 50.115],
          [9.148, 50.115],
          [9.147, 50.115],
          [9.147, 50.114],
          [9.146, 50.114],
          [9.145, 50.114],
          [9.144, 50.114],
          [9.143, 50.114],
          [9.142, 50.114],
          [9.141, 50.115],
          [9.140, 50.115],
          [9.139, 50.115],
          [9.139, 50.116],
          [9.138, 50.117],
          [9.137, 50.118],
          [9.135, 50.118],
          [9.134, 50.119],
          [9.133, 50.119],
          [9.131, 50.120],
          [9.129, 50.121]
        ]
      }
    },
    {
      "type": "Feature",
      "id": "way/509967302",
      "properties": {
        "admin_level": "4",
        "boundary": "administrative",
        "source": "Hessische Verwaltung für Bodenmanagement und Geoinformation - Digitale Verwaltungsgrenzen",
        "id": "way/509967302"
      },
      "geometry": {
        "type": "LineString",
        "coordinates": [
          [9.089, 50.117],
          [9.088, 50.117],
          [9.086, 50.117],
          [9.086, 50.116],
          [9.085, 50.117],
          [9.084, 50.116],
          [9.081, 50.116],
          [9.079, 50.116],
          [9.079, 50.115],
          [9.078, 50.115],
          [9.077, 50.115]
        ]
      }
    },
    {
      "type": "Feature",
      "id": "way/511139003",
      "properties": {
        "admin_level": "4",
        "boundary": "administrative",
        "source": "Hessische Verwaltung für Bodenmanagement und Geoinformation - Digitale Verwaltungsgrenzen",
        "id": "way/511139003"
      },
      "geometry": {
        "type": "LineString",
        "coordinates": [
          [9.032, 49.924],
          [9.031, 49.923],
          [9.031, 49.922],
          [9.030, 49.921],
          [9.029, 49.919],
          [9.028, 49.918],
          [9.027, 49.916],
          [9.026, 49.915],
          [9.026, 49.914],
          [9.025, 49.913],
          [9.025, 49.912],
          [9.024, 49.912],
          [9.023, 49.911],
          [9.023, 49.910]
        ]
      }
    },
    {
      "type": "Feature",
      "id": "way/511152729",
      "properties": {
        "admin_level": "4",
        "boundary": "administrative",
        "source": "Hessische Verwaltung für Bodenmanagement und Geoinformation - Digitale Verwaltungsgrenzen",
        "id": "way/511152729"
      },
      "geometry": {
        "type": "LineString",
        "coordinates": [
          [9.037, 49.892],
          [9.037, 49.891],
          [9.037, 49.890],
          [9.038, 49.890],
          [9.037, 49.889],
          [9.038, 49.889],
          [9.037, 49.889],
          [9.037, 49.888],
          [9.037, 49.887],
          [9.037, 49.886],
          [9.037, 49.885],
          [9.037, 49.884],
          [9.037, 49.883],
          [9.037, 49.881],
          [9.037, 49.880],
          [9.037, 49.879],
          [9.037, 49.878],
          [9.037, 49.877],
          [9.038, 49.877],
          [9.038, 49.876],
          [9.039, 49.875],
          [9.040, 49.874],
          [9.041, 49.874],
          [9.042, 49.873],
          [9.044, 49.872],
          [9.045, 49.871],
          [9.045, 49.870],
          [9.045, 49.869],
          [9.047, 49.869],
          [9.048, 49.869],
          [9.048, 49.868],
          [9.050, 49.867],
          [9.050, 49.866]
        ]
      }
    },
    {
      "type": "Feature",
      "id": "way/511152733",
      "properties": {
        "admin_level": "4",
        "boundary": "administrative",
        "source": "Hessische Verwaltung für Bodenmanagement und Geoinformation - Digitale Verwaltungsgrenzen",
        "id": "way/511152733"
      },
      "geometry": {
        "type": "LineString",
        "coordinates": [
          [9.025, 49.938],
          [9.025, 49.937],
          [9.026, 49.936],
          [9.026, 49.935],
          [9.027, 49.934],
          [9.027, 49.933],
          [9.028, 49.932],
          [9.029, 49.932],
          [9.029, 49.931],
          [9.029, 49.930],
          [9.029, 49.929],
          [9.029, 49.928],
          [9.029, 49.927],
          [9.029, 49.926],
          [9.031, 49.925],
          [9.032, 49.924]
        ]
      }
    },
    {
      "type": "Feature",
      "id": "way/511662018",
      "properties": {
        "admin_level": "4",
        "boundary": "administrative",
        "source": "Hessische Verwaltung für Bodenmanagement und Geoinformation - Digitale Verwaltungsgrenzen",
        "id": "way/511662018"
      },
      "geometry": {
        "type": "LineString",
        "coordinates": [
          [9.174, 50.114],
          [9.174, 50.113],
          [9.173, 50.113],
          [9.172, 50.113],
          [9.172, 50.112],
          [9.171, 50.112],
          [9.170, 50.111],
          [9.169, 50.111],
          [9.169, 50.110],
          [9.168, 50.110],
          [9.167, 50.110],
          [9.167, 50.109],
          [9.166, 50.109],
          [9.166, 50.108],
          [9.166, 50.107],
          [9.166, 50.106],
          [9.165, 50.106],
          [9.164, 50.106],
          [9.164, 50.105],
          [9.163, 50.105],
          [9.162, 50.105],
          [9.162, 50.104],
          [9.162, 50.103],
          [9.161, 50.103],
          [9.161, 50.102],
          [9.160, 50.102],
          [9.160, 50.101],
          [9.159, 50.101],
          [9.159, 50.100],
          [9.159, 50.099],
          [9.160, 50.099],
          [9.161, 50.098],
          [9.162, 50.098]
        ]
      }
    },
    {
      "type": "Feature",
      "id": "way/512315232",
      "properties": {
        "admin_level": "4",
        "boundary": "administrative",
        "source": "Hessische Verwaltung für Bodenmanagement und Geoinformation - Digitale Verwaltungsgrenzen",
        "id": "way/512315232"
      },
      "geometry": {
        "type": "LineString",
        "coordinates": [
          [9.511, 50.126],
          [9.512, 50.125],
          [9.512, 50.123],
          [9.513, 50.122],
          [9.514, 50.121],
          [9.515, 50.118],
          [9.516, 50.117],
          [9.517, 50.115],
          [9.518, 50.114],
          [9.519, 50.113],
          [9.518, 50.111],
          [9.518, 50.110],
          [9.518, 50.109],
          [9.518, 50.108],
          [9.518, 50.107],
          [9.518, 50.106],
          [9.519, 50.106]
        ]
      }
    },
    {
      "type": "Feature",
      "id": "way/532267006",
      "properties": {
        "admin_level": "4",
        "boundary": "administrative",
        "source": "Hessische Verwaltung für Bodenmanagement und Geoinformation - Digitale Verwaltungsgrenzen",
        "id": "way/532267006"
      },
      "geometry": {
        "type": "LineString",
        "coordinates": [
          [8.998, 50.079],
          [8.998, 50.077]
        ]
      }
    },
    {
      "type": "Feature",
      "id": "way/535251958",
      "properties": {
        "admin_level": "4",
        "boundary": "administrative",
        "source": "ALKIS Hessen + Shapefiles",
        "id": "way/535251958"
      },
      "geometry": {
        "type": "LineString",
        "coordinates": [
          [9.082, 49.811],
          [9.082, 49.810],
          [9.083, 49.809],
          [9.084, 49.808],
          [9.085, 49.807],
          [9.085, 49.806],
          [9.086, 49.806],
          [9.086, 49.805],
          [9.086, 49.804],
          [9.087, 49.803],
          [9.087, 49.802],
          [9.087, 49.801],
          [9.087, 49.800],
          [9.087, 49.799],
          [9.087, 49.798]
        ]
      }
    },
    {
      "type": "Feature",
      "id": "way/541175315",
      "properties": {
        "admin_level": "4",
        "boundary": "administrative",
        "source": "Hessische Verwaltung für Bodenmanagement und Geoinformation - Digitale Verwaltungsgrenzen",
        "id": "way/541175315"
      },
      "geometry": {
        "type": "LineString",
        "coordinates": [
          [9.087, 49.597],
          [9.088, 49.596],
          [9.088, 49.595],
          [9.088, 49.594],
          [9.088, 49.593],
          [9.089, 49.592],
          [9.090, 49.591],
          [9.090, 49.590],
          [9.091, 49.589],
          [9.091, 49.588],
          [9.092, 49.588],
          [9.092, 49.587],
          [9.093, 49.587],
          [9.093, 49.586],
          [9.094, 49.586],
          [9.095, 49.586],
          [9.096, 49.585],
          [9.097, 49.584],
          [9.098, 49.583],
          [9.098, 49.582],
          [9.099, 49.582],
          [9.099, 49.581],
          [9.100, 49.581],
          [9.101, 49.580],
          [9.102, 49.580],
          [9.102, 49.579],
          [9.102, 49.578],
          [9.102, 49.577]
        ]
      }
    },
    {
      "type": "Feature",
      "id": "way/541393500",
      "properties": {
        "admin_level": "4",
        "boundary": "administrative",
        "source": "ALKIS Hessen + Shapefiles",
        "id": "way/541393500"
      },
      "geometry": {
        "type": "LineString",
        "coordinates": [
          [9.089, 49.678],
          [9.089, 49.676],
          [9.088, 49.675],
          [9.088, 49.674],
          [9.088, 49.673],
          [9.089, 49.671],
          [9.089, 49.670],
          [9.088, 49.669],
          [9.088, 49.668],
          [9.089, 49.668],
          [9.090, 49.668],
          [9.090, 49.667],
          [9.091, 49.667],
          [9.092, 49.667],
          [9.092, 49.666],
          [9.093, 49.666],
          [9.094, 49.665],
          [9.095, 49.665],
          [9.096, 49.665],
          [9.096, 49.664],
          [9.097, 49.664],
          [9.097, 49.663],
          [9.098, 49.663],
          [9.098, 49.662],
          [9.099, 49.662],
          [9.099, 49.661],
          [9.100, 49.661],
          [9.101, 49.661],
          [9.101, 49.660],
          [9.102, 49.660]
        ]
      }
    },
    {
      "type": "Feature",
      "id": "way/546913666",
      "properties": {
        "admin_level": "4",
        "boundary": "administrative",
        "source": "Hessische Verwaltung für Bodenmanagement und Geoinformation - Digitale Verwaltungsgrenzen (Shapefile)",
        "id": "way/546913666"
      },
      "geometry": {
        "type": "LineString",
        "coordinates": [
          [8.052, 50.375]
        ]
      }
    },
    {
      "type": "Feature",
      "id": "way/546913667",
      "properties": {
        "admin_level": "4",
        "boundary": "administrative",
        "source": "Hessische Verwaltung für Bodenmanagement und Geoinformation - Digitale Verwaltungsgrenzen (Shapefile)",
        "id": "way/546913667"
      },
      "geometry": {
        "type": "LineString",
        "coordinates": [
          [8.052, 50.375],
          [8.050, 50.376]
        ]
      }
    },
    {
      "type": "Feature",
      "id": "way/546913671",
      "properties": {
        "admin_level": "4",
        "boundary": "administrative",
        "source": "Hessische Verwaltung für Bodenmanagement und Geoinformation - Digitale Verwaltungsgrenzen (Shapefile)",
        "id": "way/546913671"
      },
      "geometry": {
        "type": "LineString",
        "coordinates": [
          [8.063, 50.368],
          [8.062, 50.370]
        ]
      }
    },
    {
      "type": "Feature",
      "id": "way/552380063",
      "properties": {
        "admin_level": "4",
        "boundary": "administrative",
        "source": "Hessische Verwaltung für Bodenmanagement und Geoinformation - Digitale Verwaltungsgrenzen (Shapefile)",
        "id": "way/552380063"
      },
      "geometry": {
        "type": "LineString",
        "coordinates": [
          [7.906, 50.201],
          [7.907, 50.202],
          [7.909, 50.203],
          [7.912, 50.203],
          [7.913, 50.204],
          [7.915, 50.205],
          [7.916, 50.206],
          [7.917, 50.206],
          [7.918, 50.207],
          [7.920, 50.207],
          [7.924, 50.207],
          [7.926, 50.207],
          [7.928, 50.207]
        ]
      }
    },
    {
      "type": "Feature",
      "id": "way/552420755",
      "properties": {
        "admin_level": "4",
        "boundary": "administrative",
        "source": "Hessische Verwaltung für Bodenmanagement und Geoinformation - Digitale Verwaltungsgrenzen",
        "id": "way/552420755"
      },
      "geometry": {
        "type": "LineString",
        "coordinates": [
          [8.998, 50.077],
          [8.998, 50.076],
          [8.998, 50.074],
          [8.998, 50.073],
          [8.999, 50.071],
          [8.999, 50.069],
          [8.998, 50.069],
          [8.998, 50.068],
          [8.997, 50.068],
          [8.996, 50.068],
          [8.996, 50.069],
          [8.995, 50.069],
          [8.995, 50.068],
          [8.995, 50.067],
          [8.994, 50.067],
          [8.994, 50.068],
          [8.993, 50.068],
          [8.993, 50.067],
          [8.994, 50.067],
          [8.993, 50.067],
          [8.992, 50.067],
          [8.991, 50.067],
          [8.991, 50.068]
        ]
      }
    },
    {
      "type": "Feature",
      "id": "way/552420757",
      "properties": {
        "admin_level": "4",
        "boundary": "administrative",
        "source": "Hessische Verwaltung für Bodenmanagement und Geoinformation - Digitale Verwaltungsgrenzen",
        "id": "way/552420757"
      },
      "geometry": {
        "type": "LineString",
        "coordinates": [
          [8.998, 50.081],
          [8.998, 50.079]
        ]
      }
    },
    {
      "type": "Feature",
      "id": "way/582264300",
      "properties": {
        "admin_level": "4",
        "boundary": "administrative",
        "source": "ALKIS Hessen + Shapefiles",
        "id": "way/582264300"
      },
      "geometry": {
        "type": "LineString",
        "coordinates": [
          [9.105, 49.697],
          [9.105, 49.696]
        ]
      }
    },
    {
      "type": "Feature",
      "id": "way/632219599",
      "properties": {
        "admin_level": "5",
        "boundary": "administrative",
        "source": "ALKIS Hessen + Shapefiles",
        "id": "way/632219599"
      },
      "geometry": {
        "type": "LineString",
        "coordinates": [
          [8.778, 50.960],
          [8.779, 50.960],
          [8.779, 50.959],
          [8.780, 50.959],
          [8.780, 50.958],
          [8.781, 50.958],
          [8.781, 50.957],
          [8.782, 50.957],
          [8.781, 50.957],
          [8.782, 50.957],
          [8.783, 50.956],
          [8.784, 50.956],
          [8.785, 50.956],
          [8.786, 50.956],
          [8.787, 50.956],
          [8.787, 50.957],
          [8.788, 50.957],
          [8.789, 50.957]
        ]
      }
    },
    {
      "type": "Feature",
      "id": "way/632288242",
      "properties": {
        "admin_level": "5",
        "boundary": "administrative",
        "source": "ALKIS Hessen + Shapefiles",
        "id": "way/632288242"
      },
      "geometry": {
        "type": "LineString",
        "coordinates": [
          [8.898, 50.952],
          [8.899, 50.952],
          [8.900, 50.952],
          [8.901, 50.952],
          [8.902, 50.952],
          [8.903, 50.952],
          [8.904, 50.953],
          [8.904, 50.952],
          [8.905, 50.952],
          [8.906, 50.952],
          [8.907, 50.952],
          [8.907, 50.953],
          [8.908, 50.953],
          [8.909, 50.953],
          [8.910, 50.953],
          [8.910, 50.954],
          [8.909, 50.954],
          [8.910, 50.954],
          [8.911, 50.954],
          [8.912, 50.954],
          [8.912, 50.955]
        ]
      }
    },
    {
      "type": "Feature",
      "id": "way/635937036",
      "properties": {
        "admin_level": "5",
        "boundary": "administrative",
        "source": "Hessische Verwaltung für Bodenmanagement und Geoinformation - Digitale Verwaltungsgrenzen (Shapefile)",
        "id": "way/635937036"
      },
      "geometry": {
        "type": "LineString",
        "coordinates": [
          [8.495, 50.960],
          [8.496, 50.961],
          [8.497, 50.961],
          [8.498, 50.961],
          [8.499, 50.962],
          [8.500, 50.962],
          [8.500, 50.961],
          [8.501, 50.961],
          [8.502, 50.961],
          [8.503, 50.960],
          [8.504, 50.959],
          [8.505, 50.959],
          [8.506, 50.958],
          [8.507, 50.958],
          [8.509, 50.958],
          [8.510, 50.958],
          [8.512, 50.956],
          [8.513, 50.956],
          [8.513, 50.955],
          [8.515, 50.955],
          [8.517, 50.954],
          [8.518, 50.954],
          [8.519, 50.954],
          [8.520, 50.954],
          [8.520, 50.955],
          [8.521, 50.955],
          [8.522, 50.955],
          [8.523, 50.956],
          [8.524, 50.955],
          [8.525, 50.955],
          [8.525, 50.954],
          [8.527, 50.954],
          [8.529, 50.954],
          [8.530, 50.954],
          [8.531, 50.954],
          [8.533, 50.954],
          [8.534, 50.954],
          [8.535, 50.953]
        ]
      }
    },
    {
      "type": "Feature",
      "id": "way/635937042",
      "properties": {
        "admin_level": "5",
        "boundary": "administrative",
        "source": "Hessische Verwaltung für Bodenmanagement und Geoinformation - Digitale Verwaltungsgrenzen",
        "id": "way/635937042"
      },
      "geometry": {
        "type": "LineString",
        "coordinates": [
          [8.602, 50.952],
          [8.602, 50.951]
        ]
      }
    },
    {
      "type": "Feature",
      "id": "way/635953282",
      "properties": {
        "admin_level": "5",
        "boundary": "administrative",
        "source": "Hessische Verwaltung für Bodenmanagement und Geoinformation - Digitale Verwaltungsgrenzen",
        "id": "way/635953282"
      },
      "geometry": {
        "type": "LineString",
        "coordinates": [
          [8.664, 50.988],
          [8.663, 50.988],
          [8.663, 50.987],
          [8.663, 50.986],
          [8.662, 50.986],
          [8.662, 50.985],
          [8.661, 50.985],
          [8.661, 50.984],
          [8.660, 50.984],
          [8.660, 50.983],
          [8.661, 50.982],
          [8.661, 50.981],
          [8.660, 50.981],
          [8.660, 50.980],
          [8.659, 50.980],
          [8.659, 50.981],
          [8.658, 50.981],
          [8.657, 50.981],
          [8.656, 50.981],
          [8.655, 50.981],
          [8.654, 50.981],
          [8.653, 50.981],
          [8.652, 50.981],
          [8.651, 50.981],
          [8.650, 50.981],
          [8.649, 50.981],
          [8.648, 50.981],
          [8.647, 50.981],
          [8.646, 50.981],
          [8.646, 50.980]
        ]
      }
    },
    {
      "type": "Feature",
      "id": "way/635964347",
      "properties": {
        "admin_level": "5",
        "boundary": "administrative",
        "source": "HVBG Verwaltungsgrenzen shapefile",
        "id": "way/635964347"
      },
      "geometry": {
        "type": "LineString",
        "coordinates": [
          [8.673, 50.996],
          [8.674, 50.996],
          [8.677, 50.995],
          [8.678, 50.995],
          [8.679, 50.995],
          [8.682, 50.994],
          [8.683, 50.993],
          [8.683, 50.992],
          [8.684, 50.992],
          [8.687, 50.991],
          [8.688, 50.990],
          [8.689, 50.990],
          [8.691, 50.990],
          [8.693, 50.990],
          [8.694, 50.991],
          [8.695, 50.991],
          [8.696, 50.991],
          [8.697, 50.990],
          [8.698, 50.990],
          [8.700, 50.991],
          [8.701, 50.991],
          [8.702, 50.992],
          [8.703, 50.992],
          [8.704, 50.993],
          [8.705, 50.993]
        ]
      }
    },
    {
      "type": "Feature",
      "id": "way/635978787",
      "properties": {
        "admin_level": "5",
        "boundary": "administrative",
        "source": "Hessische Verwaltung für Bodenmanagement und Geoinformation - Digitale Verwaltungsgrenzen",
        "id": "way/635978787"
      },
      "geometry": {
        "type": "LineString",
        "coordinates": [
          [8.673, 50.996],
          [8.672, 50.996],
          [8.671, 50.995],
          [8.670, 50.995],
          [8.670, 50.994],
          [8.669, 50.994],
          [8.669, 50.993],
          [8.669, 50.991],
          [8.668, 50.991],
          [8.668, 50.990],
          [8.667, 50.990],
          [8.666, 50.989],
          [8.665, 50.989],
          [8.664, 50.988]
        ]
      }
    },
    {
      "type": "Feature",
      "id": "way/673691352",
      "properties": {
        "admin_level": "5",
        "boundary": "administrative",
        "source": "Hessische Verwaltung für Bodenmanagement und Geoinformation - Digitale Verwaltungsgrenzen",
        "id": "way/673691352"
      },
      "geometry": {
        "type": "LineString",
        "coordinates": [
          [9.450, 50.462],
          [9.451, 50.462],
          [9.452, 50.462],
          [9.452, 50.461],
          [9.453, 50.461],
          [9.454, 50.460],
          [9.455, 50.460],
          [9.456, 50.459],
          [9.457, 50.459],
          [9.457, 50.458],
          [9.457, 50.457],
          [9.456, 50.456],
          [9.458, 50.455],
          [9.458, 50.454],
          [9.459, 50.454],
          [9.460, 50.454],
          [9.461, 50.454],
          [9.460, 50.454],
          [9.460, 50.453],
          [9.460, 50.452],
          [9.461, 50.452],
          [9.462, 50.452],
          [9.463, 50.452],
          [9.464, 50.452],
          [9.465, 50.452],
          [9.466, 50.452],
          [9.467, 50.452],
          [9.469, 50.452],
          [9.469, 50.451],
          [9.470, 50.451],
          [9.471, 50.450],
          [9.472, 50.449],
          [9.471, 50.448],
          [9.472, 50.447],
          [9.473, 50.447],
          [9.474, 50.447]
        ]
      }
    },
    {
      "type": "Feature",
      "id": "way/673691358",
      "properties": {
        "admin_level": "5",
        "boundary": "administrative",
        "source": "Hessische Verwaltung für Bodenmanagement und Geoinformation - Digitale Verwaltungsgrenzen",
        "id": "way/673691358"
      },
      "geometry": {
        "type": "LineString",
        "coordinates": [
          [9.427, 50.478],
          [9.427, 50.477],
          [9.428, 50.477],
          [9.428, 50.476],
          [9.429, 50.476],
          [9.430, 50.475],
          [9.432, 50.475],
          [9.433, 50.474],
          [9.434, 50.474]
        ]
      }
    },
    {
      "type": "Feature",
      "id": "way/673691360",
      "properties": {
        "admin_level": "5",
        "boundary": "administrative",
        "source": "Hessische Verwaltung für Bodenmanagement und Geoinformation - Digitale Verwaltungsgrenzen",
        "id": "way/673691360"
      },
      "geometry": {
        "type": "LineString",
        "coordinates": [
          [9.436, 50.430],
          [9.436, 50.429],
          [9.437, 50.428],
          [9.437, 50.427],
          [9.438, 50.426],
          [9.439, 50.425],
          [9.439, 50.424],
          [9.440, 50.423],
          [9.440, 50.422],
          [9.441, 50.422]
        ]
      }
    },
    {
      "type": "Feature",
      "id": "way/673691361",
      "properties": {
        "admin_level": "5",
        "boundary": "administrative",
        "source": "Hessische Verwaltung für Bodenmanagement und Geoinformation - Digitale Verwaltungsgrenzen",
        "id": "way/673691361"
      },
      "geometry": {
        "type": "LineString",
        "coordinates": [
          [9.460, 50.476],
          [9.460, 50.475],
          [9.460, 50.474],
          [9.460, 50.473],
          [9.460, 50.472],
          [9.460, 50.471],
          [9.459, 50.471],
          [9.458, 50.470],
          [9.458, 50.469],
          [9.457, 50.470],
          [9.456, 50.470],
          [9.457, 50.469],
          [9.457, 50.468],
          [9.456, 50.468],
          [9.456, 50.467],
          [9.455, 50.467],
          [9.454, 50.466],
          [9.454, 50.465],
          [9.454, 50.464],
          [9.454, 50.463],
          [9.454, 50.462],
          [9.453, 50.462],
          [9.452, 50.462],
          [9.451, 50.462],
          [9.450, 50.462]
        ]
      }
    },
    {
      "type": "Feature",
      "id": "way/673691363",
      "properties": {
        "admin_level": "5",
        "boundary": "administrative",
        "source": "Hessische Verwaltung für Bodenmanagement und Geoinformation - Digitale Verwaltungsgrenzen",
        "id": "way/673691363"
      },
      "geometry": {
        "type": "LineString",
        "coordinates": [
          [9.438, 50.409],
          [9.437, 50.409],
          [9.436, 50.409],
          [9.436, 50.408],
          [9.435, 50.408],
          [9.435, 50.407],
          [9.434, 50.407],
          [9.433, 50.406],
          [9.432, 50.406],
          [9.432, 50.407],
          [9.431, 50.407],
          [9.430, 50.406],
          [9.429, 50.406],
          [9.428, 50.406],
          [9.427, 50.406],
          [9.426, 50.405],
          [9.425, 50.405],
          [9.424, 50.405],
          [9.423, 50.405],
          [9.423, 50.404],
          [9.422, 50.404],
          [9.421, 50.404],
          [9.420, 50.404],
          [9.419, 50.404],
          [9.418, 50.403],
          [9.417, 50.403],
          [9.416, 50.403],
          [9.413, 50.404],
          [9.412, 50.404],
          [9.411, 50.404],
          [9.411, 50.403]
        ]
      }
    },
    {
      "type": "Feature",
      "id": "way/673691370",
      "properties": {
        "admin_level": "5",
        "boundary": "administrative",
        "source": "Hessische Verwaltung für Bodenmanagement und Geoinformation - Digitale Verwaltungsgrenzen",
        "id": "way/673691370"
      },
      "geometry": {
        "type": "LineString",
        "coordinates": [
          [9.397, 50.389],
          [9.395, 50.390],
          [9.393, 50.390],
          [9.392, 50.390],
          [9.391, 50.390],
          [9.390, 50.390],
          [9.390, 50.391],
          [9.389, 50.390],
          [9.388, 50.390],
          [9.387, 50.390],
          [9.386, 50.390],
          [9.385, 50.390],
          [9.384, 50.390],
          [9.383, 50.390],
          [9.381, 50.391],
          [9.380, 50.392],
          [9.379, 50.392],
          [9.378, 50.393],
          [9.377, 50.394],
          [9.377, 50.395]
        ]
      }
    },
    {
      "type": "Feature",
      "id": "way/673691373",
      "properties": {
        "admin_level": "5",
        "boundary": "administrative",
        "source": "Hessische Verwaltung für Bodenmanagement und Geoinformation - Digitale Verwaltungsgrenzen",
        "id": "way/673691373"
      },
      "geometry": {
        "type": "LineString",
        "coordinates": [
          [9.377, 50.395],
          [9.376, 50.395],
          [9.374, 50.395],
          [9.373, 50.395],
          [9.372, 50.395],
          [9.371, 50.395],
          [9.369, 50.395],
          [9.368, 50.395],
          [9.367, 50.395],
          [9.366, 50.395],
          [9.366, 50.394],
          [9.365, 50.394],
          [9.364, 50.394],
          [9.363, 50.394]
        ]
      }
    },
    {
      "type": "Feature",
      "id": "way/673691382",
      "properties": {
        "admin_level": "5",
        "boundary": "administrative",
        "source": "Hessische Verwaltung für Bodenmanagement und Geoinformation - Digitale Verwaltungsgrenzen",
        "id": "way/673691382"
      },
      "geometry": {
        "type": "LineString",
        "coordinates": [
          [9.352, 50.437],
          [9.351, 50.438],
          [9.350, 50.438],
          [9.349, 50.439],
          [9.348, 50.440],
          [9.347, 50.441],
          [9.345, 50.442],
          [9.344, 50.443],
          [9.343, 50.443],
          [9.342, 50.444],
          [9.340, 50.445],
          [9.339, 50.447],
          [9.339, 50.448],
          [9.340, 50.448],
          [9.339, 50.449],
          [9.339, 50.450],
          [9.338, 50.450],
          [9.337, 50.450],
          [9.337, 50.451],
          [9.336, 50.451],
          [9.335, 50.452]
        ]
      }
    },
    {
      "type": "Feature",
      "id": "way/673691385",
      "properties": {
        "admin_level": "5",
        "boundary": "administrative",
        "source": "Hessische Verwaltung für Bodenmanagement und Geoinformation - Digitale Verwaltungsgrenzen",
        "id": "way/673691385"
      },
      "geometry": {
        "type": "LineString",
        "coordinates": [
          [9.363, 50.394],
          [9.364, 50.394],
          [9.364, 50.393],
          [9.365, 50.393],
          [9.364, 50.393],
          [9.364, 50.392],
          [9.365, 50.392],
          [9.365, 50.391],
          [9.366, 50.391],
          [9.366, 50.390],
          [9.366, 50.389],
          [9.365, 50.389]
        ]
      }
    },
    {
      "type": "Feature",
      "id": "way/673691386",
      "properties": {
        "admin_level": "5",
        "boundary": "administrative",
        "source": "Hessische Verwaltung für Bodenmanagement und Geoinformation - Digitale Verwaltungsgrenzen",
        "id": "way/673691386"
      },
      "geometry": {
        "type": "LineString",
        "coordinates": [
          [9.365, 50.389],
          [9.364, 50.389],
          [9.365, 50.389],
          [9.364, 50.388],
          [9.364, 50.387],
          [9.364, 50.386],
          [9.359, 50.385],
          [9.354, 50.385],
          [9.349, 50.385],
          [9.349, 50.386],
          [9.348, 50.386],
          [9.348, 50.389],
          [9.352, 50.391],
          [9.352, 50.392],
          [9.351, 50.392],
          [9.350, 50.393],
          [9.349, 50.393],
          [9.348, 50.394],
          [9.348, 50.395],
          [9.347, 50.395],
          [9.345, 50.396],
          [9.346, 50.398],
          [9.345, 50.398],
          [9.345, 50.397],
          [9.344, 50.397],
          [9.343, 50.398],
          [9.342, 50.398],
          [9.341, 50.398],
          [9.341, 50.399],
          [9.340, 50.399],
          [9.340, 50.400],
          [9.343, 50.402],
          [9.343, 50.403],
          [9.343, 50.404],
          [9.342, 50.405]
        ]
      }
    },
    {
      "type": "Feature",
      "id": "way/674422195",
      "properties": {
        "admin_level": "5",
        "boundary": "administrative",
        "source": "Hessische Verwaltung für Bodenmanagement und Geoinformation - Digitale Verwaltungsgrenzen",
        "id": "way/674422195"
      },
      "geometry": {
        "type": "LineString",
        "coordinates": [
          [9.411, 50.403],
          [9.410, 50.403],
          [9.409, 50.402],
          [9.408, 50.402],
          [9.407, 50.401],
          [9.406, 50.400],
          [9.405, 50.399],
          [9.404, 50.398],
          [9.403, 50.398],
          [9.403, 50.397],
          [9.402, 50.397],
          [9.401, 50.396],
          [9.400, 50.396],
          [9.400, 50.395],
          [9.400, 50.394],
          [9.399, 50.393],
          [9.399, 50.392],
          [9.399, 50.391],
          [9.398, 50.391],
          [9.397, 50.390],
          [9.397, 50.389]
        ]
      }
    },
    {
      "type": "Feature",
      "id": "way/674422198",
      "properties": {
        "admin_level": "5",
        "boundary": "administrative",
        "source": "Hessische Verwaltung für Bodenmanagement und Geoinformation - Digitale Verwaltungsgrenzen",
        "id": "way/674422198"
      },
      "geometry": {
        "type": "LineString",
        "coordinates": [
          [9.441, 50.422],
          [9.440, 50.421],
          [9.440, 50.420],
          [9.439, 50.419],
          [9.439, 50.418],
          [9.439, 50.417],
          [9.438, 50.417],
          [9.438, 50.416],
          [9.437, 50.416],
          [9.437, 50.415],
          [9.436, 50.414],
          [9.436, 50.413],
          [9.435, 50.413],
          [9.435, 50.412],
          [9.436, 50.411],
          [9.436, 50.410],
          [9.437, 50.410],
          [9.437, 50.409],
          [9.438, 50.409]
        ]
      }
    },
    {
      "type": "Feature",
      "id": "way/676994678",
      "properties": {
        "admin_level": "4",
        "boundary": "administrative",
        "source": "Hessische Verwaltung für Bodenmanagement und Geoinformation - Digitale Verwaltungsgrenzen",
        "id": "way/676994678"
      },
      "geometry": {
        "type": "LineString",
        "coordinates": [
          [9.273, 50.142],
          [9.270, 50.142],
          [9.269, 50.141],
          [9.268, 50.140],
          [9.267, 50.139],
          [9.266, 50.139],
          [9.265, 50.139],
          [9.262, 50.139],
          [9.260, 50.138]
        ]
      }
    },
    {
      "type": "Feature",
      "id": "way/683885834",
      "properties": {
        "admin_level": "4",
        "boundary": "administrative",
        "source": "Hessische Verwaltung für Bodenmanagement und Geoinformation - Digitale Verwaltungsgrenzen",
        "id": "way/683885834"
      },
      "geometry": {
        "type": "LineString",
        "coordinates": [
          [9.100, 49.561],
          [9.100, 49.560],
          [9.099, 49.560],
          [9.098, 49.560],
          [9.097, 49.560],
          [9.096, 49.560],
          [9.095, 49.560],
          [9.093, 49.560],
          [9.093, 49.561],
          [9.092, 49.561],
          [9.091, 49.561],
          [9.090, 49.561],
          [9.089, 49.560],
          [9.087, 49.560],
          [9.085, 49.561],
          [9.084, 49.561],
          [9.083, 49.561],
          [9.082, 49.561],
          [9.081, 49.563],
          [9.080, 49.564],
          [9.081, 49.567],
          [9.081, 49.568],
          [9.081, 49.569],
          [9.081, 49.570],
          [9.080, 49.570],
          [9.079, 49.571],
          [9.079, 49.572],
          [9.078, 49.573],
          [9.078, 49.574],
          [9.077, 49.574],
          [9.076, 49.574],
          [9.075, 49.575],
          [9.074, 49.575],
          [9.073, 49.575]
        ]
      }
    },
    {
      "type": "Feature",
      "id": "way/683900669",
      "properties": {
        "admin_level": "4",
        "boundary": "administrative",
        "source": "Hessische Verwaltung für Bodenmanagement und Geoinformation - Digitale Verwaltungsgrenzen",
        "id": "way/683900669"
      },
      "geometry": {
        "type": "LineString",
        "coordinates": [
          [9.047, 49.511],
          [9.047, 49.510]
        ]
      }
    },
    {
      "type": "Feature",
      "id": "way/699223189",
      "properties": {
        "admin_level": "4",
        "boundary": "administrative",
        "source": "Hessische Verwaltung für Bodenmanagement und Geoinformation - Digitale Verwaltungsgrenzen (Shapefile)",
        "id": "way/699223189"
      },
      "geometry": {
        "type": "LineString",
        "coordinates": [
          [7.945, 49.974],
          [7.942, 49.974],
          [7.941, 49.974]
        ]
      }
    },
    {
      "type": "Feature",
      "id": "way/699223190",
      "properties": {
        "admin_level": "4",
        "boundary": "administrative",
        "source": "Hessische Verwaltung für Bodenmanagement und Geoinformation - Digitale Verwaltungsgrenzen (Shapefile)",
        "id": "way/699223190"
      },
      "geometry": {
        "type": "LineString",
        "coordinates": [
          [7.941, 49.974],
          [7.940, 49.974],
          [7.937, 49.973],
          [7.936, 49.973],
          [7.934, 49.974],
          [7.933, 49.974],
          [7.932, 49.974],
          [7.931, 49.974],
          [7.928, 49.974]
        ]
      }
    },
    {
      "type": "Feature",
      "id": "way/699223191",
      "properties": {
        "admin_level": "4",
        "boundary": "administrative",
        "source": "Hessische Verwaltung für Bodenmanagement und Geoinformation - Digitale Verwaltungsgrenzen (Shapefile)",
        "id": "way/699223191"
      },
      "geometry": {
        "type": "LineString",
        "coordinates": [
          [7.886, 49.971],
          [7.882, 49.972],
          [7.877, 49.972],
          [7.876, 49.972],
          [7.873, 49.974]
        ]
      }
    },
    {
      "type": "Feature",
      "id": "way/704290592",
      "properties": {
        "admin_level": "5",
        "boundary": "administrative",
        "source": "Hessische Verwaltung für Bodenmanagement und Geoinformation - Digitale Verwaltungsgrenzen",
        "id": "way/704290592"
      },
      "geometry": {
        "type": "LineString",
        "coordinates": [
          [9.347, 50.422],
          [9.346, 50.421],
          [9.347, 50.419],
          [9.348, 50.419],
          [9.349, 50.418],
          [9.350, 50.417],
          [9.349, 50.416],
          [9.351, 50.415],
          [9.353, 50.414],
          [9.352, 50.414],
          [9.352, 50.413],
          [9.351, 50.412],
          [9.350, 50.411],
          [9.350, 50.410],
          [9.350, 50.409],
          [9.350, 50.408],
          [9.349, 50.408],
          [9.349, 50.407],
          [9.348, 50.407],
          [9.348, 50.406],
          [9.347, 50.407],
          [9.346, 50.407],
          [9.345, 50.406],
          [9.345, 50.405],
          [9.344, 50.405],
          [9.344, 50.404],
          [9.343, 50.404],
          [9.342, 50.405]
        ]
      }
    },
    {
      "type": "Feature",
      "id": "way/704290597",
      "properties": {
        "admin_level": "5",
        "boundary": "administrative",
        "source": "Hessische Verwaltung für Bodenmanagement und Geoinformation - Digitale Verwaltungsgrenzen",
        "id": "way/704290597"
      },
      "geometry": {
        "type": "LineString",
        "coordinates": [
          [9.347, 50.422],
          [9.348, 50.422],
          [9.348, 50.421],
          [9.349, 50.421],
          [9.349, 50.420],
          [9.350, 50.420],
          [9.350, 50.419],
          [9.351, 50.419],
          [9.352, 50.419],
          [9.352, 50.420],
          [9.353, 50.420],
          [9.353, 50.419],
          [9.354, 50.419],
          [9.355, 50.419],
          [9.356, 50.418],
          [9.357, 50.418],
          [9.358, 50.417],
          [9.358, 50.418],
          [9.359, 50.418],
          [9.360, 50.418],
          [9.359, 50.417],
          [9.360, 50.416],
          [9.360, 50.417],
          [9.361, 50.416]
        ]
      }
    },
    {
      "type": "Feature",
      "id": "way/704290603",
      "properties": {
        "admin_level": "5",
        "boundary": "administrative",
        "source": "Hessische Verwaltung für Bodenmanagement und Geoinformation - Digitale Verwaltungsgrenzen",
        "id": "way/704290603"
      },
      "geometry": {
        "type": "LineString",
        "coordinates": [
          [9.335, 50.452],
          [9.334, 50.452],
          [9.333, 50.452],
          [9.332, 50.452],
          [9.330, 50.452],
          [9.328, 50.452],
          [9.327, 50.452],
          [9.325, 50.453],
          [9.323, 50.453],
          [9.321, 50.453],
          [9.320, 50.453],
          [9.319, 50.453],
          [9.317, 50.453],
          [9.317, 50.454],
          [9.315, 50.455]
        ]
      }
    },
    {
      "type": "Feature",
      "id": "way/704290604",
      "properties": {
        "admin_level": "5",
        "boundary": "administrative",
        "source": "Hessische Verwaltung für Bodenmanagement und Geoinformation - Digitale Verwaltungsgrenzen",
        "id": "way/704290604"
      },
      "geometry": {
        "type": "LineString",
        "coordinates": [
          [9.286, 50.437],
          [9.286, 50.438],
          [9.286, 50.439]
        ]
      }
    },
    {
      "type": "Feature",
      "id": "way/705494703",
      "properties": {
        "admin_level": "5",
        "boundary": "administrative",
        "source": "Hessische Verwaltung für Bodenmanagement und Geoinformation - Digitale Verwaltungsgrenzen",
        "id": "way/705494703"
      },
      "geometry": {
        "type": "LineString",
        "coordinates": [
          [9.252, 50.462],
          [9.250, 50.462],
          [9.249, 50.462],
          [9.248, 50.461],
          [9.247, 50.461],
          [9.246, 50.461],
          [9.244, 50.460],
          [9.243, 50.460],
          [9.242, 50.460],
          [9.241, 50.460],
          [9.240, 50.460],
          [9.239, 50.460],
          [9.238, 50.460],
          [9.236, 50.460],
          [9.235, 50.460],
          [9.234, 50.461],
          [9.233, 50.461],
          [9.232, 50.461],
          [9.231, 50.460],
          [9.231, 50.459],
          [9.232, 50.459]
        ]
      }
    },
    {
      "type": "Feature",
      "id": "way/705506030",
      "properties": {
        "admin_level": "5",
        "boundary": "administrative",
        "source": "Hessische Verwaltung für Bodenmanagement und Geoinformation - Digitale Verwaltungsgrenzen",
        "id": "way/705506030"
      },
      "geometry": {
        "type": "LineString",
        "coordinates": [
          [9.259, 50.463],
          [9.258, 50.463],
          [9.257, 50.463],
          [9.257, 50.462],
          [9.256, 50.462],
          [9.255, 50.462],
          [9.254, 50.462],
          [9.253, 50.462],
          [9.252, 50.462]
        ]
      }
    },
    {
      "type": "Feature",
      "id": "way/705506031",
      "properties": {
        "admin_level": "5",
        "boundary": "administrative",
        "source": "Hessische Verwaltung für Bodenmanagement und Geoinformation - Digitale Verwaltungsgrenzen",
        "id": "way/705506031"
      },
      "geometry": {
        "type": "LineString",
        "coordinates": [
          [9.297, 50.463],
          [9.295, 50.463],
          [9.294, 50.462],
          [9.293, 50.462],
          [9.292, 50.462],
          [9.291, 50.462],
          [9.291, 50.461],
          [9.290, 50.461],
          [9.289, 50.461],
          [9.288, 50.461],
          [9.289, 50.460],
          [9.289, 50.459],
          [9.288, 50.459],
          [9.287, 50.459],
          [9.287, 50.458],
          [9.286, 50.458],
          [9.286, 50.457],
          [9.285, 50.457],
          [9.284, 50.456],
          [9.284, 50.455],
          [9.283, 50.455]
        ]
      }
    },
    {
      "type": "Feature",
      "id": "way/705506035",
      "properties": {
        "admin_level": "5",
        "boundary": "administrative",
        "source": "Hessische Verwaltung für Bodenmanagement und Geoinformation - Digitale Verwaltungsgrenzen",
        "id": "way/705506035"
      },
      "geometry": {
        "type": "LineString",
        "coordinates": [
          [9.315, 50.455],
          [9.314, 50.455],
          [9.312, 50.456],
          [9.310, 50.456],
          [9.309, 50.457],
          [9.308, 50.457],
          [9.306, 50.457],
          [9.305, 50.457],
          [9.305, 50.458],
          [9.303, 50.458],
          [9.301, 50.459],
          [9.301, 50.460],
          [9.299, 50.461],
          [9.298, 50.462],
          [9.297, 50.463]
        ]
      }
    },
    {
      "type": "Feature",
      "id": "way/705696046",
      "properties": {
        "admin_level": "4",
        "boundary": "administrative",
        "source": "Hessische Verwaltung für Bodenmanagement und Geoinformation - Digitale Verwaltungsgrenzen",
        "id": "way/705696046"
      },
      "geometry": {
        "type": "LineString",
        "coordinates": [
          [8.299, 49.988],
          [8.298, 49.988],
          [8.292, 49.992],
          [8.290, 49.993]
        ]
      }
    },
    {
      "type": "Feature",
      "id": "way/705696047",
      "properties": {
        "admin_level": "4",
        "boundary": "administrative",
        "source": "Hessische Verwaltung für Bodenmanagement und Geoinformation - Digitale Verwaltungsgrenzen",
        "id": "way/705696047"
      },
      "geometry": {
        "type": "LineString",
        "coordinates": [
          [8.327, 49.969],
          [8.326, 49.970],
          [8.323, 49.972],
          [8.323, 49.973],
          [8.317, 49.976],
          [8.308, 49.983],
          [8.299, 49.988]
        ]
      }
    },
    {
      "type": "Feature",
      "id": "way/705696048",
      "properties": {
        "admin_level": "4",
        "boundary": "administrative",
        "source": "Hessische Verwaltung für Bodenmanagement und Geoinformation - Digitale Verwaltungsgrenzen",
        "id": "way/705696048"
      },
      "geometry": {
        "type": "LineString",
        "coordinates": [
          [8.343, 49.940],
          [8.342, 49.941],
          [8.342, 49.942],
          [8.342, 49.947],
          [8.342, 49.949],
          [8.337, 49.955],
          [8.335, 49.959],
          [8.332, 49.963],
          [8.329, 49.966],
          [8.327, 49.969]
        ]
      }
    },
    {
      "type": "Feature",
      "id": "way/706719399",
      "properties": {
        "admin_level": "4",
        "boundary": "administrative",
        "source": "Hessische Verwaltung für Bodenmanagement und Geoinformation - Digitale Verwaltungsgrenzen",
        "id": "way/706719399"
      },
      "geometry": {
        "type": "LineString",
        "coordinates": [
          [9.652, 50.268],
          [9.651, 50.267],
          [9.650, 50.267],
          [9.650, 50.266],
          [9.649, 50.266],
          [9.648, 50.266],
          [9.648, 50.265],
          [9.649, 50.265],
          [9.648, 50.265],
          [9.649, 50.265],
          [9.649, 50.264],
          [9.648, 50.264],
          [9.648, 50.265],
          [9.648, 50.264],
          [9.647, 50.264],
          [9.647, 50.263],
          [9.648, 50.263]
        ]
      }
    },
    {
      "type": "Feature",
      "id": "way/706728533",
      "properties": {
        "admin_level": "4",
        "boundary": "administrative",
        "source": "Hessische Verwaltung für Bodenmanagement und Geoinformation - Digitale Verwaltungsgrenzen",
        "id": "way/706728533"
      },
      "geometry": {
        "type": "LineString",
        "coordinates": [
          [9.714, 50.292],
          [9.713, 50.291],
          [9.712, 50.290],
          [9.711, 50.290],
          [9.710, 50.289],
          [9.709, 50.288],
          [9.708, 50.287],
          [9.708, 50.286],
          [9.707, 50.285],
          [9.706, 50.284],
          [9.705, 50.284],
          [9.705, 50.283],
          [9.704, 50.282],
          [9.704, 50.281],
          [9.703, 50.281],
          [9.703, 50.280]
        ]
      }
    },
    {
      "type": "Feature",
      "id": "way/706728540",
      "properties": {
        "admin_level": "4",
        "boundary": "administrative",
        "source": "Hessische Verwaltung für Bodenmanagement und Geoinformation - Digitale Verwaltungsgrenzen",
        "id": "way/706728540"
      },
      "geometry": {
        "type": "LineString",
        "coordinates": [
          [9.656, 50.271],
          [9.654, 50.271],
          [9.653, 50.270],
          [9.652, 50.269],
          [9.652, 50.268]
        ]
      }
    },
    {
      "type": "Feature",
      "id": "way/706736513",
      "properties": {
        "admin_level": "4",
        "boundary": "administrative",
        "source": "Hessische Verwaltung für Bodenmanagement und Geoinformation - Digitale Verwaltungsgrenzen",
        "id": "way/706736513"
      },
      "geometry": {
        "type": "LineString",
        "coordinates": [
          [9.744, 50.327],
          [9.745, 50.326],
          [9.746, 50.326],
          [9.747, 50.325]
        ]
      }
    },
    {
      "type": "Feature",
      "id": "way/706746032",
      "properties": {
        "admin_level": "4",
        "boundary": "administrative",
        "source": "Hessische Verwaltung für Bodenmanagement und Geoinformation - Digitale Verwaltungsgrenzen",
        "id": "way/706746032"
      },
      "geometry": {
        "type": "LineString",
        "coordinates": [
          [9.129, 50.121],
          [9.128, 50.122],
          [9.127, 50.122],
          [9.125, 50.123],
          [9.123, 50.124],
          [9.122, 50.125]
        ]
      }
    },
    {
      "type": "Feature",
      "id": "way/706795210",
      "properties": {
        "admin_level": "5",
        "boundary": "administrative",
        "source": "Hessische Verwaltung für Bodenmanagement und Geoinformation - Digitale Verwaltungsgrenzen",
        "id": "way/706795210"
      },
      "geometry": {
        "type": "LineString",
        "coordinates": [
          [9.646, 50.378],
          [9.645, 50.378],
          [9.644, 50.378],
          [9.643, 50.378],
          [9.643, 50.379],
          [9.642, 50.379],
          [9.641, 50.379],
          [9.640, 50.379],
          [9.639, 50.379],
          [9.639, 50.380],
          [9.638, 50.380],
          [9.637, 50.380],
          [9.636, 50.381],
          [9.635, 50.381],
          [9.634, 50.381],
          [9.633, 50.382],
          [9.632, 50.382],
          [9.631, 50.382],
          [9.630, 50.383],
          [9.629, 50.384],
          [9.627, 50.385],
          [9.627, 50.386],
          [9.628, 50.386],
          [9.627, 50.386],
          [9.626, 50.387]
        ]
      }
    },
    {
      "type": "Feature",
      "id": "way/706801647",
      "properties": {
        "admin_level": "5",
        "boundary": "administrative",
        "source": "Hessische Verwaltung für Bodenmanagement und Geoinformation - Digitale Verwaltungsgrenzen",
        "id": "way/706801647"
      },
      "geometry": {
        "type": "LineString",
        "coordinates": [
          [9.576, 50.387],
          [9.575, 50.386],
          [9.575, 50.385],
          [9.574, 50.385],
          [9.573, 50.386],
          [9.572, 50.386],
          [9.572, 50.385],
          [9.571, 50.385],
          [9.570, 50.385],
          [9.568, 50.385],
          [9.567, 50.385],
          [9.566, 50.386],
          [9.566, 50.385],
          [9.565, 50.386],
          [9.564, 50.386],
          [9.563, 50.386],
          [9.562, 50.386],
          [9.561, 50.386],
          [9.561, 50.385],
          [9.562, 50.384],
          [9.563, 50.384],
          [9.563, 50.383],
          [9.563, 50.382],
          [9.562, 50.382],
          [9.562, 50.383],
          [9.561, 50.383],
          [9.561, 50.382],
          [9.561, 50.381],
          [9.560, 50.381],
          [9.559, 50.381],
          [9.558, 50.381],
          [9.557, 50.381],
          [9.556, 50.381],
          [9.555, 50.381],
          [9.554, 50.381],
          [9.554, 50.382]
        ]
      }
    },
    {
      "type": "Feature",
      "id": "way/706801648",
      "properties": {
        "admin_level": "5",
        "boundary": "administrative",
        "source": "Hessische Verwaltung für Bodenmanagement und Geoinformation - Digitale Verwaltungsgrenzen",
        "id": "way/706801648"
      },
      "geometry": {
        "type": "LineString",
        "coordinates": [
          [9.520, 50.397],
          [9.519, 50.398],
          [9.519, 50.399],
          [9.518, 50.399],
          [9.517, 50.399],
          [9.517, 50.400],
          [9.516, 50.400],
          [9.515, 50.401],
          [9.514, 50.401],
          [9.513, 50.401],
          [9.512, 50.401],
          [9.512, 50.402],
          [9.511, 50.402],
          [9.510, 50.403],
          [9.510, 50.404],
          [9.508, 50.404],
          [9.507, 50.405],
          [9.506, 50.405],
          [9.506, 50.406],
          [9.505, 50.406],
          [9.504, 50.406],
          [9.504, 50.407],
          [9.503, 50.407],
          [9.502, 50.407],
          [9.501, 50.408],
          [9.500, 50.409],
          [9.499, 50.409]
        ]
      }
    },
    {
      "type": "Feature",
      "id": "way/706801650",
      "properties": {
        "admin_level": "5",
        "boundary": "administrative",
        "source": "Hessische Verwaltung für Bodenmanagement und Geoinformation - Digitale Verwaltungsgrenzen",
        "id": "way/706801650"
      },
      "geometry": {
        "type": "LineString",
        "coordinates": [
          [9.613, 50.393],
          [9.612, 50.393],
          [9.611, 50.393],
          [9.611, 50.392],
          [9.609, 50.393],
          [9.608, 50.393],
          [9.608, 50.392],
          [9.607, 50.392],
          [9.606, 50.391],
          [9.605, 50.391],
          [9.603, 50.391],
          [9.602, 50.391],
          [9.601, 50.391],
          [9.601, 50.390],
          [9.602, 50.390],
          [9.601, 50.390],
          [9.600, 50.390],
          [9.599, 50.390],
          [9.599, 50.389],
          [9.598, 50.389],
          [9.597, 50.389],
          [9.596, 50.389],
          [9.595, 50.389],
          [9.594, 50.389],
          [9.594, 50.388],
          [9.593, 50.388],
          [9.592, 50.388],
          [9.591, 50.388],
          [9.590, 50.388],
          [9.589, 50.388],
          [9.588, 50.388],
          [9.588, 50.387],
          [9.587, 50.387],
          [9.585, 50.388],
          [9.585, 50.387],
          [9.584, 50.387],
          [9.583, 50.387],
          [9.582, 50.386],
          [9.581, 50.386],
          [9.580, 50.386],
          [9.579, 50.386],
          [9.578, 50.386],
          [9.578, 50.387],
          [9.577, 50.387],
          [9.576, 50.387]
        ]
      }
    },
    {
      "type": "Feature",
      "id": "way/711058895",
      "properties": {
        "admin_level": "5",
        "boundary": "administrative",
        "source": "Hessische Verwaltung für Bodenmanagement und Geoinformation - Digitale Verwaltungsgrenzen",
        "id": "way/711058895"
      },
      "geometry": {
        "type": "LineString",
        "coordinates": [
          [9.620, 50.392],
          [9.621, 50.392],
          [9.621, 50.391],
          [9.622, 50.391],
          [9.622, 50.390],
          [9.622, 50.389],
          [9.623, 50.389],
          [9.624, 50.388],
          [9.625, 50.388],
          [9.625, 50.387],
          [9.626, 50.387]
        ]
      }
    },
    {
      "type": "Feature",
      "id": "way/711058903",
      "properties": {
        "admin_level": "5",
        "boundary": "administrative",
        "source": "Hessische Verwaltung für Bodenmanagement und Geoinformation - Digitale Verwaltungsgrenzen",
        "id": "way/711058903"
      },
      "geometry": {
        "type": "LineString",
        "coordinates": [
          [9.682, 50.368],
          [9.682, 50.369],
          [9.683, 50.369],
          [9.683, 50.370],
          [9.682, 50.371],
          [9.682, 50.372],
          [9.682, 50.373],
          [9.683, 50.373],
          [9.682, 50.374]
        ]
      }
    },
    {
      "type": "Feature",
      "id": "way/711058906",
      "properties": {
        "admin_level": "4",
        "boundary": "administrative",
        "source": "Hessische Verwaltung für Bodenmanagement und Geoinformation - Digitale Verwaltungsgrenzen",
        "id": "way/711058906"
      },
      "geometry": {
        "type": "LineString",
        "coordinates": [
          [9.754, 50.387],
          [9.754, 50.386],
          [9.753, 50.386],
          [9.753, 50.385],
          [9.753, 50.384],
          [9.752, 50.383],
          [9.751, 50.382],
          [9.751, 50.381],
          [9.751, 50.380],
          [9.750, 50.379],
          [9.750, 50.378],
          [9.749, 50.377],
          [9.748, 50.376],
          [9.745, 50.373],
          [9.744, 50.371],
          [9.744, 50.370],
          [9.744, 50.369],
          [9.745, 50.367],
          [9.745, 50.366],
          [9.745, 50.364],
          [9.743, 50.362],
          [9.739, 50.360],
          [9.738, 50.359],
          [9.737, 50.359],
          [9.737, 50.358],
          [9.735, 50.357],
          [9.734, 50.357],
          [9.733, 50.356]
        ]
      }
    },
    {
      "type": "Feature",
      "id": "way/711076701",
      "properties": {
        "admin_level": "5",
        "boundary": "administrative",
        "source": "Hessische Verwaltung für Bodenmanagement und Geoinformation - Digitale Verwaltungsgrenzen",
        "id": "way/711076701"
      },
      "geometry": {
        "type": "LineString",
        "coordinates": [
          [9.481, 50.439],
          [9.480, 50.440],
          [9.479, 50.440],
          [9.479, 50.441],
          [9.478, 50.441]
        ]
      }
    },
    {
      "type": "Feature",
      "id": "way/711076707",
      "properties": {
        "admin_level": "5",
        "boundary": "administrative",
        "source": "Hessische Verwaltung für Bodenmanagement und Geoinformation - Digitale Verwaltungsgrenzen",
        "id": "way/711076707"
      },
      "geometry": {
        "type": "LineString",
        "coordinates": [
          [9.499, 50.409],
          [9.498, 50.409],
          [9.498, 50.410],
          [9.497, 50.410],
          [9.496, 50.410],
          [9.495, 50.410],
          [9.494, 50.411]
        ]
      }
    },
    {
      "type": "Feature",
      "id": "way/711091025",
      "properties": {
        "admin_level": "5",
        "boundary": "administrative",
        "source": "Hessische Verwaltung für Bodenmanagement und Geoinformation - Digitale Verwaltungsgrenzen",
        "id": "way/711091025"
      },
      "geometry": {
        "type": "LineString",
        "coordinates": [
          [9.620, 50.392],
          [9.620, 50.391],
          [9.619, 50.391],
          [9.619, 50.390],
          [9.618, 50.390],
          [9.617, 50.390],
          [9.616, 50.390],
          [9.616, 50.389],
          [9.615, 50.389],
          [9.614, 50.390],
          [9.614, 50.391],
          [9.615, 50.392],
          [9.614, 50.392],
          [9.613, 50.393]
        ]
      }
    },
    {
      "type": "Feature",
      "id": "way/712672821",
      "properties": {
        "admin_level": "5",
        "boundary": "administrative",
        "source": "Hessische Verwaltung für Bodenmanagement und Geoinformation - Digitale Verwaltungsgrenzen",
        "id": "way/712672821"
      },
      "geometry": {
        "type": "LineString",
        "coordinates": [
          [9.435, 50.496],
          [9.434, 50.495],
          [9.433, 50.493],
          [9.433, 50.492],
          [9.432, 50.491],
          [9.432, 50.490],
          [9.431, 50.490],
          [9.431, 50.489],
          [9.431, 50.488],
          [9.430, 50.487],
          [9.430, 50.486]
        ]
      }
    },
    {
      "type": "Feature",
      "id": "way/712672826",
      "properties": {
        "admin_level": "5",
        "boundary": "administrative",
        "source": "Hessische Verwaltung für Bodenmanagement und Geoinformation - Digitale Verwaltungsgrenzen",
        "id": "way/712672826"
      },
      "geometry": {
        "type": "LineString",
        "coordinates": [
          [9.430, 50.486],
          [9.429, 50.486],
          [9.429, 50.485],
          [9.429, 50.484],
          [9.428, 50.484],
          [9.428, 50.483],
          [9.429, 50.482],
          [9.429, 50.481],
          [9.429, 50.480],
          [9.429, 50.479],
          [9.428, 50.479],
          [9.427, 50.479],
          [9.427, 50.478]
        ]
      }
    },
    {
      "type": "Feature",
      "id": "way/712680269",
      "properties": {
        "admin_level": "5",
        "boundary": "administrative",
        "source": "Hessische Verwaltung für Bodenmanagement und Geoinformation - Digitale Verwaltungsgrenzen",
        "id": "way/712680269"
      },
      "geometry": {
        "type": "LineString",
        "coordinates": [
          [9.439, 50.498],
          [9.438, 50.498],
          [9.437, 50.498],
          [9.436, 50.497],
          [9.435, 50.497],
          [9.435, 50.496]
        ]
      }
    },
    {
      "type": "Feature",
      "id": "way/712690551",
      "properties": {
        "admin_level": "5",
        "boundary": "administrative",
        "source": "HVBG Verwaltungsgrenzen shapefile;Grenzen Vereinfachung 0,1m",
        "id": "way/712690551"
      },
      "geometry": {
        "type": "LineString",
        "coordinates": [
          [9.154, 50.439],
          [9.153, 50.439],
          [9.153, 50.438],
          [9.152, 50.438],
          [9.151, 50.438],
          [9.150, 50.437],
          [9.149, 50.437],
          [9.149, 50.436],
          [9.148, 50.436],
          [9.148, 50.435],
          [9.147, 50.435],
          [9.147, 50.434],
          [9.147, 50.433],
          [9.146, 50.432],
          [9.143, 50.430],
          [9.145, 50.429],
          [9.144, 50.428],
          [9.143, 50.428],
          [9.143, 50.427],
          [9.143, 50.426],
          [9.143, 50.425],
          [9.142, 50.425],
          [9.143, 50.424]
        ]
      }
    },
    {
      "type": "Feature",
      "id": "way/712690553",
      "properties": {
        "admin_level": "5",
        "boundary": "administrative",
        "source": "Hessische Verwaltung für Bodenmanagement und Geoinformation - Digitale Verwaltungsgrenzen",
        "id": "way/712690553"
      },
      "geometry": {
        "type": "LineString",
        "coordinates": [
          [9.225, 50.458],
          [9.227, 50.459],
          [9.228, 50.459],
          [9.229, 50.459],
          [9.232, 50.459]
        ]
      }
    },
    {
      "type": "Feature",
      "id": "way/716275647",
      "properties": {
        "admin_level": "4",
        "boundary": "administrative",
        "source": "Hessische Verwaltung für Bodenmanagement und Geoinformation - Digitale Verwaltungsgrenzen (Shapefile)",
        "id": "way/716275647"
      },
      "geometry": {
        "type": "LineString",
        "coordinates": [
          [7.985, 49.983],
          [7.984, 49.983],
          [7.983, 49.982]
        ]
      }
    },
    {
      "type": "Feature",
      "id": "way/716275648",
      "properties": {
        "admin_level": "4",
        "boundary": "administrative",
        "source": "Hessische Verwaltung für Bodenmanagement und Geoinformation - Digitale Verwaltungsgrenzen (Shapefile)",
        "id": "way/716275648"
      },
      "geometry": {
        "type": "LineString",
        "coordinates": [
          [8.036, 50.002],
          [8.033, 50.001],
          [8.027, 49.999]
        ]
      }
    },
    {
      "type": "Feature",
      "id": "way/758894611",
      "properties": {
        "admin_level": "4",
        "boundary": "administrative",
        "source": "Hessische Verwaltung für Bodenmanagement und Geoinformation - Digitale Verwaltungsgrenzen (Shapefile)",
        "id": "way/758894611"
      },
      "geometry": {
        "type": "LineString",
        "coordinates": [
          [8.070, 50.355],
          [8.069, 50.358]
        ]
      }
    },
    {
      "type": "Feature",
      "id": "way/794945952",
      "properties": {
        "admin_level": "4",
        "boundary": "administrative",
        "source": "Hessische Verwaltung für Bodenmanagement und Geoinformation - Digitale Verwaltungsgrenzen",
        "id": "way/794945952"
      },
      "geometry": {
        "type": "LineString",
        "coordinates": [
          [10.073, 50.644],
          [10.074, 50.643]
        ]
      }
    },
    {
      "type": "Feature",
      "id": "way/794945955",
      "properties": {
        "admin_level": "4",
        "boundary": "administrative",
        "source": "Hessische Verwaltung für Bodenmanagement und Geoinformation - Digitale Verwaltungsgrenzen",
        "id": "way/794945955"
      },
      "geometry": {
        "type": "LineString",
        "coordinates": [
          [9.960, 50.629],
          [9.960, 50.630],
          [9.961, 50.631],
          [9.961, 50.632],
          [9.961, 50.633],
          [9.960, 50.634],
          [9.960, 50.635],
          [9.960, 50.636],
          [9.963, 50.637]
        ]
      }
    },
    {
      "type": "Feature",
      "id": "way/794945962",
      "properties": {
        "admin_level": "4",
        "boundary": "administrative",
        "source": "Hessische Verwaltung für Bodenmanagement und Geoinformation - Digitale Verwaltungsgrenzen",
        "id": "way/794945962"
      },
      "geometry": {
        "type": "LineString",
        "coordinates": [
          [10.028, 50.674],
          [10.030, 50.674],
          [10.030, 50.675],
          [10.031, 50.675],
          [10.033, 50.675],
          [10.034, 50.675],
          [10.035, 50.675],
          [10.036, 50.674],
          [10.039, 50.674],
          [10.041, 50.674],
          [10.043, 50.674],
          [10.045, 50.674],
          [10.047, 50.673],
          [10.050, 50.673],
          [10.051, 50.673],
          [10.052, 50.672],
          [10.052, 50.671],
          [10.054, 50.671],
          [10.053, 50.670],
          [10.053, 50.669],
          [10.053, 50.668],
          [10.054, 50.668],
          [10.055, 50.668],
          [10.055, 50.667],
          [10.056, 50.667]
        ]
      }
    },
    {
      "type": "Feature",
      "id": "way/794945964",
      "properties": {
        "admin_level": "4",
        "boundary": "administrative",
        "source": "Hessische Verwaltung für Bodenmanagement und Geoinformation - Digitale Verwaltungsgrenzen",
        "id": "way/794945964"
      },
      "geometry": {
        "type": "LineString",
        "coordinates": [
          [10.070, 50.654],
          [10.070, 50.653],
          [10.070, 50.652],
          [10.071, 50.651]
        ]
      }
    },
    {
      "type": "Feature",
      "id": "way/800317504",
      "properties": {
        "admin_level": "4",
        "boundary": "administrative",
        "source": "Hessische Verwaltung für Bodenmanagement und Geoinformation - Digitale Verwaltungsgrenzen",
        "id": "way/800317504"
      },
      "geometry": {
        "type": "LineString",
        "coordinates": [
          [9.879, 50.634],
          [9.880, 50.634],
          [9.881, 50.633],
          [9.882, 50.633],
          [9.883, 50.633],
          [9.884, 50.633],
          [9.885, 50.633],
          [9.886, 50.633],
          [9.887, 50.634],
          [9.887, 50.633]
        ]
      }
    },
    {
      "type": "Feature",
      "id": "way/800317509",
      "properties": {
        "admin_level": "4",
        "boundary": "administrative",
        "source": "Hessische Verwaltung für Bodenmanagement und Geoinformation - Digitale Verwaltungsgrenzen",
        "id": "way/800317509"
      },
      "geometry": {
        "type": "LineString",
        "coordinates": [
          [9.883, 50.657],
          [9.884, 50.656],
          [9.885, 50.654],
          [9.885, 50.652]
        ]
      }
    },
    {
      "type": "Feature",
      "id": "way/800317510",
      "properties": {
        "admin_level": "4",
        "boundary": "administrative",
        "source": "Hessische Verwaltung für Bodenmanagement und Geoinformation - Digitale Verwaltungsgrenzen",
        "id": "way/800317510"
      },
      "geometry": {
        "type": "LineString",
        "coordinates": [
          [9.882, 50.661],
          [9.883, 50.661],
          [9.883, 50.660],
          [9.883, 50.659],
          [9.883, 50.658],
          [9.883, 50.657]
        ]
      }
    },
    {
      "type": "Feature",
      "id": "way/800317512",
      "properties": {
        "admin_level": "4",
        "boundary": "administrative",
        "source": "Hessische Verwaltung für Bodenmanagement und Geoinformation - Digitale Verwaltungsgrenzen",
        "id": "way/800317512"
      },
      "geometry": {
        "type": "LineString",
        "coordinates": [
          [9.887, 50.633],
          [9.888, 50.634],
          [9.889, 50.634],
          [9.890, 50.634],
          [9.891, 50.635],
          [9.892, 50.635],
          [9.893, 50.635],
          [9.894, 50.635],
          [9.895, 50.635],
          [9.897, 50.636],
          [9.898, 50.636],
          [9.899, 50.636],
          [9.899, 50.637],
          [9.900, 50.638],
          [9.901, 50.638],
          [9.901, 50.639],
          [9.902, 50.639],
          [9.904, 50.639],
          [9.904, 50.640],
          [9.905, 50.640],
          [9.906, 50.640],
          [9.907, 50.639],
          [9.908, 50.638],
          [9.908, 50.637],
          [9.909, 50.637],
          [9.909, 50.636],
          [9.910, 50.636],
          [9.911, 50.636],
          [9.912, 50.636],
          [9.913, 50.636],
          [9.915, 50.636],
          [9.916, 50.636],
          [9.918, 50.635],
          [9.919, 50.635],
          [9.920, 50.634],
          [9.922, 50.634],
          [9.923, 50.633],
          [9.924, 50.633],
          [9.925, 50.632],
          [9.926, 50.631],
          [9.926, 50.629]
        ]
      }
    },
    {
      "type": "Feature",
      "id": "way/800478626",
      "properties": {
        "admin_level": "4",
        "boundary": "administrative",
        "source": "Hessische Verwaltung für Bodenmanagement und Geoinformation - Digitale Verwaltungsgrenzen",
        "id": "way/800478626"
      },
      "geometry": {
        "type": "LineString",
        "coordinates": [
          [10.038, 50.501],
          [10.038, 50.500],
          [10.037, 50.500],
          [10.037, 50.499]
        ]
      }
    },
    {
      "type": "Feature",
      "id": "way/800478629",
      "properties": {
        "admin_level": "4",
        "boundary": "administrative",
        "source": "Hessische Verwaltung für Bodenmanagement und Geoinformation - Digitale Verwaltungsgrenzen",
        "id": "way/800478629"
      },
      "geometry": {
        "type": "LineString",
        "coordinates": [
          [10.041, 50.516],
          [10.040, 50.516],
          [10.039, 50.515],
          [10.039, 50.514],
          [10.040, 50.513],
          [10.040, 50.512],
          [10.041, 50.511]
        ]
      }
    },
    {
      "type": "Feature",
      "id": "way/800478632",
      "properties": {
        "admin_level": "4",
        "boundary": "administrative",
        "source": "Hessische Verwaltung für Bodenmanagement und Geoinformation - Digitale Verwaltungsgrenzen",
        "id": "way/800478632"
      },
      "geometry": {
        "type": "LineString",
        "coordinates": [
          [10.042, 50.533],
          [10.041, 50.533],
          [10.040, 50.533],
          [10.039, 50.532],
          [10.039, 50.531]
        ]
      }
    },
    {
      "type": "Feature",
      "id": "way/801347093",
      "properties": {
        "admin_level": "4",
        "boundary": "administrative",
        "source": "Hessische Verwaltung für Bodenmanagement und Geoinformation - Digitale Verwaltungsgrenzen",
        "id": "way/801347093"
      },
      "geometry": {
        "type": "LineString",
        "coordinates": [
          [9.887, 50.401],
          [9.886, 50.400],
          [9.885, 50.399],
          [9.884, 50.399],
          [9.883, 50.399],
          [9.883, 50.398],
          [9.882, 50.399],
          [9.881, 50.399],
          [9.879, 50.400],
          [9.877, 50.402],
          [9.876, 50.403],
          [9.876, 50.404],
          [9.875, 50.405],
          [9.874, 50.406],
          [9.873, 50.407],
          [9.873, 50.408],
          [9.871, 50.409]
        ]
      }
    },
    {
      "type": "Feature",
      "id": "way/801347095",
      "properties": {
        "admin_level": "4",
        "boundary": "administrative",
        "source": "Hessische Verwaltung für Bodenmanagement und Geoinformation - Digitale Verwaltungsgrenzen",
        "id": "way/801347095"
      },
      "geometry": {
        "type": "LineString",
        "coordinates": [
          [9.937, 50.420],
          [9.936, 50.420],
          [9.935, 50.419],
          [9.933, 50.419],
          [9.932, 50.419],
          [9.932, 50.418],
          [9.931, 50.418],
          [9.930, 50.418],
          [9.930, 50.417],
          [9.929, 50.417],
          [9.927, 50.416]
        ]
      }
    },
    {
      "type": "Feature",
      "id": "way/801347098",
      "properties": {
        "admin_level": "4",
        "boundary": "administrative",
        "source": "Hessische Verwaltung für Bodenmanagement und Geoinformation - Digitale Verwaltungsgrenzen",
        "id": "way/801347098"
      },
      "geometry": {
        "type": "LineString",
        "coordinates": [
          [9.927, 50.416],
          [9.926, 50.416],
          [9.926, 50.415],
          [9.925, 50.415],
          [9.924, 50.414],
          [9.923, 50.413],
          [9.922, 50.413],
          [9.922, 50.412],
          [9.921, 50.412],
          [9.920, 50.411],
          [9.919, 50.411],
          [9.919, 50.410],
          [9.917, 50.410],
          [9.915, 50.410],
          [9.914, 50.409],
          [9.913, 50.409],
          [9.912, 50.408],
          [9.911, 50.408],
          [9.910, 50.408],
          [9.909, 50.408],
          [9.908, 50.407],
          [9.906, 50.406],
          [9.905, 50.406],
          [9.905, 50.405],
          [9.904, 50.405],
          [9.903, 50.404],
          [9.902, 50.404],
          [9.901, 50.403],
          [9.900, 50.403],
          [9.899, 50.403],
          [9.898, 50.403],
          [9.896, 50.403],
          [9.895, 50.403],
          [9.893, 50.403],
          [9.892, 50.403],
          [9.891, 50.403],
          [9.890, 50.402],
          [9.889, 50.402],
          [9.888, 50.402],
          [9.888, 50.401],
          [9.887, 50.401]
        ]
      }
    },
    {
      "type": "Feature",
      "id": "way/801347101",
      "properties": {
        "admin_level": "4",
        "boundary": "administrative",
        "source": "Hessische Verwaltung für Bodenmanagement und Geoinformation - Digitale Verwaltungsgrenzen",
        "id": "way/801347101"
      },
      "geometry": {
        "type": "LineString",
        "coordinates": [
          [9.962, 50.426],
          [9.961, 50.425],
          [9.960, 50.424],
          [9.959, 50.424],
          [9.958, 50.423],
          [9.957, 50.423],
          [9.956, 50.423],
          [9.955, 50.422],
          [9.954, 50.422],
          [9.953, 50.422],
          [9.952, 50.422],
          [9.951, 50.422],
          [9.949, 50.423],
          [9.948, 50.423],
          [9.947, 50.423],
          [9.946, 50.423],
          [9.945, 50.423],
          [9.944, 50.423],
          [9.943, 50.423],
          [9.942, 50.423],
          [9.942, 50.422],
          [9.941, 50.422],
          [9.940, 50.422],
          [9.940, 50.421],
          [9.939, 50.421],
          [9.938, 50.420],
          [9.937, 50.420]
        ]
      }
    },
    {
      "type": "Feature",
      "id": "way/813271296",
      "properties": {
        "admin_level": "4",
        "boundary": "administrative",
        "source": "Hessische Verwaltung für Bodenmanagement und Geoinformation - Digitale Verwaltungsgrenzen",
        "id": "way/813271296"
      },
      "geometry": {
        "type": "LineString",
        "coordinates": [
          [9.572, 50.231],
          [9.571, 50.231]
        ]
      }
    },
    {
      "type": "Feature",
      "id": "way/832896384",
      "properties": {
        "admin_level": "5",
        "boundary": "administrative",
        "source": "ALKIS Hessen + Shapefiles",
        "id": "way/832896384"
      },
      "geometry": {
        "type": "LineString",
        "coordinates": [
          [9.537, 50.640],
          [9.536, 50.639],
          [9.535, 50.639],
          [9.534, 50.638],
          [9.533, 50.638],
          [9.532, 50.637],
          [9.531, 50.637],
          [9.530, 50.637],
          [9.529, 50.637],
          [9.528, 50.637],
          [9.527, 50.637],
          [9.526, 50.638],
          [9.525, 50.637],
          [9.524, 50.637],
          [9.523, 50.636],
          [9.521, 50.636],
          [9.520, 50.637],
          [9.519, 50.637]
        ]
      }
    },
    {
      "type": "Feature",
      "id": "way/832896385",
      "properties": {
        "admin_level": "5",
        "boundary": "administrative",
        "source": "ALKIS Hessen + Shapefiles",
        "id": "way/832896385"
      },
      "geometry": {
        "type": "LineString",
        "coordinates": [
          [9.493, 50.649],
          [9.492, 50.649],
          [9.491, 50.649],
          [9.490, 50.649],
          [9.489, 50.649],
          [9.489, 50.650],
          [9.487, 50.650],
          [9.487, 50.651],
          [9.487, 50.652],
          [9.488, 50.653],
          [9.488, 50.654],
          [9.487, 50.655],
          [9.486, 50.655],
          [9.485, 50.656],
          [9.484, 50.656],
          [9.483, 50.657],
          [9.483, 50.658],
          [9.482, 50.658],
          [9.482, 50.659],
          [9.482, 50.660],
          [9.481, 50.660],
          [9.481, 50.661],
          [9.482, 50.662],
          [9.481, 50.662],
          [9.481, 50.663],
          [9.480, 50.663],
          [9.479, 50.663],
          [9.478, 50.663],
          [9.477, 50.663],
          [9.476, 50.663],
          [9.476, 50.662],
          [9.475, 50.662],
          [9.474, 50.663],
          [9.473, 50.663],
          [9.472, 50.664]
        ]
      }
    },
    {
      "type": "Feature",
      "id": "way/832896387",
      "properties": {
        "admin_level": "5",
        "boundary": "administrative",
        "source": "ALKIS Hessen + Shapefiles",
        "id": "way/832896387"
      },
      "geometry": {
        "type": "LineString",
        "coordinates": [
          [9.552, 50.630],
          [9.551, 50.630],
          [9.550, 50.630]
        ]
      }
    },
    {
      "type": "Feature",
      "id": "way/832896390",
      "properties": {
        "admin_level": "5",
        "boundary": "administrative",
        "source": "ALKIS Hessen + Shapefiles",
        "id": "way/832896390"
      },
      "geometry": {
        "type": "LineString",
        "coordinates": [
          [9.650, 50.680],
          [9.649, 50.679],
          [9.648, 50.677],
          [9.647, 50.676],
          [9.647, 50.675],
          [9.646, 50.674],
          [9.645, 50.673],
          [9.644, 50.672],
          [9.643, 50.672],
          [9.642, 50.671],
          [9.641, 50.671],
          [9.640, 50.671],
          [9.639, 50.671],
          [9.638, 50.672],
          [9.637, 50.672],
          [9.636, 50.672]
        ]
      }
    },
    {
      "type": "Feature",
      "id": "way/832896391",
      "properties": {
        "admin_level": "5",
        "boundary": "administrative",
        "source": "ALKIS Hessen + Shapefiles",
        "id": "way/832896391"
      },
      "geometry": {
        "type": "LineString",
        "coordinates": [
          [9.629, 50.659],
          [9.628, 50.657],
          [9.627, 50.656],
          [9.626, 50.656],
          [9.625, 50.655],
          [9.623, 50.654],
          [9.623, 50.651],
          [9.621, 50.651],
          [9.620, 50.650],
          [9.620, 50.647],
          [9.621, 50.645],
          [9.621, 50.643],
          [9.622, 50.642],
          [9.623, 50.641],
          [9.623, 50.640]
        ]
      }
    },
    {
      "type": "Feature",
      "id": "way/832896410",
      "properties": {
        "admin_level": "5",
        "boundary": "administrative",
        "source": "ALKIS Hessen + Shapefiles",
        "id": "way/832896410"
      },
      "geometry": {
        "type": "LineString",
        "coordinates": [
          [9.559, 50.763],
          [9.560, 50.763],
          [9.561, 50.763],
          [9.562, 50.763],
          [9.563, 50.763],
          [9.563, 50.764],
          [9.564, 50.764],
          [9.565, 50.764],
          [9.567, 50.764]
        ]
      }
    },
    {
      "type": "Feature",
      "id": "way/832896413",
      "properties": {
        "admin_level": "5",
        "boundary": "administrative",
        "source": "ALKIS Hessen + Shapefiles",
        "id": "way/832896413"
      },
      "geometry": {
        "type": "LineString",
        "coordinates": [
          [9.585, 50.761],
          [9.586, 50.761],
          [9.587, 50.761],
          [9.588, 50.761],
          [9.590, 50.760],
          [9.591, 50.760],
          [9.592, 50.760],
          [9.593, 50.760],
          [9.595, 50.760],
          [9.596, 50.759],
          [9.598, 50.759],
          [9.599, 50.759],
          [9.600, 50.759],
          [9.601, 50.758],
          [9.602, 50.758],
          [9.603, 50.758],
          [9.604, 50.757]
        ]
      }
    },
    {
      "type": "Feature",
      "id": "way/832897875",
      "properties": {
        "admin_level": "5",
        "boundary": "administrative",
        "source": "Hessische Verwaltung für Bodenmanagement und Geoinformation - Digitale Verwaltungsgrenzen",
        "id": "way/832897875"
      },
      "geometry": {
        "type": "LineString",
        "coordinates": [
          [9.606, 50.605],
          [9.607, 50.605],
          [9.607, 50.606],
          [9.608, 50.606],
          [9.608, 50.607],
          [9.608, 50.608],
          [9.608, 50.609],
          [9.609, 50.609],
          [9.610, 50.609],
          [9.611, 50.609],
          [9.610, 50.610],
          [9.611, 50.611],
          [9.611, 50.612],
          [9.611, 50.613],
          [9.612, 50.613],
          [9.612, 50.614],
          [9.613, 50.614],
          [9.613, 50.615],
          [9.614, 50.616],
          [9.615, 50.615],
          [9.615, 50.616],
          [9.616, 50.616],
          [9.617, 50.616],
          [9.618, 50.616],
          [9.619, 50.615],
          [9.619, 50.616],
          [9.620, 50.616],
          [9.620, 50.617],
          [9.620, 50.618],
          [9.621, 50.618],
          [9.622, 50.618],
          [9.623, 50.619],
          [9.624, 50.619],
          [9.625, 50.619],
          [9.625, 50.620],
          [9.626, 50.620],
          [9.627, 50.620],
          [9.628, 50.620],
          [9.628, 50.621],
          [9.629, 50.621],
          [9.630, 50.621],
          [9.631, 50.621],
          [9.632, 50.621],
          [9.633, 50.621],
          [9.634, 50.621],
          [9.634, 50.622],
          [9.635, 50.622]
        ]
      }
    },
    {
      "type": "Feature",
      "id": "way/832897878",
      "properties": {
        "admin_level": "5",
        "boundary": "administrative",
        "source": "ALKIS Hessen + Shapefiles",
        "id": "way/832897878"
      },
      "geometry": {
        "type": "LineString",
        "coordinates": [
          [9.592, 50.607],
          [9.591, 50.607],
          [9.589, 50.607],
          [9.587, 50.607],
          [9.586, 50.608],
          [9.584, 50.608],
          [9.583, 50.609],
          [9.582, 50.609],
          [9.582, 50.610],
          [9.581, 50.610],
          [9.580, 50.610],
          [9.579, 50.610],
          [9.578, 50.611],
          [9.578, 50.612],
          [9.577, 50.612]
        ]
      }
    },
    {
      "type": "Feature",
      "id": "way/832897881",
      "properties": {
        "admin_level": "5",
        "boundary": "administrative",
        "source": "ALKIS Hessen + Shapefiles",
        "id": "way/832897881"
      },
      "geometry": {
        "type": "LineString",
        "coordinates": [
          [9.556, 50.629],
          [9.555, 50.629],
          [9.555, 50.630],
          [9.554, 50.630],
          [9.553, 50.630],
          [9.552, 50.630]
        ]
      }
    },
    {
      "type": "Feature",
      "id": "way/938450655",
      "properties": {
        "admin_level": "4",
        "boundary": "administrative",
        "source": "ALKIS Hessen + Shapefiles",
        "id": "way/938450655"
      },
      "geometry": {
        "type": "LineString",
        "coordinates": [
          [9.112, 49.768],
          [9.113, 49.767],
          [9.112, 49.766],
          [9.110, 49.766],
          [9.110, 49.765],
          [9.109, 49.764],
          [9.109, 49.763],
          [9.108, 49.763],
          [9.108, 49.762],
          [9.107, 49.761],
          [9.107, 49.760],
          [9.107, 49.759],
          [9.106, 49.758],
          [9.107, 49.758],
          [9.108, 49.758],
          [9.109, 49.757],
          [9.110, 49.757],
          [9.111, 49.756],
          [9.112, 49.756],
          [9.113, 49.756],
          [9.115, 49.756],
          [9.117, 49.756],
          [9.118, 49.756],
          [9.120, 49.755],
          [9.121, 49.756],
          [9.123, 49.755],
          [9.124, 49.755],
          [9.125, 49.755],
          [9.126, 49.755],
          [9.127, 49.755]
        ]
      }
    },
    {
      "type": "Feature",
      "id": "way/948725774",
      "properties": {
        "admin_level": "5",
        "boundary": "administrative",
        "source": "Hessische Verwaltung für Bodenmanagement und Geoinformation - Digitale Verwaltungsgrenzen",
        "id": "way/948725774"
      },
      "geometry": {
        "type": "LineString",
        "coordinates": [
          [9.641, 50.627],
          [9.640, 50.627],
          [9.640, 50.626],
          [9.639, 50.626],
          [9.638, 50.625],
          [9.637, 50.624],
          [9.636, 50.624],
          [9.636, 50.623],
          [9.635, 50.623],
          [9.635, 50.622]
        ]
      }
    },
    {
      "type": "Feature",
      "id": "way/995998472",
      "properties": {
        "admin_level": "4",
        "boundary": "administrative",
        "source": "Hessische Verwaltung für Bodenmanagement und Geoinformation - Digitale Verwaltungsgrenzen",
        "id": "way/995998472"
      },
      "geometry": {
        "type": "LineString",
        "coordinates": [
          [9.531, 50.160]
        ]
      }
    },
    {
      "type": "Feature",
      "id": "way/1028399615",
      "properties": {
        "admin_level": "5",
        "boundary": "administrative",
        "source": "Hessische Verwaltung für Bodenmanagement und Geoinformation - Digitale Verwaltungsgrenzen",
        "id": "way/1028399615"
      },
      "geometry": {
        "type": "LineString",
        "coordinates": [
          [8.477, 50.411],
          [8.477, 50.412],
          [8.476, 50.411],
          [8.475, 50.411],
          [8.474, 50.412],
          [8.473, 50.411],
          [8.472, 50.411],
          [8.471, 50.411],
          [8.470, 50.411],
          [8.469, 50.411],
          [8.469, 50.412],
          [8.467, 50.414],
          [8.466, 50.415]
        ]
      }
    },
    {
      "type": "Feature",
      "id": "way/1028598146",
      "properties": {
        "admin_level": "5",
        "boundary": "administrative",
        "source": "HVBG Verwaltungsgrenzen shapefile;Grenzen Vereinfachung 0,1m",
        "id": "way/1028598146"
      },
      "geometry": {
        "type": "LineString",
        "coordinates": [
          [8.806, 50.456],
          [8.806, 50.457],
          [8.806, 50.458],
          [8.805, 50.458],
          [8.805, 50.459],
          [8.805, 50.460],
          [8.805, 50.461],
          [8.804, 50.461],
          [8.803, 50.462]
        ]
      }
    },
    {
      "type": "Feature",
      "id": "way/1028598149",
      "properties": {
        "admin_level": "5",
        "boundary": "administrative",
        "source": "HVBG Verwaltungsgrenzen shapefile;Grenzen Vereinfachung 0,1m",
        "id": "way/1028598149"
      },
      "geometry": {
        "type": "LineString",
        "coordinates": [
          [8.803, 50.462],
          [8.803, 50.463],
          [8.803, 50.464],
          [8.803, 50.465],
          [8.802, 50.465],
          [8.802, 50.466],
          [8.800, 50.466],
          [8.795, 50.469],
          [8.794, 50.469],
          [8.794, 50.470],
          [8.794, 50.471],
          [8.794, 50.472],
          [8.793, 50.472],
          [8.794, 50.472],
          [8.794, 50.473],
          [8.794, 50.474],
          [8.793, 50.474],
          [8.794, 50.474],
          [8.793, 50.475],
          [8.794, 50.479],
          [8.790, 50.478],
          [8.787, 50.478],
          [8.783, 50.478],
          [8.783, 50.480],
          [8.780, 50.480]
        ]
      }
    },
    {
      "type": "Feature",
      "id": "way/1028632243",
      "properties": {
        "admin_level": "4",
        "boundary": "administrative",
        "source": "Hessische Verwaltung für Bodenmanagement und Geoinformation - Digitale Verwaltungsgrenzen (Shapefile)",
        "id": "way/1028632243"
      },
      "geometry": {
        "type": "LineString",
        "coordinates": [
          [8.160, 50.801],
          [8.161, 50.801],
          [8.162, 50.801],
          [8.165, 50.803],
          [8.166, 50.804],
          [8.167, 50.805]
        ]
      }
    },
    {
      "type": "Feature",
      "id": "way/1028632251",
      "properties": {
        "admin_level": "4",
        "boundary": "administrative",
        "source": "Hessische Verwaltung für Bodenmanagement und Geoinformation - Digitale Verwaltungsgrenzen (Shapefile)",
        "id": "way/1028632251"
      },
      "geometry": {
        "type": "LineString",
        "coordinates": [
          [8.198, 50.834],
          [8.201, 50.835],
          [8.203, 50.835],
          [8.204, 50.836]
        ]
      }
    },
    {
      "type": "Feature",
      "id": "way/1028632252",
      "properties": {
        "admin_level": "4",
        "boundary": "administrative",
        "source": "Hessische Verwaltung für Bodenmanagement und Geoinformation - Digitale Verwaltungsgrenzen (Shapefile)",
        "id": "way/1028632252"
      },
      "geometry": {
        "type": "LineString",
        "coordinates": [
          [8.145, 50.795],
          [8.146, 50.796],
          [8.147, 50.796],
          [8.148, 50.797],
          [8.151, 50.797],
          [8.152, 50.798],
          [8.155, 50.799],
          [8.158, 50.800],
          [8.160, 50.801]
        ]
      }
    },
    {
      "type": "Feature",
      "id": "way/1028632253",
      "properties": {
        "admin_level": "4",
        "boundary": "administrative",
        "source": "Hessische Verwaltung für Bodenmanagement und Geoinformation - Digitale Verwaltungsgrenzen (Shapefile)",
        "id": "way/1028632253"
      },
      "geometry": {
        "type": "LineString",
        "coordinates": [
          [8.129, 50.789],
          [8.130, 50.789],
          [8.131, 50.789],
          [8.133, 50.789],
          [8.134, 50.789],
          [8.135, 50.789],
          [8.136, 50.789],
          [8.137, 50.790],
          [8.138, 50.790],
          [8.139, 50.791],
          [8.140, 50.792],
          [8.140, 50.793],
          [8.142, 50.794],
          [8.143, 50.794],
          [8.144, 50.795],
          [8.145, 50.795]
        ]
      }
    },
    {
      "type": "Feature",
      "id": "way/1028632254",
      "properties": {
        "admin_level": "4",
        "boundary": "administrative",
        "source": "Hessische Verwaltung für Bodenmanagement und Geoinformation - Digitale Verwaltungsgrenzen (Shapefile)",
        "id": "way/1028632254"
      },
      "geometry": {
        "type": "LineString",
        "coordinates": [
          [8.166, 50.736]
        ]
      }
    },
    {
      "type": "Feature",
      "id": "way/1028632255",
      "properties": {
        "admin_level": "4",
        "boundary": "administrative",
        "source": "Hessische Verwaltung für Bodenmanagement und Geoinformation - Digitale Verwaltungsgrenzen (Shapefile)",
        "id": "way/1028632255"
      },
      "geometry": {
        "type": "LineString",
        "coordinates": [
          [8.150, 50.705],
          [8.150, 50.709],
          [8.150, 50.713],
          [8.151, 50.714],
          [8.153, 50.716],
          [8.155, 50.718],
          [8.155, 50.719],
          [8.156, 50.719],
          [8.156, 50.720],
          [8.157, 50.721],
          [8.158, 50.722],
          [8.159, 50.723],
          [8.160, 50.724],
          [8.160, 50.725],
          [8.159, 50.725],
          [8.159, 50.726],
          [8.160, 50.727],
          [8.161, 50.727],
          [8.161, 50.728],
          [8.162, 50.728],
          [8.163, 50.729],
          [8.163, 50.731],
          [8.166, 50.732],
          [8.166, 50.736]
        ]
      }
    },
    {
      "type": "Feature",
      "id": "way/1028632256",
      "properties": {
        "admin_level": "4",
        "boundary": "administrative",
        "source": "Hessische Verwaltung für Bodenmanagement und Geoinformation - Digitale Verwaltungsgrenzen (Shapefile)",
        "id": "way/1028632256"
      },
      "geometry": {
        "type": "LineString",
        "coordinates": [
          [8.142, 50.695],
          [8.143, 50.697],
          [8.144, 50.698],
          [8.145, 50.699],
          [8.146, 50.700],
          [8.150, 50.705]
        ]
      }
    },
    {
      "type": "Feature",
      "id": "way/1029554161",
      "properties": {
        "admin_level": "5",
        "boundary": "administrative",
        "source": "HVBG shapefile",
        "id": "way/1029554161"
      },
      "geometry": {
        "type": "LineString",
        "coordinates": [
          [9.002, 50.495],
          [9.003, 50.495],
          [9.004, 50.495],
          [9.005, 50.495],
          [9.007, 50.495],
          [9.008, 50.495]
        ]
      }
    },
    {
      "type": "Feature",
      "id": "way/1029571282",
      "properties": {
        "admin_level": "5",
        "boundary": "administrative",
        "source": "HVBG Verwaltungsgrenzen shapefile;Grenzen Vereinfachung 0,1m",
        "id": "way/1029571282"
      },
      "geometry": {
        "type": "LineString",
        "coordinates": [
          [8.632, 50.476],
          [8.632, 50.475],
          [8.633, 50.474],
          [8.633, 50.473],
          [8.630, 50.472],
          [8.630, 50.471],
          [8.631, 50.470],
          [8.630, 50.470],
          [8.631, 50.469],
          [8.630, 50.469],
          [8.630, 50.468],
          [8.627, 50.468],
          [8.627, 50.467],
          [8.626, 50.467],
          [8.627, 50.466],
          [8.627, 50.465],
          [8.627, 50.464],
          [8.626, 50.464],
          [8.627, 50.463],
          [8.628, 50.462]
        ]
      }
    },
    {
      "type": "Feature",
      "id": "way/1029571283",
      "properties": {
        "admin_level": "5",
        "boundary": "administrative",
        "source": "HVBG Verwaltungsgrenzen shapefile;Grenzen Vereinfachung 0,1m",
        "id": "way/1029571283"
      },
      "geometry": {
        "type": "LineString",
        "coordinates": [
          [8.573, 50.446],
          [8.574, 50.445],
          [8.575, 50.444],
          [8.575, 50.443],
          [8.576, 50.443],
          [8.577, 50.442],
          [8.578, 50.441],
          [8.580, 50.441],
          [8.581, 50.440],
          [8.582, 50.440],
          [8.582, 50.439],
          [8.583, 50.439],
          [8.583, 50.438],
          [8.584, 50.438],
          [8.585, 50.438],
          [8.586, 50.437],
          [8.587, 50.437],
          [8.588, 50.437]
        ]
      }
    },
    {
      "type": "Feature",
      "id": "way/1029571284",
      "properties": {
        "admin_level": "5",
        "boundary": "administrative",
        "source": "HVBG Verwaltungsgrenzen shapefile;Grenzen Vereinfachung 0,1m",
        "id": "way/1029571284"
      },
      "geometry": {
        "type": "LineString",
        "coordinates": [
          [8.602, 50.430],
          [8.601, 50.429],
          [8.600, 50.428],
          [8.600, 50.427],
          [8.599, 50.427],
          [8.598, 50.426],
          [8.597, 50.425],
          [8.597, 50.424],
          [8.597, 50.423],
          [8.597, 50.422],
          [8.598, 50.422],
          [8.598, 50.421],
          [8.598, 50.420]
        ]
      }
    },
    {
      "type": "Feature",
      "id": "way/1029577643",
      "properties": {
        "admin_level": "5",
        "boundary": "administrative",
        "source": "HVBG Verwaltungsgrenzen shapefile",
        "id": "way/1029577643"
      },
      "geometry": {
        "type": "LineString",
        "coordinates": [
          [8.578, 50.416],
          [8.578, 50.415],
          [8.579, 50.415],
          [8.580, 50.415]
        ]
      }
    },
    {
      "type": "Feature",
      "id": "way/1029577644",
      "properties": {
        "admin_level": "5",
        "boundary": "administrative",
        "source": "HVBG Verwaltungsgrenzen shapefile;Grenzen Vereinfachung 0,1m",
        "id": "way/1029577644"
      },
      "geometry": {
        "type": "LineString",
        "coordinates": [
          [8.578, 50.416],
          [8.577, 50.416]
        ]
      }
    },
    {
      "type": "Feature",
      "id": "way/1029690180",
      "properties": {
        "admin_level": "4",
        "boundary": "administrative",
        "source": "Hessische Verwaltung für Bodenmanagement und Geoinformation - Digitale Verwaltungsgrenzen (Shapefile)",
        "id": "way/1029690180"
      },
      "geometry": {
        "type": "LineString",
        "coordinates": [
          [8.122, 50.548],
          [8.123, 50.548],
          [8.125, 50.549],
          [8.126, 50.549],
          [8.128, 50.550],
          [8.133, 50.550],
          [8.137, 50.552]
        ]
      }
    },
    {
      "type": "Feature",
      "id": "way/1029690228",
      "properties": {
        "admin_level": "4",
        "boundary": "administrative",
        "source": "Hessische Verwaltung für Bodenmanagement und Geoinformation - Digitale Verwaltungsgrenzen (Shapefile)",
        "id": "way/1029690228"
      },
      "geometry": {
        "type": "LineString",
        "coordinates": [
          [8.151, 50.599],
          [8.150, 50.599],
          [8.149, 50.599],
          [8.148, 50.600]
        ]
      }
    },
    {
      "type": "Feature",
      "id": "way/1029690233",
      "properties": {
        "admin_level": "4",
        "boundary": "administrative",
        "source": "Hessische Verwaltung für Bodenmanagement und Geoinformation - Digitale Verwaltungsgrenzen (Shapefile)",
        "id": "way/1029690233"
      },
      "geometry": {
        "type": "LineString",
        "coordinates": [
          [8.140, 50.631],
          [8.137, 50.633],
          [8.132, 50.636],
          [8.130, 50.636],
          [8.128, 50.638],
          [8.126, 50.641],
          [8.127, 50.645],
          [8.125, 50.645],
          [8.123, 50.645],
          [8.122, 50.647],
          [8.120, 50.648]
        ]
      }
    },
    {
      "type": "Feature",
      "id": "way/1029690276",
      "properties": {
        "admin_level": "4",
        "boundary": "administrative",
        "source": "Hessische Verwaltung für Bodenmanagement und Geoinformation - Digitale Verwaltungsgrenzen (Shapefile)",
        "id": "way/1029690276"
      },
      "geometry": {
        "type": "LineString",
        "coordinates": [
          [8.118, 50.650],
          [8.114, 50.652]
        ]
      }
    },
    {
      "type": "Feature",
      "id": "way/1029690289",
      "properties": {
        "admin_level": "4",
        "boundary": "administrative",
        "source": "Hessische Verwaltung für Bodenmanagement und Geoinformation - Digitale Verwaltungsgrenzen (Shapefile)",
        "id": "way/1029690289"
      },
      "geometry": {
        "type": "LineString",
        "coordinates": [
          [8.306, 50.860],
          [8.308, 50.860],
          [8.308, 50.861],
          [8.309, 50.861],
          [8.311, 50.861]
        ]
      }
    },
    {
      "type": "Feature",
      "id": "way/1029690290",
      "properties": {
        "admin_level": "4",
        "boundary": "administrative",
        "source": "Hessische Verwaltung für Bodenmanagement und Geoinformation - Digitale Verwaltungsgrenzen (Shapefile)",
        "id": "way/1029690290"
      },
      "geometry": {
        "type": "LineString",
        "coordinates": [
          [8.311, 50.861],
          [8.314, 50.861],
          [8.315, 50.861],
          [8.319, 50.861],
          [8.321, 50.861],
          [8.322, 50.862],
          [8.324, 50.863],
          [8.326, 50.863],
          [8.327, 50.863],
          [8.329, 50.863],
          [8.330, 50.864],
          [8.331, 50.864],
          [8.334, 50.865],
          [8.335, 50.865],
          [8.336, 50.865],
          [8.337, 50.865],
          [8.338, 50.865],
          [8.339, 50.865],
          [8.340, 50.865],
          [8.342, 50.865],
          [8.343, 50.865],
          [8.345, 50.864],
          [8.349, 50.865],
          [8.351, 50.865],
          [8.352, 50.865],
          [8.353, 50.864],
          [8.354, 50.863],
          [8.354, 50.862],
          [8.355, 50.862]
        ]
      }
    },
    {
      "type": "Feature",
      "id": "way/1029855996",
      "properties": {
        "admin_level": "5",
        "boundary": "administrative",
        "source": "HVBG Verwaltungsgrenzen shapefile;Grenzen Vereinfachung 0,1m",
        "id": "way/1029855996"
      },
      "geometry": {
        "type": "LineString",
        "coordinates": [
          [8.860, 50.445],
          [8.862, 50.446],
          [8.864, 50.446]
        ]
      }
    },
    {
      "type": "Feature",
      "id": "way/1029855997",
      "properties": {
        "admin_level": "5",
        "boundary": "administrative",
        "source": "HVBG Verwaltungsgrenzen shapefile;Grenzen Vereinfachung 0,1m",
        "id": "way/1029855997"
      },
      "geometry": {
        "type": "LineString",
        "coordinates": [
          [8.864, 50.446],
          [8.865, 50.446],
          [8.865, 50.445],
          [8.869, 50.444],
          [8.868, 50.443],
          [8.873, 50.441],
          [8.874, 50.441],
          [8.872, 50.438],
          [8.874, 50.438],
          [8.874, 50.437],
          [8.873, 50.435],
          [8.877, 50.433],
          [8.886, 50.428],
          [8.887, 50.427],
          [8.888, 50.427],
          [8.889, 50.427],
          [8.894, 50.427],
          [8.894, 50.426],
          [8.895, 50.426],
          [8.896, 50.426]
        ]
      }
    },
    {
      "type": "Feature",
      "id": "way/1029856001",
      "properties": {
        "admin_level": "5",
        "boundary": "administrative",
        "source": "HVBG shapefile",
        "id": "way/1029856001"
      },
      "geometry": {
        "type": "LineString",
        "coordinates": [
          [8.900, 50.426],
          [8.900, 50.427],
          [8.901, 50.428],
          [8.901, 50.429],
          [8.902, 50.430],
          [8.902, 50.431],
          [8.902, 50.432],
          [8.903, 50.433],
          [8.904, 50.434],
          [8.905, 50.435],
          [8.905, 50.436],
          [8.906, 50.436],
          [8.906, 50.437],
          [8.907, 50.437],
          [8.907, 50.438]
        ]
      }
    },
    {
      "type": "Feature",
      "id": "way/1029856004",
      "properties": {
        "admin_level": "5",
        "boundary": "administrative",
        "source": "HVBG shapefile",
        "id": "way/1029856004"
      },
      "geometry": {
        "type": "LineString",
        "coordinates": [
          [8.961, 50.439],
          [8.962, 50.439],
          [8.963, 50.440],
          [8.962, 50.441],
          [8.960, 50.443],
          [8.959, 50.443],
          [8.957, 50.443],
          [8.956, 50.444],
          [8.957, 50.445],
          [8.957, 50.446],
          [8.959, 50.448],
          [8.960, 50.448],
          [8.961, 50.448],
          [8.964, 50.448],
          [8.963, 50.449]
        ]
      }
    },
    {
      "type": "Feature",
      "id": "way/1029856006",
      "properties": {
        "admin_level": "5",
        "boundary": "administrative",
        "source": "HVBG shapefile",
        "id": "way/1029856006"
      },
      "geometry": {
        "type": "LineString",
        "coordinates": [
          [8.963, 50.449],
          [8.965, 50.449],
          [8.970, 50.450],
          [8.970, 50.449],
          [8.973, 50.449],
          [8.974, 50.449],
          [8.974, 50.450],
          [8.975, 50.450]
        ]
      }
    },
    {
      "type": "Feature",
      "id": "way/1029856008",
      "properties": {
        "admin_level": "5",
        "boundary": "administrative",
        "source": "HVBG shapefile",
        "id": "way/1029856008"
      },
      "geometry": {
        "type": "LineString",
        "coordinates": [
          [8.975, 50.450],
          [8.975, 50.451],
          [8.976, 50.451],
          [8.977, 50.451],
          [8.979, 50.451],
          [8.983, 50.452],
          [8.984, 50.452],
          [8.985, 50.452],
          [8.987, 50.453],
          [8.988, 50.453],
          [8.987, 50.455],
          [8.987, 50.456],
          [8.986, 50.456],
          [8.986, 50.457],
          [8.987, 50.458],
          [8.988, 50.458],
          [8.989, 50.458],
          [8.990, 50.458]
        ]
      }
    },
    {
      "type": "Feature",
      "id": "way/1029856017",
      "properties": {
        "admin_level": "5",
        "boundary": "administrative",
        "source": "HVBG shapefile",
        "id": "way/1029856017"
      },
      "geometry": {
        "type": "LineString",
        "coordinates": [
          [8.979, 50.466],
          [8.980, 50.468],
          [8.978, 50.468],
          [8.979, 50.470],
          [8.981, 50.471],
          [8.982, 50.472],
          [8.983, 50.473],
          [8.984, 50.473],
          [8.984, 50.474],
          [8.983, 50.474],
          [8.984, 50.475],
          [8.984, 50.476],
          [8.985, 50.477],
          [8.987, 50.478],
          [8.987, 50.479],
          [8.986, 50.481],
          [8.985, 50.483],
          [8.985, 50.484],
          [8.985, 50.485],
          [8.984, 50.486],
          [8.984, 50.488],
          [8.983, 50.488],
          [8.982, 50.488],
          [8.981, 50.489],
          [8.980, 50.489],
          [8.979, 50.489],
          [8.978, 50.490]
        ]
      }
    },
    {
      "type": "Feature",
      "id": "way/1029856018",
      "properties": {
        "admin_level": "5",
        "boundary": "administrative",
        "source": "HVBG shapefile",
        "id": "way/1029856018"
      },
      "geometry": {
        "type": "LineString",
        "coordinates": [
          [8.978, 50.490],
          [8.979, 50.490],
          [8.980, 50.490],
          [8.980, 50.491],
          [8.981, 50.491],
          [8.983, 50.491],
          [8.984, 50.492],
          [8.986, 50.492],
          [8.987, 50.492],
          [8.988, 50.493],
          [8.990, 50.493],
          [8.991, 50.494],
          [8.993, 50.494],
          [8.994, 50.494],
          [8.995, 50.494],
          [8.997, 50.494],
          [8.999, 50.494],
          [9.001, 50.494],
          [9.002, 50.495]
        ]
      }
    },
    {
      "type": "Feature",
      "id": "way/1030130376",
      "properties": {
        "admin_level": "5",
        "boundary": "administrative",
        "source": "Hessische Verwaltung für Bodenmanagement und Geoinformation - Digitale Verwaltungsgrenzen",
        "id": "way/1030130376"
      },
      "geometry": {
        "type": "LineString",
        "coordinates": [
          [8.388, 50.386],
          [8.388, 50.387],
          [8.389, 50.387],
          [8.390, 50.387],
          [8.389, 50.387],
          [8.390, 50.388],
          [8.389, 50.388],
          [8.390, 50.388],
          [8.390, 50.389],
          [8.390, 50.390],
          [8.389, 50.390],
          [8.389, 50.391],
          [8.389, 50.392],
          [8.389, 50.393],
          [8.388, 50.393],
          [8.388, 50.394],
          [8.389, 50.394],
          [8.389, 50.395],
          [8.389, 50.396],
          [8.388, 50.396],
          [8.388, 50.397],
          [8.387, 50.397],
          [8.387, 50.398],
          [8.387, 50.399],
          [8.387, 50.400],
          [8.388, 50.400],
          [8.389, 50.401],
          [8.389, 50.402],
          [8.388, 50.402],
          [8.389, 50.403]
        ]
      }
    },
    {
      "type": "Feature",
      "id": "way/1046532693",
      "properties": {
        "admin_level": "5",
        "boundary": "administrative",
        "source": "Hessische Verwaltung für Bodenmanagement und Geoinformation - Digitale Verwaltungsgrenzen",
        "id": "way/1046532693"
      },
      "geometry": {
        "type": "LineString",
        "coordinates": [
          [8.250, 50.265],
          [8.251, 50.265],
          [8.252, 50.265],
          [8.253, 50.265],
          [8.253, 50.264],
          [8.254, 50.264],
          [8.255, 50.264],
          [8.254, 50.264],
          [8.255, 50.263],
          [8.256, 50.263]
        ]
      }
    },
    {
      "type": "Feature",
      "id": "way/1047606164",
      "properties": {
        "admin_level": "5",
        "boundary": "administrative",
        "source": "Hessische Verwaltung für Bodenmanagement und Geoinformation - Digitale Verwaltungsgrenzen",
        "id": "way/1047606164"
      },
      "geometry": {
        "type": "LineString",
        "coordinates": [
          [9.473, 50.442],
          [9.474, 50.442],
          [9.475, 50.441],
          [9.477, 50.441],
          [9.478, 50.441]
        ]
      }
    },
    {
      "type": "Feature",
      "id": "way/1049953659",
      "properties": {
        "admin_level": "5",
        "boundary": "administrative",
        "source": "Hessische Verwaltung für Bodenmanagement und Geoinformation - Digitale Verwaltungsgrenzen",
        "id": "way/1049953659"
      },
      "geometry": {
        "type": "LineString",
        "coordinates": [
          [9.354, 50.420],
          [9.355, 50.422],
          [9.355, 50.423],
          [9.356, 50.423],
          [9.356, 50.424],
          [9.356, 50.425],
          [9.356, 50.426],
          [9.357, 50.426],
          [9.356, 50.427],
          [9.356, 50.428],
          [9.356, 50.429],
          [9.355, 50.429],
          [9.355, 50.431],
          [9.354, 50.432],
          [9.354, 50.433],
          [9.354, 50.434],
          [9.353, 50.434],
          [9.353, 50.435],
          [9.353, 50.436],
          [9.352, 50.437]
        ]
      }
    },
    {
      "type": "Feature",
      "id": "way/1051836069",
      "properties": {
        "admin_level": "5",
        "boundary": "administrative",
        "source": "Hessische Verwaltung für Bodenmanagement und Geoinformation - Digitale Verwaltungsgrenzen",
        "id": "way/1051836069"
      },
      "geometry": {
        "type": "LineString",
        "coordinates": [
          [9.553, 50.382],
          [9.554, 50.382]
        ]
      }
    },
    {
      "type": "Feature",
      "id": "way/1053468373",
      "properties": {
        "admin_level": "5",
        "boundary": "administrative",
        "source": "Hessische Verwaltung für Bodenmanagement und Geoinformation - Digitale Verwaltungsgrenzen",
        "id": "way/1053468373"
      },
      "geometry": {
        "type": "LineString",
        "coordinates": [
          [8.354, 50.294],
          [8.353, 50.294],
          [8.352, 50.294],
          [8.351, 50.294],
          [8.349, 50.295],
          [8.348, 50.295],
          [8.348, 50.296],
          [8.347, 50.296],
          [8.346, 50.296],
          [8.345, 50.296],
          [8.345, 50.297],
          [8.344, 50.297],
          [8.344, 50.298],
          [8.343, 50.298],
          [8.342, 50.298],
          [8.341, 50.298],
          [8.341, 50.299],
          [8.342, 50.299],
          [8.341, 50.300],
          [8.340, 50.300],
          [8.339, 50.301],
          [8.338, 50.302],
          [8.337, 50.303],
          [8.336, 50.303],
          [8.336, 50.304],
          [8.337, 50.305],
          [8.339, 50.305],
          [8.340, 50.306],
          [8.341, 50.306],
          [8.343, 50.306],
          [8.344, 50.306],
          [8.346, 50.306],
          [8.347, 50.306],
          [8.348, 50.306]
        ]
      }
    },
    {
      "type": "Feature",
      "id": "way/1053469748",
      "properties": {
        "admin_level": "5",
        "boundary": "administrative",
        "source": "Hessische Verwaltung für Bodenmanagement und Geoinformation - Digitale Verwaltungsgrenzen",
        "id": "way/1053469748"
      },
      "geometry": {
        "type": "LineString",
        "coordinates": [
          [8.364, 50.311],
          [8.364, 50.312],
          [8.364, 50.313],
          [8.363, 50.314],
          [8.363, 50.315],
          [8.362, 50.315],
          [8.362, 50.316],
          [8.361, 50.316],
          [8.360, 50.317],
          [8.359, 50.317],
          [8.358, 50.317],
          [8.355, 50.317],
          [8.354, 50.316],
          [8.354, 50.317],
          [8.353, 50.317],
          [8.353, 50.318],
          [8.352, 50.318]
        ]
      }
    },
    {
      "type": "Feature",
      "id": "way/1053470170",
      "properties": {
        "admin_level": "5",
        "boundary": "administrative",
        "source": "Hessische Verwaltung für Bodenmanagement und Geoinformation - Digitale Verwaltungsgrenzen",
        "id": "way/1053470170"
      },
      "geometry": {
        "type": "LineString",
        "coordinates": [
          [8.352, 50.318],
          [8.352, 50.319],
          [8.350, 50.319],
          [8.349, 50.320],
          [8.349, 50.321],
          [8.348, 50.321],
          [8.348, 50.322],
          [8.348, 50.323],
          [8.349, 50.323],
          [8.349, 50.324]
        ]
      }
    },
    {
      "type": "Feature",
      "id": "way/1053471376",
      "properties": {
        "admin_level": "5",
        "boundary": "administrative",
        "source": "Hessische Verwaltung für Bodenmanagement und Geoinformation - Digitale Verwaltungsgrenzen",
        "id": "way/1053471376"
      },
      "geometry": {
        "type": "LineString",
        "coordinates": [
          [8.349, 50.359],
          [8.350, 50.359],
          [8.351, 50.359],
          [8.352, 50.360],
          [8.353, 50.360],
          [8.354, 50.361],
          [8.353, 50.361],
          [8.353, 50.362],
          [8.352, 50.362],
          [8.351, 50.363],
          [8.350, 50.363],
          [8.349, 50.363],
          [8.349, 50.364],
          [8.348, 50.364],
          [8.347, 50.364],
          [8.346, 50.365],
          [8.345, 50.366],
          [8.345, 50.367],
          [8.346, 50.367],
          [8.347, 50.368],
          [8.348, 50.368],
          [8.349, 50.368],
          [8.349, 50.369],
          [8.350, 50.370],
          [8.350, 50.371],
          [8.351, 50.371],
          [8.350, 50.372],
          [8.349, 50.373],
          [8.348, 50.373],
          [8.349, 50.373],
          [8.351, 50.374],
          [8.352, 50.374],
          [8.353, 50.374],
          [8.353, 50.375],
          [8.353, 50.374],
          [8.353, 50.373],
          [8.354, 50.373],
          [8.355, 50.374],
          [8.357, 50.375],
          [8.358, 50.376],
          [8.358, 50.377],
          [8.360, 50.378],
          [8.359, 50.378],
          [8.360, 50.378],
          [8.360, 50.379],
          [8.361, 50.379],
          [8.362, 50.380]
        ]
      }
    },
    {
      "type": "Feature",
      "id": "way/1053471718",
      "properties": {
        "admin_level": "5",
        "boundary": "administrative",
        "source": "Hessische Verwaltung für Bodenmanagement und Geoinformation - Digitale Verwaltungsgrenzen",
        "id": "way/1053471718"
      },
      "geometry": {
        "type": "LineString",
        "coordinates": [
          [8.362, 50.380],
          [8.363, 50.380],
          [8.364, 50.381],
          [8.365, 50.381],
          [8.366, 50.381],
          [8.367, 50.381],
          [8.368, 50.381],
          [8.369, 50.382],
          [8.370, 50.382],
          [8.371, 50.383]
        ]
      }
    },
    {
      "type": "Feature",
      "id": "way/1054401411",
      "properties": {
        "admin_level": "5",
        "boundary": "administrative",
        "source": "Hessische Verwaltung für Bodenmanagement und Geoinformation - Digitale Verwaltungsgrenzen",
        "id": "way/1054401411"
      },
      "geometry": {
        "type": "LineString",
        "coordinates": [
          [8.403, 50.398],
          [8.402, 50.398],
          [8.402, 50.399],
          [8.401, 50.400],
          [8.400, 50.400],
          [8.400, 50.401],
          [8.399, 50.401],
          [8.398, 50.401],
          [8.398, 50.402],
          [8.397, 50.402],
          [8.396, 50.402],
          [8.395, 50.402],
          [8.395, 50.403],
          [8.394, 50.403],
          [8.393, 50.403],
          [8.392, 50.403],
          [8.392, 50.404],
          [8.391, 50.404],
          [8.391, 50.403],
          [8.390, 50.403],
          [8.389, 50.403]
        ]
      }
    },
    {
      "type": "Feature",
      "id": "way/1054401999",
      "properties": {
        "admin_level": "5",
        "boundary": "administrative",
        "source": "Hessische Verwaltung für Bodenmanagement und Geoinformation - Digitale Verwaltungsgrenzen",
        "id": "way/1054401999"
      },
      "geometry": {
        "type": "LineString",
        "coordinates": [
          [8.466, 50.415],
          [8.465, 50.415],
          [8.462, 50.415],
          [8.460, 50.415],
          [8.458, 50.415],
          [8.457, 50.415],
          [8.456, 50.414],
          [8.454, 50.414],
          [8.453, 50.413],
          [8.452, 50.413],
          [8.450, 50.412],
          [8.449, 50.412],
          [8.447, 50.411],
          [8.446, 50.411],
          [8.445, 50.411],
          [8.445, 50.410],
          [8.444, 50.410],
          [8.445, 50.409],
          [8.445, 50.408],
          [8.445, 50.407],
          [8.446, 50.407],
          [8.445, 50.407],
          [8.444, 50.407],
          [8.443, 50.407]
        ]
      }
    },
    {
      "type": "Feature",
      "id": "way/1056278258",
      "properties": {
        "admin_level": "4",
        "boundary": "administrative",
        "source": "Hessische Verwaltung für Bodenmanagement und Geoinformation - Digitale Verwaltungsgrenzen",
        "id": "way/1056278258"
      },
      "geometry": {
        "type": "LineString",
        "coordinates": [
          [8.990, 50.041],
          [8.991, 50.041],
          [8.991, 50.042],
          [8.992, 50.042],
          [8.993, 50.042],
          [8.994, 50.042],
          [8.996, 50.043],
          [8.998, 50.043],
          [8.998, 50.044],
          [9.000, 50.044],
          [9.001, 50.044],
          [9.004, 50.045],
          [9.005, 50.045],
          [9.006, 50.045],
          [9.009, 50.045],
          [9.010, 50.045],
          [9.011, 50.045],
          [9.012, 50.045],
          [9.013, 50.045],
          [9.014, 50.045],
          [9.015, 50.045],
          [9.017, 50.044],
          [9.018, 50.044],
          [9.019, 50.044],
          [9.020, 50.044],
          [9.021, 50.044]
        ]
      }
    },
    {
      "type": "Feature",
      "id": "way/1056582595",
      "properties": {
        "admin_level": "4",
        "boundary": "administrative",
        "source": "Hessische Verwaltung für Bodenmanagement und Geoinformation - Digitale Verwaltungsgrenzen",
        "id": "way/1056582595"
      },
      "geometry": {
        "type": "LineString",
        "coordinates": [
          [9.019, 49.994],
          [9.018, 49.994],
          [9.016, 49.992],
          [9.015, 49.992],
          [9.014, 49.991]
        ]
      }
    },
    {
      "type": "Feature",
      "id": "way/1063001878",
      "properties": {
        "admin_level": "5",
        "boundary": "administrative",
        "source": "Hessische Verwaltung für Bodenmanagement und Geoinformation - Digitale Verwaltungsgrenzen",
        "id": "way/1063001878"
      },
      "geometry": {
        "type": "LineString",
        "coordinates": [
          [9.448, 50.506],
          [9.448, 50.505],
          [9.447, 50.503],
          [9.446, 50.502],
          [9.445, 50.501],
          [9.445, 50.500],
          [9.444, 50.500],
          [9.443, 50.500],
          [9.442, 50.500],
          [9.442, 50.499],
          [9.441, 50.499],
          [9.440, 50.499],
          [9.439, 50.499],
          [9.439, 50.498]
        ]
      }
    },
    {
      "type": "Feature",
      "id": "way/1063001879",
      "properties": {
        "admin_level": "5",
        "boundary": "administrative",
        "source": "Hessische Verwaltung für Bodenmanagement und Geoinformation - Digitale Verwaltungsgrenzen",
        "id": "way/1063001879"
      },
      "geometry": {
        "type": "LineString",
        "coordinates": [
          [9.447, 50.515],
          [9.446, 50.515],
          [9.446, 50.514],
          [9.448, 50.513],
          [9.448, 50.512],
          [9.449, 50.512],
          [9.448, 50.511],
          [9.448, 50.510],
          [9.448, 50.508],
          [9.448, 50.506]
        ]
      }
    },
    {
      "type": "Feature",
      "id": "way/1073095197",
      "properties": {
        "admin_level": "5",
        "boundary": "administrative",
        "source": "HVBG Verwaltungsgrenzen shapefile;Grenzen Vereinfachung 0,1m",
        "id": "way/1073095197"
      },
      "geometry": {
        "type": "LineString",
        "coordinates": [
          [8.584, 50.448],
          [8.584, 50.447],
          [8.583, 50.446],
          [8.582, 50.447],
          [8.580, 50.447],
          [8.579, 50.447],
          [8.578, 50.447],
          [8.577, 50.447],
          [8.576, 50.447],
          [8.575, 50.447],
          [8.574, 50.446],
          [8.573, 50.446]
        ]
      }
    },
    {
      "type": "Feature",
      "id": "way/1073095199",
      "properties": {
        "admin_level": "5",
        "boundary": "administrative",
        "source": "HVBG shapefile",
        "id": "way/1073095199"
      },
      "geometry": {
        "type": "LineString",
        "coordinates": [
          [8.628, 50.462],
          [8.627, 50.462]
        ]
      }
    },
    {
      "type": "Feature",
      "id": "way/1073095200",
      "properties": {
        "admin_level": "5",
        "boundary": "administrative",
        "source": "HVBG Verwaltungsgrenzen shapefile;Grenzen Vereinfachung 0,1m",
        "id": "way/1073095200"
      },
      "geometry": {
        "type": "LineString",
        "coordinates": [
          [8.627, 50.462],
          [8.626, 50.463],
          [8.625, 50.462],
          [8.624, 50.464],
          [8.622, 50.464],
          [8.620, 50.463],
          [8.619, 50.463],
          [8.618, 50.463],
          [8.618, 50.462],
          [8.616, 50.463],
          [8.616, 50.464],
          [8.615, 50.463],
          [8.613, 50.464],
          [8.612, 50.464],
          [8.611, 50.465],
          [8.610, 50.465]
        ]
      }
    },
    {
      "type": "Feature",
      "id": "way/1073260270",
      "properties": {
        "admin_level": "5",
        "boundary": "administrative",
        "source": "HVBG Verwaltungsgrenzen shapefile;Grenzen Vereinfachung 0,1m",
        "id": "way/1073260270"
      },
      "geometry": {
        "type": "LineString",
        "coordinates": [
          [8.588, 50.437],
          [8.589, 50.437],
          [8.589, 50.436],
          [8.590, 50.436],
          [8.590, 50.435],
          [8.590, 50.434],
          [8.592, 50.434],
          [8.593, 50.433],
          [8.594, 50.433],
          [8.595, 50.434],
          [8.596, 50.434],
          [8.597, 50.434],
          [8.598, 50.434],
          [8.598, 50.433],
          [8.599, 50.432],
          [8.600, 50.433],
          [8.601, 50.432],
          [8.602, 50.431],
          [8.602, 50.430]
        ]
      }
    },
    {
      "type": "Feature",
      "id": "way/1073260271",
      "properties": {
        "admin_level": "5",
        "boundary": "administrative",
        "source": "HVBG Verwaltungsgrenzen shapefile;Grenzen Vereinfachung 0,1m",
        "id": "way/1073260271"
      },
      "geometry": {
        "type": "LineString",
        "coordinates": [
          [8.598, 50.420],
          [8.597, 50.420],
          [8.597, 50.419],
          [8.596, 50.419],
          [8.595, 50.419],
          [8.594, 50.419],
          [8.593, 50.418],
          [8.592, 50.418],
          [8.591, 50.418],
          [8.590, 50.418],
          [8.589, 50.418],
          [8.588, 50.418],
          [8.587, 50.418],
          [8.587, 50.417],
          [8.585, 50.417],
          [8.584, 50.417],
          [8.583, 50.416],
          [8.582, 50.416],
          [8.581, 50.416],
          [8.580, 50.415]
        ]
      }
    },
    {
      "type": "Feature",
      "id": "way/1073268618",
      "properties": {
        "admin_level": "5",
        "boundary": "administrative",
        "source": "Hessische Verwaltung für Bodenmanagement und Geoinformation - Digitale Verwaltungsgrenzen (Shapefile)",
        "id": "way/1073268618"
      },
      "geometry": {
        "type": "LineString",
        "coordinates": [
          [8.577, 50.416],
          [8.576, 50.416],
          [8.576, 50.415],
          [8.575, 50.415],
          [8.574, 50.415],
          [8.573, 50.416],
          [8.572, 50.416],
          [8.571, 50.416],
          [8.570, 50.416],
          [8.569, 50.415],
          [8.569, 50.414],
          [8.568, 50.414]
        ]
      }
    },
    {
      "type": "Feature",
      "id": "way/1073282870",
      "properties": {
        "admin_level": "5",
        "boundary": "administrative",
        "source": "HVBG Verwaltungsgrenzen shapefile;Grenzen Vereinfachung 0,1m",
        "id": "way/1073282870"
      },
      "geometry": {
        "type": "LineString",
        "coordinates": [
          [8.769, 50.465],
          [8.768, 50.465],
          [8.768, 50.464],
          [8.767, 50.464],
          [8.766, 50.464],
          [8.766, 50.465],
          [8.765, 50.465],
          [8.765, 50.464],
          [8.764, 50.464],
          [8.763, 50.464]
        ]
      }
    },
    {
      "type": "Feature",
      "id": "way/1073282871",
      "properties": {
        "admin_level": "5",
        "boundary": "administrative",
        "source": "HVBG Verwaltungsgrenzen shapefile;Grenzen Vereinfachung 0,1m",
        "id": "way/1073282871"
      },
      "geometry": {
        "type": "LineString",
        "coordinates": [
          [8.763, 50.464],
          [8.763, 50.465],
          [8.762, 50.467],
          [8.762, 50.468],
          [8.764, 50.468],
          [8.764, 50.469],
          [8.763, 50.470],
          [8.762, 50.471],
          [8.758, 50.471],
          [8.757, 50.471],
          [8.756, 50.472],
          [8.755, 50.472],
          [8.754, 50.472],
          [8.752, 50.472],
          [8.751, 50.472],
          [8.750, 50.472],
          [8.749, 50.472],
          [8.748, 50.472],
          [8.749, 50.472],
          [8.748, 50.473],
          [8.745, 50.474],
          [8.739, 50.478]
        ]
      }
    },
    {
      "type": "Feature",
      "id": "way/1073282872",
      "properties": {
        "admin_level": "5",
        "boundary": "administrative",
        "source": "HVBG Verwaltungsgrenzen shapefile;Grenzen Vereinfachung 0,1m",
        "id": "way/1073282872"
      },
      "geometry": {
        "type": "LineString",
        "coordinates": [
          [8.780, 50.480],
          [8.782, 50.478],
          [8.776, 50.474],
          [8.772, 50.472],
          [8.770, 50.471],
          [8.769, 50.470],
          [8.768, 50.470],
          [8.767, 50.470]
        ]
      }
    },
    {
      "type": "Feature",
      "id": "way/1073282873",
      "properties": {
        "admin_level": "5",
        "boundary": "administrative",
        "source": "HVBG Verwaltungsgrenzen shapefile;Grenzen Vereinfachung 0,1m",
        "id": "way/1073282873"
      },
      "geometry": {
        "type": "LineString",
        "coordinates": [
          [8.799, 50.442],
          [8.798, 50.443],
          [8.798, 50.444],
          [8.797, 50.445],
          [8.797, 50.446],
          [8.796, 50.447]
        ]
      }
    },
    {
      "type": "Feature",
      "id": "way/1073282875",
      "properties": {
        "admin_level": "5",
        "boundary": "administrative",
        "source": "HVBG Verwaltungsgrenzen shapefile;Grenzen Vereinfachung 0,1m",
        "id": "way/1073282875"
      },
      "geometry": {
        "type": "LineString",
        "coordinates": [
          [8.739, 50.478],
          [8.735, 50.477],
          [8.728, 50.476]
        ]
      }
    },
    {
      "type": "Feature",
      "id": "way/1073293316",
      "properties": {
        "admin_level": "5",
        "boundary": "administrative",
        "source": "HVBG Verwaltungsgrenzen shapefile;Grenzen Vereinfachung 0,1m",
        "id": "way/1073293316"
      },
      "geometry": {
        "type": "LineString",
        "coordinates": [
          [8.853, 50.431],
          [8.853, 50.432],
          [8.854, 50.433],
          [8.855, 50.434],
          [8.857, 50.436],
          [8.858, 50.439],
          [8.859, 50.440],
          [8.860, 50.441],
          [8.861, 50.442],
          [8.862, 50.443],
          [8.859, 50.443],
          [8.860, 50.445]
        ]
      }
    },
    {
      "type": "Feature",
      "id": "way/1073304437",
      "properties": {
        "admin_level": "5",
        "boundary": "administrative",
        "source": "HVBG shapefile",
        "id": "way/1073304437"
      },
      "geometry": {
        "type": "LineString",
        "coordinates": [
          [8.930, 50.433],
          [8.931, 50.434],
          [8.933, 50.434],
          [8.935, 50.434],
          [8.936, 50.433],
          [8.937, 50.433],
          [8.938, 50.433],
          [8.939, 50.433],
          [8.940, 50.432],
          [8.941, 50.432],
          [8.942, 50.432],
          [8.943, 50.432],
          [8.944, 50.432],
          [8.945, 50.432],
          [8.946, 50.432],
          [8.947, 50.432],
          [8.947, 50.431],
          [8.948, 50.430],
          [8.949, 50.431],
          [8.950, 50.431],
          [8.952, 50.432],
          [8.953, 50.433]
        ]
      }
    },
    {
      "type": "Feature",
      "id": "way/1073304438",
      "properties": {
        "admin_level": "5",
        "boundary": "administrative",
        "source": "HVBG shapefile",
        "id": "way/1073304438"
      },
      "geometry": {
        "type": "LineString",
        "coordinates": [
          [8.953, 50.433],
          [8.954, 50.433]
        ]
      }
    },
    {
      "type": "Feature",
      "id": "way/1073305989",
      "properties": {
        "admin_level": "5",
        "boundary": "administrative",
        "source": "HVBG shapefile",
        "id": "way/1073305989"
      },
      "geometry": {
        "type": "LineString",
        "coordinates": [
          [8.954, 50.433],
          [8.954, 50.434],
          [8.955, 50.434],
          [8.956, 50.435],
          [8.956, 50.436],
          [8.957, 50.436],
          [8.958, 50.437],
          [8.959, 50.438],
          [8.959, 50.437],
          [8.960, 50.438],
          [8.961, 50.439]
        ]
      }
    },
    {
      "type": "Feature",
      "id": "way/1073319281",
      "properties": {
        "admin_level": "5",
        "boundary": "administrative",
        "source": "HVBG shapefile",
        "id": "way/1073319281"
      },
      "geometry": {
        "type": "LineString",
        "coordinates": [
          [8.990, 50.458],
          [8.989, 50.460],
          [8.988, 50.465],
          [8.985, 50.465],
          [8.984, 50.465],
          [8.983, 50.465],
          [8.982, 50.465],
          [8.980, 50.465],
          [8.979, 50.466]
        ]
      }
    },
    {
      "type": "Feature",
      "id": "way/1073323491",
      "properties": {
        "admin_level": "5",
        "boundary": "administrative",
        "source": "HVBG shapefile",
        "id": "way/1073323491"
      },
      "geometry": {
        "type": "LineString",
        "coordinates": [
          [9.008, 50.495],
          [9.008, 50.494],
          [9.007, 50.494],
          [9.007, 50.493],
          [9.006, 50.492],
          [9.005, 50.491],
          [9.005, 50.490],
          [9.005, 50.489],
          [9.006, 50.488]
        ]
      }
    },
    {
      "type": "Feature",
      "id": "way/1073323492",
      "properties": {
        "admin_level": "5",
        "boundary": "administrative",
        "source": "HVBG Verwaltungsgrenzen shapefile;Grenzen Vereinfachung 0,1m",
        "id": "way/1073323492"
      },
      "geometry": {
        "type": "LineString",
        "coordinates": [
          [9.077, 50.495],
          [9.076, 50.492],
          [9.074, 50.491],
          [9.073, 50.491],
          [9.073, 50.490],
          [9.072, 50.490],
          [9.072, 50.489],
          [9.068, 50.488],
          [9.067, 50.487],
          [9.065, 50.486],
          [9.065, 50.485],
          [9.064, 50.485],
          [9.060, 50.483]
        ]
      }
    },
    {
      "type": "Feature",
      "id": "way/1073323493",
      "properties": {
        "admin_level": "5",
        "boundary": "administrative",
        "source": "HVBG Verwaltungsgrenzen shapefile",
        "id": "way/1073323493"
      },
      "geometry": {
        "type": "LineString",
        "coordinates": [
          [9.060, 50.483],
          [9.060, 50.481],
          [9.061, 50.481],
          [9.061, 50.480],
          [9.062, 50.479],
          [9.063, 50.479],
          [9.062, 50.478],
          [9.061, 50.477],
          [9.060, 50.476],
          [9.059, 50.475]
        ]
      }
    },
    {
      "type": "Feature",
      "id": "way/1073323494",
      "properties": {
        "admin_level": "5",
        "boundary": "administrative",
        "source": "HVBG Verwaltungsgrenzen shapefile;Grenzen Vereinfachung 0,1m",
        "id": "way/1073323494"
      },
      "geometry": {
        "type": "LineString",
        "coordinates": [
          [9.042, 50.497],
          [9.046, 50.499],
          [9.048, 50.499],
          [9.051, 50.499],
          [9.053, 50.499],
          [9.055, 50.499],
          [9.058, 50.499],
          [9.060, 50.499],
          [9.062, 50.498],
          [9.064, 50.498],
          [9.065, 50.498],
          [9.067, 50.497],
          [9.070, 50.497],
          [9.072, 50.496],
          [9.074, 50.495],
          [9.075, 50.495],
          [9.076, 50.495],
          [9.077, 50.495]
        ]
      }
    },
    {
      "type": "Feature",
      "id": "way/1073345212",
      "properties": {
        "admin_level": "5",
        "boundary": "administrative",
        "source": "Hessische Verwaltung für Bodenmanagement und Geoinformation - Digitale Verwaltungsgrenzen (Shapefile)",
        "id": "way/1073345212"
      },
      "geometry": {
        "type": "LineString",
        "coordinates": [
          [9.097, 50.435],
          [9.096, 50.435],
          [9.095, 50.436],
          [9.094, 50.436],
          [9.093, 50.436],
          [9.087, 50.438],
          [9.086, 50.439]
        ]
      }
    },
    {
      "type": "Feature",
      "id": "way/1073345220",
      "properties": {
        "admin_level": "5",
        "boundary": "administrative",
        "source": "Hessische Verwaltung für Bodenmanagement und Geoinformation - Digitale Verwaltungsgrenzen (Shapefile)",
        "id": "way/1073345220"
      },
      "geometry": {
        "type": "LineString",
        "coordinates": [
          [9.103, 50.436],
          [9.102, 50.436],
          [9.101, 50.436],
          [9.100, 50.436],
          [9.098, 50.435],
          [9.097, 50.435]
        ]
      }
    },
    {
      "type": "Feature",
      "id": "way/1073402857",
      "properties": {
        "admin_level": "5",
        "boundary": "administrative",
        "source": "Hessische Verwaltung für Bodenmanagement und Geoinformation - Digitale Verwaltungsgrenzen",
        "id": "way/1073402857"
      },
      "geometry": {
        "type": "LineString",
        "coordinates": [
          [9.094, 50.457],
          [9.093, 50.455],
          [9.092, 50.454],
          [9.092, 50.453],
          [9.092, 50.452],
          [9.091, 50.451],
          [9.091, 50.450],
          [9.092, 50.450],
          [9.093, 50.450],
          [9.094, 50.450],
          [9.095, 50.450],
          [9.094, 50.450],
          [9.094, 50.449],
          [9.094, 50.448],
          [9.093, 50.448],
          [9.094, 50.448],
          [9.094, 50.447],
          [9.095, 50.446],
          [9.095, 50.445],
          [9.095, 50.444],
          [9.096, 50.443],
          [9.095, 50.443],
          [9.094, 50.443],
          [9.093, 50.442],
          [9.092, 50.442],
          [9.091, 50.441],
          [9.089, 50.440],
          [9.087, 50.439],
          [9.086, 50.439]
        ]
      }
    },
    {
      "type": "Feature",
      "id": "way/1073526140",
      "properties": {
        "admin_level": "5",
        "boundary": "administrative",
        "id": "way/1073526140"
      },
      "geometry": {
        "type": "LineString",
        "coordinates": [
          [9.230, 50.820],
          [9.230, 50.821],
          [9.231, 50.822],
          [9.230, 50.822],
          [9.231, 50.822],
          [9.231, 50.823],
          [9.231, 50.824],
          [9.231, 50.825],
          [9.232, 50.826]
        ]
      }
    },
    {
      "type": "Feature",
      "id": "way/1073529874",
      "properties": {
        "admin_level": "5",
        "boundary": "administrative",
        "source": "ALKIS Hessen + Shapefiles",
        "id": "way/1073529874"
      },
      "geometry": {
        "type": "LineString",
        "coordinates": [
          [9.263, 50.814],
          [9.263, 50.813],
          [9.264, 50.813],
          [9.264, 50.812],
          [9.263, 50.812],
          [9.263, 50.811],
          [9.262, 50.811],
          [9.262, 50.810],
          [9.263, 50.810],
          [9.262, 50.809],
          [9.262, 50.808],
          [9.261, 50.808],
          [9.260, 50.808],
          [9.260, 50.807],
          [9.261, 50.807],
          [9.261, 50.806],
          [9.262, 50.805],
          [9.262, 50.804],
          [9.263, 50.804],
          [9.264, 50.803],
          [9.264, 50.802],
          [9.265, 50.802],
          [9.265, 50.801],
          [9.266, 50.800],
          [9.268, 50.801],
          [9.268, 50.800],
          [9.266, 50.800],
          [9.267, 50.799],
          [9.267, 50.798],
          [9.268, 50.798],
          [9.270, 50.796],
          [9.271, 50.797]
        ]
      }
    },
    {
      "type": "Feature",
      "id": "way/1073529876",
      "properties": {
        "admin_level": "5",
        "boundary": "administrative",
        "source": "ALKIS Hessen + Shapefiles",
        "id": "way/1073529876"
      },
      "geometry": {
        "type": "LineString",
        "coordinates": [
          [9.329, 50.795],
          [9.330, 50.796],
          [9.332, 50.796],
          [9.334, 50.796],
          [9.336, 50.796],
          [9.337, 50.796],
          [9.338, 50.796],
          [9.339, 50.797],
          [9.341, 50.797],
          [9.343, 50.798],
          [9.344, 50.798],
          [9.345, 50.798],
          [9.346, 50.798],
          [9.346, 50.799],
          [9.348, 50.799],
          [9.349, 50.800],
          [9.350, 50.800],
          [9.352, 50.800],
          [9.354, 50.800],
          [9.355, 50.800],
          [9.356, 50.800],
          [9.357, 50.799],
          [9.359, 50.799],
          [9.360, 50.799],
          [9.361, 50.799],
          [9.362, 50.799],
          [9.363, 50.799]
        ]
      }
    },
    {
      "type": "Feature",
      "id": "way/1073529877",
      "properties": {
        "admin_level": "5",
        "boundary": "administrative",
        "source": "ALKIS Hessen + Shapefiles",
        "id": "way/1073529877"
      },
      "geometry": {
        "type": "LineString",
        "coordinates": [
          [9.363, 50.799],
          [9.364, 50.798],
          [9.364, 50.797],
          [9.365, 50.796],
          [9.365, 50.795],
          [9.365, 50.794],
          [9.365, 50.793],
          [9.364, 50.792],
          [9.365, 50.791],
          [9.364, 50.790],
          [9.365, 50.790],
          [9.366, 50.790],
          [9.367, 50.789],
          [9.367, 50.788],
          [9.368, 50.787],
          [9.368, 50.786]
        ]
      }
    },
    {
      "type": "Feature",
      "id": "way/1073529878",
      "properties": {
        "admin_level": "5",
        "boundary": "administrative",
        "source": "ALKIS Hessen + Shapefiles",
        "id": "way/1073529878"
      },
      "geometry": {
        "type": "LineString",
        "coordinates": [
          [9.392, 50.773],
          [9.393, 50.773],
          [9.394, 50.773],
          [9.394, 50.774],
          [9.395, 50.774],
          [9.395, 50.775],
          [9.396, 50.775],
          [9.397, 50.775],
          [9.397, 50.776],
          [9.397, 50.777],
          [9.398, 50.778],
          [9.400, 50.778],
          [9.400, 50.779],
          [9.402, 50.781],
          [9.401, 50.784],
          [9.401, 50.785],
          [9.402, 50.786],
          [9.403, 50.787],
          [9.403, 50.788],
          [9.404, 50.788],
          [9.404, 50.789],
          [9.405, 50.789],
          [9.406, 50.789],
          [9.407, 50.789],
          [9.408, 50.789],
          [9.409, 50.790],
          [9.410, 50.790]
        ]
      }
    },
    {
      "type": "Feature",
      "id": "way/1073784482",
      "properties": {
        "admin_level": "5",
        "boundary": "administrative",
        "source": "Hessische Verwaltung für Bodenmanagement und Geoinformation - Digitale Verwaltungsgrenzen",
        "id": "way/1073784482"
      },
      "geometry": {
        "type": "LineString",
        "coordinates": [
          [9.455, 50.532],
          [9.455, 50.531],
          [9.454, 50.530]
        ]
      }
    },
    {
      "type": "Feature",
      "id": "way/1073784483",
      "properties": {
        "admin_level": "5",
        "boundary": "administrative",
        "source": "Hessische Verwaltung für Bodenmanagement und Geoinformation - Digitale Verwaltungsgrenzen",
        "id": "way/1073784483"
      },
      "geometry": {
        "type": "LineString",
        "coordinates": [
          [9.488, 50.556],
          [9.487, 50.556],
          [9.486, 50.556],
          [9.484, 50.556],
          [9.485, 50.555],
          [9.484, 50.555],
          [9.483, 50.555],
          [9.482, 50.555],
          [9.482, 50.554],
          [9.481, 50.554],
          [9.480, 50.554],
          [9.479, 50.554],
          [9.479, 50.553],
          [9.478, 50.553],
          [9.477, 50.552],
          [9.476, 50.551]
        ]
      }
    },
    {
      "type": "Feature",
      "id": "way/1073784484",
      "properties": {
        "admin_level": "5",
        "boundary": "administrative",
        "source": "ALKIS Hessen + Shapefiles",
        "id": "way/1073784484"
      },
      "geometry": {
        "type": "LineString",
        "coordinates": [
          [9.497, 50.567],
          [9.497, 50.566],
          [9.496, 50.566]
        ]
      }
    },
    {
      "type": "Feature",
      "id": "way/1073784485",
      "properties": {
        "admin_level": "5",
        "boundary": "administrative",
        "source": "ALKIS Hessen + Shapefiles",
        "id": "way/1073784485"
      },
      "geometry": {
        "type": "LineString",
        "coordinates": [
          [9.496, 50.566],
          [9.496, 50.565],
          [9.495, 50.564],
          [9.495, 50.563],
          [9.494, 50.562],
          [9.494, 50.561],
          [9.495, 50.560],
          [9.494, 50.560],
          [9.494, 50.559],
          [9.493, 50.559],
          [9.492, 50.558],
          [9.491, 50.558],
          [9.489, 50.558],
          [9.490, 50.557],
          [9.490, 50.556],
          [9.489, 50.557],
          [9.488, 50.556]
        ]
      }
    },
    {
      "type": "Feature",
      "id": "way/1073846127",
      "properties": {
        "admin_level": "5",
        "boundary": "administrative",
        "source": "HVBG Verwaltungsgrenzen shapefile",
        "id": "way/1073846127"
      },
      "geometry": {
        "type": "LineString",
        "coordinates": [
          [8.912, 50.955],
          [8.911, 50.955],
          [8.912, 50.956],
          [8.913, 50.957],
          [8.915, 50.958],
          [8.916, 50.958],
          [8.917, 50.958],
          [8.918, 50.958],
          [8.918, 50.959],
          [8.917, 50.959],
          [8.916, 50.960],
          [8.915, 50.961],
          [8.913, 50.962],
          [8.912, 50.963],
          [8.912, 50.964],
          [8.911, 50.965],
          [8.910, 50.966],
          [8.909, 50.967],
          [8.909, 50.968],
          [8.909, 50.969],
          [8.910, 50.970],
          [8.911, 50.970],
          [8.912, 50.971],
          [8.913, 50.971],
          [8.914, 50.971],
          [8.915, 50.970],
          [8.916, 50.970]
        ]
      }
    },
    {
      "type": "Feature",
      "id": "way/1073846128",
      "properties": {
        "admin_level": "5",
        "boundary": "administrative",
        "source": "ALKIS Hessen + Shapefiles",
        "id": "way/1073846128"
      },
      "geometry": {
        "type": "LineString",
        "coordinates": [
          [8.916, 50.970],
          [8.917, 50.969],
          [8.919, 50.969],
          [8.920, 50.968],
          [8.921, 50.968],
          [8.924, 50.967],
          [8.925, 50.967],
          [8.926, 50.967],
          [8.928, 50.967],
          [8.929, 50.967],
          [8.931, 50.966],
          [8.932, 50.966],
          [8.933, 50.966],
          [8.935, 50.966],
          [8.936, 50.966],
          [8.937, 50.966],
          [8.938, 50.965],
          [8.939, 50.965],
          [8.938, 50.964],
          [8.939, 50.963],
          [8.939, 50.962],
          [8.939, 50.961],
          [8.939, 50.960],
          [8.939, 50.959],
          [8.940, 50.958],
          [8.940, 50.957],
          [8.941, 50.957],
          [8.942, 50.956],
          [8.943, 50.955],
          [8.944, 50.955],
          [8.944, 50.954],
          [8.945, 50.953],
          [8.945, 50.952],
          [8.946, 50.951],
          [8.947, 50.951],
          [8.947, 50.950]
        ]
      }
    },
    {
      "type": "Feature",
      "id": "way/1073870103",
      "properties": {
        "admin_level": "5",
        "boundary": "administrative",
        "source": "ALKIS Hessen + Shapefiles",
        "id": "way/1073870103"
      },
      "geometry": {
        "type": "LineString",
        "coordinates": [
          [8.789, 50.957],
          [8.790, 50.957],
          [8.791, 50.958],
          [8.793, 50.958],
          [8.794, 50.958],
          [8.795, 50.958],
          [8.796, 50.958],
          [8.798, 50.958],
          [8.799, 50.958],
          [8.800, 50.958],
          [8.800, 50.957],
          [8.801, 50.958],
          [8.801, 50.957],
          [8.802, 50.957],
          [8.804, 50.957],
          [8.807, 50.957],
          [8.809, 50.957]
        ]
      }
    },
    {
      "type": "Feature",
      "id": "way/1073885241",
      "properties": {
        "admin_level": "5",
        "boundary": "administrative",
        "source": "Hessische Verwaltung für Bodenmanagement und Geoinformation - Digitale Verwaltungsgrenzen",
        "id": "way/1073885241"
      },
      "geometry": {
        "type": "LineString",
        "coordinates": [
          [8.646, 50.980],
          [8.648, 50.980],
          [8.649, 50.980],
          [8.650, 50.980],
          [8.651, 50.980],
          [8.652, 50.980],
          [8.653, 50.979],
          [8.654, 50.979],
          [8.655, 50.979],
          [8.655, 50.978],
          [8.655, 50.977],
          [8.655, 50.976],
          [8.655, 50.975],
          [8.654, 50.975],
          [8.654, 50.974],
          [8.655, 50.974],
          [8.656, 50.974],
          [8.656, 50.973],
          [8.656, 50.972],
          [8.657, 50.972],
          [8.656, 50.972],
          [8.656, 50.971]
        ]
      }
    },
    {
      "type": "Feature",
      "id": "way/1073885242",
      "properties": {
        "admin_level": "5",
        "boundary": "administrative",
        "source": "HVBG Verwaltungsgrenzen shapefile",
        "id": "way/1073885242"
      },
      "geometry": {
        "type": "LineString",
        "coordinates": [
          [8.712, 50.979],
          [8.713, 50.980],
          [8.713, 50.979],
          [8.714, 50.979],
          [8.714, 50.980],
          [8.715, 50.979],
          [8.715, 50.978],
          [8.715, 50.977],
          [8.716, 50.977],
          [8.717, 50.977],
          [8.717, 50.978],
          [8.718, 50.978],
          [8.719, 50.978],
          [8.720, 50.978],
          [8.720, 50.979],
          [8.721, 50.979],
          [8.720, 50.978],
          [8.721, 50.978],
          [8.721, 50.977],
          [8.722, 50.977],
          [8.723, 50.977],
          [8.723, 50.976],
          [8.724, 50.976],
          [8.725, 50.976],
          [8.726, 50.976],
          [8.727, 50.976],
          [8.728, 50.976],
          [8.729, 50.976],
          [8.730, 50.976],
          [8.730, 50.977],
          [8.731, 50.977],
          [8.731, 50.976],
          [8.732, 50.976],
          [8.732, 50.975]
        ]
      }
    },
    {
      "type": "Feature",
      "id": "way/1074109857",
      "properties": {
        "admin_level": "5",
        "boundary": "administrative",
        "source": "HVBG Verwaltungsgrenzen shapefile",
        "id": "way/1074109857"
      },
      "geometry": {
        "type": "LineString",
        "coordinates": [
          [9.476, 50.625],
          [9.477, 50.624],
          [9.478, 50.624],
          [9.480, 50.623],
          [9.481, 50.623],
          [9.482, 50.622],
          [9.484, 50.622],
          [9.486, 50.621],
          [9.488, 50.621],
          [9.489, 50.620],
          [9.491, 50.619],
          [9.493, 50.617],
          [9.494, 50.617],
          [9.495, 50.616],
          [9.496, 50.616],
          [9.497, 50.616],
          [9.497, 50.615],
          [9.496, 50.615],
          [9.495, 50.614],
          [9.495, 50.613],
          [9.496, 50.612],
          [9.497, 50.612],
          [9.497, 50.611],
          [9.498, 50.611],
          [9.499, 50.611],
          [9.500, 50.610]
        ]
      }
    },
    {
      "type": "Feature",
      "id": "way/1074116825",
      "properties": {
        "admin_level": "5",
        "boundary": "administrative",
        "source": "HVBG Verwaltungsgrenzen shapefile",
        "id": "way/1074116825"
      },
      "geometry": {
        "type": "LineString",
        "coordinates": [
          [9.606, 50.605],
          [9.606, 50.606],
          [9.606, 50.607],
          [9.604, 50.607],
          [9.603, 50.607],
          [9.601, 50.607],
          [9.599, 50.607],
          [9.598, 50.607],
          [9.595, 50.607],
          [9.594, 50.607],
          [9.593, 50.607],
          [9.592, 50.607]
        ]
      }
    },
    {
      "type": "Feature",
      "id": "way/1074116826",
      "properties": {
        "admin_level": "5",
        "boundary": "administrative",
        "source": "HVBG Verwaltungsgrenzen shapefile",
        "id": "way/1074116826"
      },
      "geometry": {
        "type": "LineString",
        "coordinates": [
          [9.550, 50.623],
          [9.551, 50.624],
          [9.551, 50.625],
          [9.551, 50.626],
          [9.553, 50.627],
          [9.554, 50.627],
          [9.555, 50.628],
          [9.556, 50.629]
        ]
      }
    },
    {
      "type": "Feature",
      "id": "way/1074126945",
      "properties": {
        "admin_level": "5",
        "boundary": "administrative",
        "source": "Hessische Verwaltung für Bodenmanagement und Geoinformation - Digitale Verwaltungsgrenzen",
        "id": "way/1074126945"
      },
      "geometry": {
        "type": "LineString",
        "coordinates": [
          [9.474, 50.447],
          [9.473, 50.446],
          [9.474, 50.446],
          [9.474, 50.445],
          [9.475, 50.444],
          [9.476, 50.444],
          [9.477, 50.442],
          [9.478, 50.442],
          [9.478, 50.441]
        ]
      }
    },
    {
      "type": "Feature",
      "id": "way/1074187563",
      "properties": {
        "admin_level": "5",
        "boundary": "administrative",
        "source": "HVBG Verwaltungsgrenzen shapefile",
        "id": "way/1074187563"
      },
      "geometry": {
        "type": "LineString",
        "coordinates": [
          [9.582, 50.765],
          [9.583, 50.765],
          [9.583, 50.764],
          [9.584, 50.763],
          [9.585, 50.762],
          [9.585, 50.761]
        ]
      }
    },
    {
      "type": "Feature",
      "id": "way/1074414042",
      "properties": {
        "admin_level": "5",
        "boundary": "administrative",
        "source": "Hessische Verwaltung für Bodenmanagement und Geoinformation - Digitale Verwaltungsgrenzen",
        "id": "way/1074414042"
      },
      "geometry": {
        "type": "LineString",
        "coordinates": [
          [9.453, 50.763],
          [9.454, 50.762],
          [9.455, 50.761]
        ]
      }
    },
    {
      "type": "Feature",
      "id": "way/1074417261",
      "properties": {
        "admin_level": "5",
        "boundary": "administrative",
        "source": "Hessische Verwaltung für Bodenmanagement und Geoinformation - Digitale Verwaltungsgrenzen",
        "id": "way/1074417261"
      },
      "geometry": {
        "type": "LineString",
        "coordinates": [
          [9.492, 50.749],
          [9.492, 50.748],
          [9.493, 50.748],
          [9.493, 50.747],
          [9.494, 50.746],
          [9.495, 50.746],
          [9.495, 50.745],
          [9.495, 50.744],
          [9.495, 50.743],
          [9.494, 50.742]
        ]
      }
    },
    {
      "type": "Feature",
      "id": "way/1074417262",
      "properties": {
        "admin_level": "5",
        "boundary": "administrative",
        "source": "Hessische Verwaltung für Bodenmanagement und Geoinformation - Digitale Verwaltungsgrenzen",
        "id": "way/1074417262"
      },
      "geometry": {
        "type": "LineString",
        "coordinates": [
          [9.494, 50.742],
          [9.495, 50.741],
          [9.496, 50.740],
          [9.497, 50.740],
          [9.498, 50.740],
          [9.499, 50.739],
          [9.500, 50.739],
          [9.501, 50.739],
          [9.502, 50.738],
          [9.503, 50.738],
          [9.503, 50.737],
          [9.503, 50.736],
          [9.503, 50.735],
          [9.504, 50.735],
          [9.505, 50.734]
        ]
      }
    },
    {
      "type": "Feature",
      "id": "way/1074417263",
      "properties": {
        "admin_level": "5",
        "boundary": "administrative",
        "source": "Hessische Verwaltung für Bodenmanagement und Geoinformation - Digitale Verwaltungsgrenzen",
        "id": "way/1074417263"
      },
      "geometry": {
        "type": "LineString",
        "coordinates": [
          [9.455, 50.761],
          [9.456, 50.761],
          [9.457, 50.761],
          [9.458, 50.762],
          [9.459, 50.763],
          [9.460, 50.763],
          [9.461, 50.763],
          [9.462, 50.763],
          [9.463, 50.763],
          [9.464, 50.763],
          [9.465, 50.763],
          [9.465, 50.764],
          [9.466, 50.764],
          [9.467, 50.764],
          [9.468, 50.764],
          [9.468, 50.765],
          [9.469, 50.765],
          [9.470, 50.765],
          [9.471, 50.765],
          [9.472, 50.765],
          [9.473, 50.764],
          [9.474, 50.764],
          [9.476, 50.764],
          [9.477, 50.763],
          [9.478, 50.763],
          [9.479, 50.762],
          [9.479, 50.761]
        ]
      }
    },
    {
      "type": "Feature",
      "id": "way/1074551699",
      "properties": {
        "admin_level": "5",
        "boundary": "administrative",
        "source": "Hessische Verwaltung für Bodenmanagement und Geoinformation - Digitale Verwaltungsgrenzen",
        "id": "way/1074551699"
      },
      "geometry": {
        "type": "LineString",
        "coordinates": [
          [8.315, 50.340],
          [8.316, 50.340],
          [8.317, 50.341],
          [8.318, 50.341],
          [8.319, 50.341]
        ]
      }
    },
    {
      "type": "Feature",
      "id": "way/1074707627",
      "properties": {
        "admin_level": "4",
        "boundary": "administrative",
        "source": "Hessische Verwaltung für Bodenmanagement und Geoinformation - Digitale Verwaltungsgrenzen (Shapefile)",
        "id": "way/1074707627"
      },
      "geometry": {
        "type": "LineString",
        "coordinates": [
          [8.019, 50.387],
          [8.020, 50.387],
          [8.020, 50.388],
          [8.020, 50.389],
          [8.020, 50.391],
          [8.020, 50.393],
          [8.020, 50.394],
          [8.020, 50.396],
          [8.020, 50.397],
          [8.021, 50.398],
          [8.022, 50.398],
          [8.023, 50.398],
          [8.023, 50.400],
          [8.024, 50.400]
        ]
      }
    },
    {
      "type": "Feature",
      "id": "way/1074707628",
      "properties": {
        "admin_level": "4",
        "boundary": "administrative",
        "source": "Hessische Verwaltung für Bodenmanagement und Geoinformation - Digitale Verwaltungsgrenzen (Shapefile)",
        "id": "way/1074707628"
      },
      "geometry": {
        "type": "LineString",
        "coordinates": [
          [8.042, 50.386],
          [8.040, 50.386],
          [8.039, 50.386],
          [8.039, 50.384],
          [8.037, 50.384]
        ]
      }
    },
    {
      "type": "Feature",
      "id": "way/1074711732",
      "properties": {
        "admin_level": "4",
        "boundary": "administrative",
        "source": "Hessische Verwaltung für Bodenmanagement und Geoinformation - Digitale Verwaltungsgrenzen (Shapefile)",
        "id": "way/1074711732"
      },
      "geometry": {
        "type": "LineString",
        "coordinates": [
          [8.066, 50.364],
          [8.065, 50.367]
        ]
      }
    },
    {
      "type": "Feature",
      "id": "way/1074745220",
      "properties": {
        "admin_level": "4",
        "boundary": "administrative",
        "source": "Hessische Verwaltung für Bodenmanagement und Geoinformation - Digitale Verwaltungsgrenzen (Shapefile)",
        "id": "way/1074745220"
      },
      "geometry": {
        "type": "LineString",
        "coordinates": [
          [8.010, 50.452],
          [8.009, 50.457],
          [8.009, 50.458],
          [8.010, 50.459]
        ]
      }
    },
    {
      "type": "Feature",
      "id": "way/1074745221",
      "properties": {
        "admin_level": "4",
        "boundary": "administrative",
        "source": "Hessische Verwaltung für Bodenmanagement und Geoinformation - Digitale Verwaltungsgrenzen (Shapefile)",
        "id": "way/1074745221"
      },
      "geometry": {
        "type": "LineString",
        "coordinates": [
          [8.001, 50.445],
          [8.000, 50.445],
          [8.000, 50.446],
          [8.000, 50.447],
          [8.001, 50.447],
          [8.002, 50.447],
          [8.003, 50.448],
          [8.004, 50.448],
          [8.005, 50.448],
          [8.006, 50.448],
          [8.008, 50.448],
          [8.007, 50.449],
          [8.007, 50.450],
          [8.007, 50.451],
          [8.008, 50.451],
          [8.009, 50.452],
          [8.010, 50.452]
        ]
      }
    },
    {
      "type": "Feature",
      "id": "way/1074830899",
      "properties": {
        "admin_level": "4",
        "boundary": "administrative",
        "source": "Hessische Verwaltung für Bodenmanagement und Geoinformation - Digitale Verwaltungsgrenzen (Shapefile)",
        "id": "way/1074830899"
      },
      "geometry": {
        "type": "LineString",
        "coordinates": [
          [8.113, 50.535],
          [8.115, 50.535],
          [8.116, 50.535],
          [8.116, 50.536],
          [8.118, 50.535],
          [8.119, 50.536],
          [8.119, 50.537],
          [8.120, 50.537],
          [8.120, 50.538],
          [8.121, 50.539]
        ]
      }
    },
    {
      "type": "Feature",
      "id": "way/1074845349",
      "properties": {
        "admin_level": "4",
        "boundary": "administrative",
        "source": "Hessische Verwaltung für Bodenmanagement und Geoinformation - Digitale Verwaltungsgrenzen",
        "id": "way/1074845349"
      },
      "geometry": {
        "type": "LineString",
        "coordinates": [
          [8.024, 50.541],
          [8.024, 50.542],
          [8.023, 50.542],
          [8.024, 50.542]
        ]
      }
    },
    {
      "type": "Feature",
      "id": "way/1074845350",
      "properties": {
        "admin_level": "4",
        "boundary": "administrative",
        "source": "Hessische Verwaltung für Bodenmanagement und Geoinformation - Digitale Verwaltungsgrenzen",
        "id": "way/1074845350"
      },
      "geometry": {
        "type": "LineString",
        "coordinates": [
          [8.009, 50.529],
          [8.010, 50.530],
          [8.011, 50.530],
          [8.012, 50.531],
          [8.013, 50.532],
          [8.012, 50.532],
          [8.013, 50.533],
          [8.014, 50.534],
          [8.014, 50.535],
          [8.015, 50.535],
          [8.016, 50.536],
          [8.017, 50.536],
          [8.018, 50.536],
          [8.020, 50.537],
          [8.020, 50.538],
          [8.023, 50.540],
          [8.024, 50.541]
        ]
      }
    },
    {
      "type": "Feature",
      "id": "way/1074845351",
      "properties": {
        "admin_level": "4",
        "boundary": "administrative",
        "source": "Hessische Verwaltung für Bodenmanagement und Geoinformation - Digitale Verwaltungsgrenzen",
        "id": "way/1074845351"
      },
      "geometry": {
        "type": "LineString",
        "coordinates": [
          [7.996, 50.524],
          [7.999, 50.527]
        ]
      }
    },
    {
      "type": "Feature",
      "id": "way/1074845352",
      "properties": {
        "admin_level": "4",
        "boundary": "administrative",
        "source": "Hessische Verwaltung für Bodenmanagement und Geoinformation - Digitale Verwaltungsgrenzen",
        "id": "way/1074845352"
      },
      "geometry": {
        "type": "LineString",
        "coordinates": [
          [7.980, 50.494],
          [7.979, 50.494],
          [7.978, 50.495]
        ]
      }
    },
    {
      "type": "Feature",
      "id": "way/1074856553",
      "properties": {
        "admin_level": "5",
        "boundary": "administrative",
        "source": "Hessische Verwaltung für Bodenmanagement und Geoinformation - Digitale Verwaltungsgrenzen",
        "id": "way/1074856553"
      },
      "geometry": {
        "type": "LineString",
        "coordinates": [
          [8.350, 50.294],
          [8.351, 50.293],
          [8.353, 50.293],
          [8.354, 50.293],
          [8.354, 50.294]
        ]
      }
    },
    {
      "type": "Feature",
      "id": "way/1074856554",
      "properties": {
        "admin_level": "5",
        "boundary": "administrative",
        "source": "Hessische Verwaltung für Bodenmanagement und Geoinformation - Digitale Verwaltungsgrenzen",
        "id": "way/1074856554"
      },
      "geometry": {
        "type": "LineString",
        "coordinates": [
          [8.348, 50.306],
          [8.349, 50.306],
          [8.351, 50.306],
          [8.352, 50.306],
          [8.354, 50.305],
          [8.354, 50.306],
          [8.355, 50.306],
          [8.356, 50.306],
          [8.358, 50.307],
          [8.359, 50.307],
          [8.360, 50.308],
          [8.361, 50.308],
          [8.362, 50.309],
          [8.362, 50.310],
          [8.363, 50.311],
          [8.364, 50.311]
        ]
      }
    },
    {
      "type": "Feature",
      "id": "way/1074856555",
      "properties": {
        "admin_level": "5",
        "boundary": "administrative",
        "source": "Hessische Verwaltung für Bodenmanagement und Geoinformation - Digitale Verwaltungsgrenzen",
        "id": "way/1074856555"
      },
      "geometry": {
        "type": "LineString",
        "coordinates": [
          [8.326, 50.328],
          [8.326, 50.329],
          [8.325, 50.330],
          [8.324, 50.330],
          [8.324, 50.331],
          [8.323, 50.332],
          [8.322, 50.333],
          [8.321, 50.334],
          [8.320, 50.335],
          [8.319, 50.335],
          [8.319, 50.336],
          [8.318, 50.337],
          [8.317, 50.338],
          [8.316, 50.339],
          [8.315, 50.339],
          [8.315, 50.340]
        ]
      }
    },
    {
      "type": "Feature",
      "id": "way/1074856559",
      "properties": {
        "admin_level": "5",
        "boundary": "administrative",
        "source": "HVBG Verwaltungsgrenzen shapefile",
        "id": "way/1074856559"
      },
      "geometry": {
        "type": "LineString",
        "coordinates": [
          [8.241, 50.278],
          [8.241, 50.277],
          [8.242, 50.277],
          [8.242, 50.276],
          [8.243, 50.275],
          [8.244, 50.273],
          [8.245, 50.273],
          [8.245, 50.272],
          [8.246, 50.272],
          [8.246, 50.271],
          [8.247, 50.270],
          [8.248, 50.269],
          [8.248, 50.268],
          [8.249, 50.268],
          [8.249, 50.267],
          [8.250, 50.266],
          [8.250, 50.265]
        ]
      }
    },
    {
      "type": "Feature",
      "id": "way/1074864280",
      "properties": {
        "admin_level": "4",
        "boundary": "administrative",
        "source": "Hessische Verwaltung für Bodenmanagement und Geoinformation - Digitale Verwaltungsgrenzen (Shapefile)",
        "id": "way/1074864280"
      },
      "geometry": {
        "type": "LineString",
        "coordinates": [
          [8.103, 50.307],
          [8.104, 50.308],
          [8.104, 50.309],
          [8.102, 50.309],
          [8.104, 50.312],
          [8.105, 50.314],
          [8.105, 50.315],
          [8.105, 50.317],
          [8.105, 50.318],
          [8.105, 50.319],
          [8.106, 50.319],
          [8.106, 50.320],
          [8.107, 50.321],
          [8.106, 50.321],
          [8.106, 50.323],
          [8.104, 50.323],
          [8.102, 50.323],
          [8.103, 50.325],
          [8.102, 50.325],
          [8.102, 50.326],
          [8.102, 50.327]
        ]
      }
    },
    {
      "type": "Feature",
      "id": "way/1074865832",
      "properties": {
        "admin_level": "5",
        "boundary": "administrative",
        "source": "HVBG Verwaltungsgrenzen shapefile",
        "id": "way/1074865832"
      },
      "geometry": {
        "type": "LineString",
        "coordinates": [
          [8.199, 50.288],
          [8.199, 50.289],
          [8.200, 50.288],
          [8.201, 50.289],
          [8.202, 50.288],
          [8.203, 50.288],
          [8.204, 50.288],
          [8.205, 50.288],
          [8.206, 50.288],
          [8.207, 50.289],
          [8.208, 50.289],
          [8.209, 50.289],
          [8.210, 50.289],
          [8.211, 50.289],
          [8.212, 50.290],
          [8.214, 50.290],
          [8.215, 50.291],
          [8.216, 50.291],
          [8.217, 50.291],
          [8.218, 50.292],
          [8.219, 50.291],
          [8.220, 50.291]
        ]
      }
    },
    {
      "type": "Feature",
      "id": "way/1074865833",
      "properties": {
        "admin_level": "5",
        "boundary": "administrative",
        "source": "HVBG Verwaltungsgrenzen shapefile",
        "id": "way/1074865833"
      },
      "geometry": {
        "type": "LineString",
        "coordinates": [
          [8.167, 50.277],
          [8.167, 50.276],
          [8.167, 50.275]
        ]
      }
    },
    {
      "type": "Feature",
      "id": "way/1074865834",
      "properties": {
        "admin_level": "5",
        "boundary": "administrative",
        "source": "Hessische Verwaltung für Bodenmanagement und Geoinformation - Digitale Verwaltungsgrenzen (Shapefile)",
        "id": "way/1074865834"
      },
      "geometry": {
        "type": "LineString",
        "coordinates": [
          [8.141, 50.281],
          [8.142, 50.280]
        ]
      }
    },
    {
      "type": "Feature",
      "id": "way/1075095149",
      "properties": {
        "admin_level": "5",
        "boundary": "administrative",
        "source": "HVBG Verwaltungsgrenzen shapefile",
        "id": "way/1075095149"
      },
      "geometry": {
        "type": "LineString",
        "coordinates": [
          [8.229, 50.278],
          [8.230, 50.278],
          [8.230, 50.277],
          [8.230, 50.276],
          [8.231, 50.276],
          [8.231, 50.275],
          [8.232, 50.275],
          [8.234, 50.276],
          [8.235, 50.276],
          [8.236, 50.277],
          [8.237, 50.277],
          [8.238, 50.277],
          [8.239, 50.278],
          [8.240, 50.278],
          [8.241, 50.278]
        ]
      }
    },
    {
      "type": "Feature",
      "id": "way/1075095150",
      "properties": {
        "admin_level": "5",
        "boundary": "administrative",
        "source": "HVBG Verwaltungsgrenzen shapefile",
        "id": "way/1075095150"
      },
      "geometry": {
        "type": "LineString",
        "coordinates": [
          [8.188, 50.285],
          [8.189, 50.285],
          [8.190, 50.286],
          [8.191, 50.286],
          [8.192, 50.286],
          [8.193, 50.287],
          [8.194, 50.287],
          [8.195, 50.287],
          [8.196, 50.288],
          [8.197, 50.288],
          [8.198, 50.288],
          [8.199, 50.288]
        ]
      }
    },
    {
      "type": "Feature",
      "id": "way/1075115527",
      "properties": {
        "admin_level": "5",
        "boundary": "administrative",
        "source": "Hessische Verwaltung für Bodenmanagement und Geoinformation - Digitale Verwaltungsgrenzen",
        "id": "way/1075115527"
      },
      "geometry": {
        "type": "LineString",
        "coordinates": [
          [8.566, 50.951],
          [8.566, 50.952],
          [8.565, 50.953],
          [8.564, 50.953],
          [8.564, 50.954],
          [8.563, 50.955],
          [8.562, 50.955],
          [8.562, 50.956],
          [8.560, 50.956],
          [8.558, 50.955],
          [8.557, 50.955],
          [8.555, 50.955],
          [8.554, 50.954],
          [8.553, 50.955],
          [8.552, 50.955],
          [8.551, 50.956],
          [8.550, 50.955],
          [8.548, 50.956]
        ]
      }
    },
    {
      "type": "Feature",
      "id": "way/1075115528",
      "properties": {
        "admin_level": "5",
        "boundary": "administrative",
        "source": "Hessische Verwaltung für Bodenmanagement und Geoinformation - Digitale Verwaltungsgrenzen",
        "id": "way/1075115528"
      },
      "geometry": {
        "type": "LineString",
        "coordinates": [
          [8.477, 50.969],
          [8.478, 50.969],
          [8.479, 50.968],
          [8.480, 50.968],
          [8.482, 50.967],
          [8.483, 50.967],
          [8.484, 50.967],
          [8.485, 50.966],
          [8.486, 50.966],
          [8.487, 50.965],
          [8.488, 50.965],
          [8.489, 50.964],
          [8.490, 50.964],
          [8.491, 50.963],
          [8.492, 50.963],
          [8.492, 50.962],
          [8.493, 50.961],
          [8.494, 50.961],
          [8.495, 50.960]
        ]
      }
    },
    {
      "type": "Feature",
      "id": "way/1075115529",
      "properties": {
        "admin_level": "4",
        "boundary": "administrative",
        "source": "HVBG Verwaltungsgrenzen shapefile",
        "id": "way/1075115529"
      },
      "geometry": {
        "type": "LineString",
        "coordinates": [
          [8.449, 50.940],
          [8.449, 50.939],
          [8.450, 50.939],
          [8.451, 50.938],
          [8.451, 50.937],
          [8.450, 50.937],
          [8.450, 50.936],
          [8.450, 50.935],
          [8.450, 50.934],
          [8.450, 50.933],
          [8.451, 50.932],
          [8.452, 50.931],
          [8.453, 50.931],
          [8.454, 50.930],
          [8.455, 50.929],
          [8.456, 50.929],
          [8.455, 50.928],
          [8.454, 50.927],
          [8.455, 50.926],
          [8.456, 50.924],
          [8.458, 50.921],
          [8.459, 50.920],
          [8.459, 50.919],
          [8.458, 50.919],
          [8.456, 50.916]
        ]
      }
    },
    {
      "type": "Feature",
      "id": "way/1075115535",
      "properties": {
        "admin_level": "5",
        "boundary": "administrative",
        "source": "HVBG Verwaltungsgrenzen shapefile",
        "id": "way/1075115535"
      },
      "geometry": {
        "type": "LineString",
        "coordinates": [
          [8.535, 50.953],
          [8.536, 50.954],
          [8.539, 50.954],
          [8.540, 50.954],
          [8.541, 50.954],
          [8.543, 50.954],
          [8.544, 50.955],
          [8.545, 50.955],
          [8.546, 50.955],
          [8.548, 50.956]
        ]
      }
    },
    {
      "type": "Feature",
      "id": "way/1075268675",
      "properties": {
        "admin_level": "4",
        "boundary": "administrative",
        "source": "Hessische Verwaltung für Bodenmanagement und Geoinformation - Digitale Verwaltungsgrenzen",
        "id": "way/1075268675"
      },
      "geometry": {
        "type": "LineString",
        "coordinates": [
          [9.806, 50.422],
          [9.805, 50.422],
          [9.804, 50.423],
          [9.803, 50.423],
          [9.802, 50.424],
          [9.802, 50.423],
          [9.800, 50.424],
          [9.799, 50.424],
          [9.798, 50.424],
          [9.795, 50.425],
          [9.794, 50.425],
          [9.793, 50.424],
          [9.791, 50.424],
          [9.790, 50.424],
          [9.789, 50.425],
          [9.788, 50.424],
          [9.787, 50.423],
          [9.786, 50.423],
          [9.786, 50.422],
          [9.785, 50.421],
          [9.784, 50.421],
          [9.784, 50.420],
          [9.783, 50.420],
          [9.783, 50.419],
          [9.782, 50.419],
          [9.781, 50.419],
          [9.780, 50.419],
          [9.780, 50.418],
          [9.779, 50.418],
          [9.778, 50.418],
          [9.778, 50.419],
          [9.777, 50.419],
          [9.777, 50.420],
          [9.776, 50.420],
          [9.774, 50.421],
          [9.774, 50.422]
        ]
      }
    },
    {
      "type": "Feature",
      "id": "way/1075371774",
      "properties": {
        "admin_level": "5",
        "boundary": "administrative",
        "source": "HVBG Verwaltungsgrenzen shapefile",
        "id": "way/1075371774"
      },
      "geometry": {
        "type": "LineString",
        "coordinates": [
          [9.623, 50.687],
          [9.624, 50.686],
          [9.625, 50.685],
          [9.626, 50.685],
          [9.626, 50.684],
          [9.627, 50.684],
          [9.628, 50.683],
          [9.629, 50.683],
          [9.630, 50.683],
          [9.632, 50.683],
          [9.633, 50.682],
          [9.634, 50.681],
          [9.635, 50.681],
          [9.635, 50.680],
          [9.637, 50.680],
          [9.638, 50.680],
          [9.639, 50.680],
          [9.640, 50.680],
          [9.641, 50.680],
          [9.644, 50.680],
          [9.646, 50.680],
          [9.648, 50.680],
          [9.650, 50.680]
        ]
      }
    },
    {
      "type": "Feature",
      "id": "way/1075665259",
      "properties": {
        "admin_level": "5",
        "boundary": "administrative",
        "source": "Hessische Verwaltung für Bodenmanagement und Geoinformation - Digitale Verwaltungsgrenzen",
        "id": "way/1075665259"
      },
      "geometry": {
        "type": "LineString",
        "coordinates": [
          [9.543, 50.638],
          [9.542, 50.639],
          [9.541, 50.639],
          [9.540, 50.640],
          [9.539, 50.640],
          [9.538, 50.640],
          [9.537, 50.640]
        ]
      }
    },
    {
      "type": "Feature",
      "id": "way/1075665260",
      "properties": {
        "admin_level": "5",
        "boundary": "administrative",
        "source": "Hessische Verwaltung für Bodenmanagement und Geoinformation - Digitale Verwaltungsgrenzen",
        "id": "way/1075665260"
      },
      "geometry": {
        "type": "LineString",
        "coordinates": [
          [9.550, 50.630],
          [9.549, 50.630],
          [9.548, 50.630],
          [9.548, 50.631],
          [9.547, 50.631],
          [9.546, 50.631],
          [9.545, 50.631],
          [9.545, 50.632],
          [9.544, 50.632],
          [9.544, 50.633],
          [9.544, 50.634],
          [9.544, 50.635],
          [9.544, 50.636],
          [9.544, 50.637],
          [9.544, 50.638],
          [9.543, 50.638]
        ]
      }
    },
    {
      "type": "Feature",
      "id": "way/1075665261",
      "properties": {
        "admin_level": "5",
        "boundary": "administrative",
        "source": "Hessische Verwaltung für Bodenmanagement und Geoinformation - Digitale Verwaltungsgrenzen",
        "id": "way/1075665261"
      },
      "geometry": {
        "type": "LineString",
        "coordinates": [
          [9.628, 50.636],
          [9.628, 50.635],
          [9.631, 50.634],
          [9.633, 50.633]
        ]
      }
    },
    {
      "type": "Feature",
      "id": "way/1075665262",
      "properties": {
        "admin_level": "5",
        "boundary": "administrative",
        "source": "Hessische Verwaltung für Bodenmanagement und Geoinformation - Digitale Verwaltungsgrenzen",
        "id": "way/1075665262"
      },
      "geometry": {
        "type": "LineString",
        "coordinates": [
          [9.633, 50.633],
          [9.635, 50.632],
          [9.637, 50.631],
          [9.639, 50.629],
          [9.641, 50.627]
        ]
      }
    },
    {
      "type": "Feature",
      "id": "way/1075665263",
      "properties": {
        "admin_level": "5",
        "boundary": "administrative",
        "source": "Hessische Verwaltung für Bodenmanagement und Geoinformation - Digitale Verwaltungsgrenzen",
        "id": "way/1075665263"
      },
      "geometry": {
        "type": "LineString",
        "coordinates": [
          [9.623, 50.640],
          [9.625, 50.639],
          [9.626, 50.638],
          [9.626, 50.637],
          [9.628, 50.636]
        ]
      }
    },
    {
      "type": "Feature",
      "id": "way/1075665264",
      "properties": {
        "admin_level": "5",
        "boundary": "administrative",
        "source": "ALKIS Hessen + Shapefiles",
        "id": "way/1075665264"
      },
      "geometry": {
        "type": "LineString",
        "coordinates": [
          [9.617, 50.700],
          [9.618, 50.700],
          [9.618, 50.699],
          [9.618, 50.698],
          [9.619, 50.697],
          [9.620, 50.697],
          [9.621, 50.696],
          [9.621, 50.695],
          [9.621, 50.694],
          [9.621, 50.693],
          [9.622, 50.692],
          [9.622, 50.691],
          [9.622, 50.690],
          [9.622, 50.689],
          [9.622, 50.688],
          [9.623, 50.687]
        ]
      }
    },
    {
      "type": "Feature",
      "id": "way/1075665265",
      "properties": {
        "admin_level": "5",
        "boundary": "administrative",
        "source": "Hessische Verwaltung für Bodenmanagement und Geoinformation - Digitale Verwaltungsgrenzen",
        "id": "way/1075665265"
      },
      "geometry": {
        "type": "LineString",
        "coordinates": [
          [9.607, 50.724],
          [9.607, 50.723],
          [9.607, 50.722],
          [9.607, 50.721],
          [9.607, 50.720],
          [9.608, 50.718],
          [9.608, 50.717],
          [9.609, 50.717],
          [9.609, 50.716]
        ]
      }
    },
    {
      "type": "Feature",
      "id": "way/1075665266",
      "properties": {
        "admin_level": "5",
        "boundary": "administrative",
        "source": "Hessische Verwaltung für Bodenmanagement und Geoinformation - Digitale Verwaltungsgrenzen",
        "id": "way/1075665266"
      },
      "geometry": {
        "type": "LineString",
        "coordinates": [
          [9.607, 50.728],
          [9.606, 50.727],
          [9.607, 50.726],
          [9.607, 50.724]
        ]
      }
    },
    {
      "type": "Feature",
      "id": "way/1075665267",
      "properties": {
        "admin_level": "5",
        "boundary": "administrative",
        "source": "Hessische Verwaltung für Bodenmanagement und Geoinformation - Digitale Verwaltungsgrenzen",
        "id": "way/1075665267"
      },
      "geometry": {
        "type": "LineString",
        "coordinates": [
          [9.611, 50.735],
          [9.610, 50.734],
          [9.610, 50.733],
          [9.609, 50.733],
          [9.609, 50.732],
          [9.609, 50.731],
          [9.608, 50.731],
          [9.608, 50.730],
          [9.607, 50.728]
        ]
      }
    },
    {
      "type": "Feature",
      "id": "way/1075665268",
      "properties": {
        "admin_level": "5",
        "boundary": "administrative",
        "source": "Hessische Verwaltung für Bodenmanagement und Geoinformation - Digitale Verwaltungsgrenzen",
        "id": "way/1075665268"
      },
      "geometry": {
        "type": "LineString",
        "coordinates": [
          [9.534, 50.746],
          [9.534, 50.747],
          [9.535, 50.747],
          [9.536, 50.748],
          [9.536, 50.749],
          [9.536, 50.750],
          [9.537, 50.751],
          [9.538, 50.752]
        ]
      }
    },
    {
      "type": "Feature",
      "id": "way/1075665269",
      "properties": {
        "admin_level": "5",
        "boundary": "administrative",
        "source": "Hessische Verwaltung für Bodenmanagement und Geoinformation - Digitale Verwaltungsgrenzen",
        "id": "way/1075665269"
      },
      "geometry": {
        "type": "LineString",
        "coordinates": [
          [9.538, 50.752],
          [9.539, 50.753],
          [9.542, 50.754],
          [9.543, 50.755],
          [9.543, 50.756],
          [9.544, 50.756],
          [9.546, 50.757],
          [9.548, 50.757],
          [9.549, 50.757],
          [9.550, 50.758],
          [9.552, 50.758],
          [9.553, 50.758],
          [9.554, 50.759],
          [9.555, 50.759],
          [9.556, 50.760],
          [9.557, 50.761],
          [9.558, 50.762],
          [9.559, 50.762],
          [9.559, 50.763]
        ]
      }
    },
    {
      "type": "Feature",
      "id": "way/1076606960",
      "properties": {
        "admin_level": "4",
        "boundary": "administrative",
        "source": "Hessische Verwaltung für Bodenmanagement und Geoinformation - Digitale Verwaltungsgrenzen",
        "id": "way/1076606960"
      },
      "geometry": {
        "type": "LineString",
        "coordinates": [
          [9.020, 49.981],
          [9.019, 49.980],
          [9.019, 49.979],
          [9.019, 49.978],
          [9.018, 49.978],
          [9.018, 49.977],
          [9.019, 49.976],
          [9.019, 49.975],
          [9.018, 49.974]
        ]
      }
    },
    {
      "type": "Feature",
      "id": "way/1076606961",
      "properties": {
        "admin_level": "4",
        "boundary": "administrative",
        "source": "Hessische Verwaltung für Bodenmanagement und Geoinformation - Digitale Verwaltungsgrenzen",
        "id": "way/1076606961"
      },
      "geometry": {
        "type": "LineString",
        "coordinates": [
          [9.018, 49.974],
          [9.019, 49.974],
          [9.020, 49.974],
          [9.020, 49.973],
          [9.020, 49.972],
          [9.021, 49.971],
          [9.021, 49.970]
        ]
      }
    },
    {
      "type": "Feature",
      "id": "way/1079767610",
      "properties": {
        "admin_level": "4",
        "boundary": "administrative",
        "source": "Hessische Verwaltung für Bodenmanagement und Geoinformation - Digitale Verwaltungsgrenzen",
        "id": "way/1079767610"
      },
      "geometry": {
        "type": "LineString",
        "coordinates": [
          [9.085, 49.544],
          [9.085, 49.543],
          [9.084, 49.543],
          [9.083, 49.543]
        ]
      }
    },
    {
      "type": "Feature",
      "id": "way/1092813491",
      "properties": {
        "admin_level": "4",
        "boundary": "administrative",
        "source": "ALKIS Hessen + Shapefiles",
        "id": "way/1092813491"
      },
      "geometry": {
        "type": "LineString",
        "coordinates": [
          [9.078, 49.834],
          [9.079, 49.834],
          [9.080, 49.834],
          [9.083, 49.832],
          [9.083, 49.831],
          [9.083, 49.830],
          [9.082, 49.829],
          [9.085, 49.829],
          [9.086, 49.827],
          [9.086, 49.826],
          [9.084, 49.825],
          [9.081, 49.824],
          [9.081, 49.823],
          [9.079, 49.821],
          [9.078, 49.820],
          [9.077, 49.819],
          [9.077, 49.818],
          [9.077, 49.817],
          [9.077, 49.816],
          [9.078, 49.815],
          [9.079, 49.814],
          [9.080, 49.813],
          [9.081, 49.813],
          [9.081, 49.812],
          [9.081, 49.811],
          [9.082, 49.811]
        ]
      }
    },
    {
      "type": "Feature",
      "id": "way/1092813492",
      "properties": {
        "admin_level": "4",
        "boundary": "administrative",
        "source": "ALKIS Hessen + Shapefiles",
        "id": "way/1092813492"
      },
      "geometry": {
        "type": "LineString",
        "coordinates": [
          [9.036, 49.846],
          [9.036, 49.845],
          [9.037, 49.844],
          [9.037, 49.842]
        ]
      }
    },
    {
      "type": "Feature",
      "id": "way/1093321286",
      "properties": {
        "admin_level": "4",
        "boundary": "administrative",
        "source": "ALKIS Hessen + Shapefiles",
        "id": "way/1093321286"
      },
      "geometry": {
        "type": "LineString",
        "coordinates": [
          [9.101, 49.793],
          [9.103, 49.794],
          [9.106, 49.796],
          [9.107, 49.797],
          [9.108, 49.797]
        ]
      }
    },
    {
      "type": "Feature",
      "id": "way/1098476470",
      "properties": {
        "admin_level": "4",
        "boundary": "administrative",
        "source": "Hessische Verwaltung für Bodenmanagement und Geoinformation - Digitale Verwaltungsgrenzen",
        "id": "way/1098476470"
      },
      "geometry": {
        "type": "LineString",
        "coordinates": [
          [9.023, 49.910],
          [9.024, 49.909],
          [9.025, 49.909],
          [9.026, 49.909],
          [9.027, 49.909],
          [9.028, 49.909],
          [9.029, 49.909],
          [9.029, 49.908],
          [9.030, 49.909],
          [9.031, 49.909],
          [9.032, 49.909],
          [9.032, 49.908]
        ]
      }
    },
    {
      "type": "Feature",
      "id": "way/1103766772",
      "properties": {
        "admin_level": "4",
        "boundary": "administrative",
        "source": "Hessische Verwaltung für Bodenmanagement und Geoinformation - Digitale Verwaltungsgrenzen (Shapefile)",
        "id": "way/1103766772"
      },
      "geometry": {
        "type": "LineString",
        "coordinates": [
          [7.873, 49.974],
          [7.870, 49.975]
        ]
      }
    },
    {
      "type": "Feature",
      "id": "way/1103790428",
      "properties": {
        "admin_level": "4",
        "boundary": "administrative",
        "source": "Hessische Verwaltung für Bodenmanagement und Geoinformation - Digitale Verwaltungsgrenzen (Shapefile)",
        "id": "way/1103790428"
      },
      "geometry": {
        "type": "LineString",
        "coordinates": [
          [7.927, 50.119],
          [7.926, 50.119],
          [7.926, 50.120],
          [7.925, 50.120],
          [7.924, 50.120],
          [7.924, 50.121],
          [7.923, 50.121],
          [7.924, 50.122],
          [7.924, 50.123],
          [7.925, 50.123],
          [7.925, 50.124],
          [7.924, 50.124],
          [7.923, 50.125],
          [7.922, 50.125],
          [7.923, 50.125],
          [7.923, 50.126],
          [7.922, 50.126],
          [7.922, 50.127],
          [7.922, 50.128],
          [7.922, 50.129],
          [7.922, 50.130],
          [7.922, 50.131],
          [7.922, 50.132],
          [7.922, 50.131],
          [7.922, 50.132],
          [7.922, 50.133],
          [7.922, 50.134],
          [7.922, 50.135],
          [7.923, 50.135],
          [7.924, 50.135],
          [7.924, 50.136],
          [7.925, 50.136],
          [7.925, 50.137],
          [7.925, 50.139],
          [7.926, 50.139],
          [7.926, 50.140],
          [7.927, 50.140],
          [7.929, 50.142],
          [7.931, 50.142],
          [7.932, 50.142],
          [7.932, 50.143]
        ]
      }
    },
    {
      "type": "Feature",
      "id": "way/1104080685",
      "properties": {
        "admin_level": "4",
        "boundary": "administrative",
        "source": "Hessische Verwaltung für Bodenmanagement und Geoinformation - Digitale Verwaltungsgrenzen (Shapefile)",
        "id": "way/1104080685"
      },
      "geometry": {
        "type": "LineString",
        "coordinates": [
          [8.024, 50.400],
          [8.023, 50.400],
          [8.019, 50.401],
          [8.019, 50.400],
          [8.018, 50.400],
          [8.017, 50.400],
          [8.015, 50.400],
          [8.014, 50.400]
        ]
      }
    },
    {
      "type": "Feature",
      "id": "way/1109220416",
      "properties": {
        "admin_level": "4",
        "boundary": "administrative",
        "source": "Hessische Verwaltung für Bodenmanagement und Geoinformation - Digitale Verwaltungsgrenzen",
        "id": "way/1109220416"
      },
      "geometry": {
        "type": "LineString",
        "coordinates": [
          [9.992, 50.452],
          [9.993, 50.451],
          [9.992, 50.451],
          [9.992, 50.450],
          [9.991, 50.450],
          [9.992, 50.450],
          [9.991, 50.449],
          [9.990, 50.448],
          [9.990, 50.447],
          [9.989, 50.446],
          [9.988, 50.446],
          [9.988, 50.445]
        ]
      }
    },
    {
      "type": "Feature",
      "id": "way/1110338052",
      "properties": {
        "admin_level": "4",
        "boundary": "administrative",
        "source": "Hessische Verwaltung für Bodenmanagement und Geoinformation - Digitale Verwaltungsgrenzen",
        "id": "way/1110338052"
      },
      "geometry": {
        "type": "LineString",
        "coordinates": [
          [10.061, 50.556],
          [10.060, 50.556],
          [10.059, 50.555],
          [10.057, 50.555],
          [10.056, 50.554]
        ]
      }
    },
    {
      "type": "Feature",
      "id": "way/1111126631",
      "properties": {
        "admin_level": "4",
        "boundary": "administrative",
        "source": "Hessische Verwaltung für Bodenmanagement und Geoinformation - Digitale Verwaltungsgrenzen",
        "id": "way/1111126631"
      },
      "geometry": {
        "type": "LineString",
        "coordinates": [
          [9.920, 50.715],
          [9.916, 50.712],
          [9.915, 50.711],
          [9.911, 50.708],
          [9.910, 50.707],
          [9.908, 50.705],
          [9.907, 50.703]
        ]
      }
    },
    {
      "type": "Feature",
      "id": "way/1122459049",
      "properties": {
        "admin_level": "4",
        "boundary": "administrative",
        "source": "Hessische Verwaltung für Bodenmanagement und Geoinformation - Digitale Verwaltungsgrenzen",
        "id": "way/1122459049"
      },
      "geometry": {
        "type": "LineString",
        "coordinates": [
          [9.002, 50.097],
          [9.002, 50.096],
          [8.999, 50.094],
          [8.998, 50.093]
        ]
      }
    },
    {
      "type": "Feature",
      "id": "way/1144650967",
      "properties": {
        "admin_level": "5",
        "boundary": "administrative",
        "source": "Hessische Verwaltung für Bodenmanagement und Geoinformation - Digitale Verwaltungsgrenzen",
        "id": "way/1144650967"
      },
      "geometry": {
        "type": "LineString",
        "coordinates": [
          [9.539, 50.389],
          [9.540, 50.389],
          [9.540, 50.388],
          [9.541, 50.387],
          [9.542, 50.387],
          [9.543, 50.387],
          [9.544, 50.387],
          [9.545, 50.386],
          [9.546, 50.386],
          [9.547, 50.386],
          [9.547, 50.385],
          [9.548, 50.385],
          [9.548, 50.384],
          [9.549, 50.384],
          [9.550, 50.383],
          [9.551, 50.383],
          [9.551, 50.382],
          [9.552, 50.382],
          [9.553, 50.382]
        ]
      }
    },
    {
      "type": "Feature",
      "id": "way/1161137229",
      "properties": {
        "admin_level": "4",
        "boundary": "administrative",
        "source": "Hessische Verwaltung für Bodenmanagement und Geoinformation - Digitale Verwaltungsgrenzen (Shapefile)",
        "id": "way/1161137229"
      },
      "geometry": {
        "type": "LineString",
        "coordinates": [
          [8.173, 50.817],
          [8.176, 50.818],
          [8.178, 50.819],
          [8.179, 50.819],
          [8.180, 50.820],
          [8.180, 50.822],
          [8.180, 50.823],
          [8.182, 50.824],
          [8.182, 50.825],
          [8.184, 50.826],
          [8.185, 50.827],
          [8.187, 50.828],
          [8.188, 50.829],
          [8.189, 50.829],
          [8.193, 50.830],
          [8.195, 50.832],
          [8.198, 50.834]
        ]
      }
    },
    {
      "type": "Feature",
      "id": "way/1172296656",
      "properties": {
        "admin_level": "4",
        "boundary": "administrative",
        "source": "Hessische Verwaltung für Bodenmanagement und Geoinformation - Digitale Verwaltungsgrenzen (Shapefile)",
        "id": "way/1172296656"
      },
      "geometry": {
        "type": "LineString",
        "coordinates": [
          [7.929, 50.103],
          [7.929, 50.104],
          [7.928, 50.104],
          [7.927, 50.104]
        ]
      }
    },
    {
      "type": "Feature",
      "id": "way/1179662578",
      "properties": {
        "admin_level": "5",
        "boundary": "administrative",
        "source": "HVBG Verwaltungsgrenzen shapefile;Grenzen Vereinfachung 0,1m",
        "id": "way/1179662578"
      },
      "geometry": {
        "type": "LineString",
        "coordinates": [
          [8.896, 50.426],
          [8.896, 50.427],
          [8.899, 50.427],
          [8.900, 50.427],
          [8.900, 50.426]
        ]
      }
    },
    {
      "type": "Feature",
      "id": "way/1205309825",
      "properties": {
        "admin_level": "4",
        "boundary": "administrative",
        "source": "Hessische Verwaltung für Bodenmanagement und Geoinformation - Digitale Verwaltungsgrenzen",
        "id": "way/1205309825"
      },
      "geometry": {
        "type": "LineString",
        "coordinates": [
          [9.032, 49.908],
          [9.031, 49.908],
          [9.031, 49.907],
          [9.030, 49.906],
          [9.029, 49.905],
          [9.030, 49.905],
          [9.031, 49.905],
          [9.032, 49.904],
          [9.031, 49.903],
          [9.032, 49.901],
          [9.031, 49.901],
          [9.032, 49.900],
          [9.033, 49.900],
          [9.033, 49.899],
          [9.035, 49.899],
          [9.035, 49.898],
          [9.035, 49.897],
          [9.036, 49.896],
          [9.037, 49.895],
          [9.036, 49.895],
          [9.036, 49.894],
          [9.037, 49.892]
        ]
      }
    },
    {
      "type": "Feature",
      "id": "way/1227022096",
      "properties": {
        "admin_level": "4",
        "boundary": "administrative",
        "id": "way/1227022096"
      },
      "geometry": {
        "type": "LineString",
        "coordinates": [
          [7.966, 50.221],
          [7.965, 50.221],
          [7.964, 50.221],
          [7.964, 50.220],
          [7.963, 50.220],
          [7.962, 50.220],
          [7.961, 50.220],
          [7.960, 50.220],
          [7.959, 50.220],
          [7.959, 50.219],
          [7.958, 50.219],
          [7.957, 50.219],
          [7.956, 50.220],
          [7.955, 50.220],
          [7.954, 50.220],
          [7.953, 50.220],
          [7.952, 50.220]
        ]
      }
    },
    {
      "type": "Feature",
      "id": "way/1227022097",
      "properties": {
        "admin_level": "4",
        "boundary": "administrative",
        "source": "Hessische Verwaltung für Bodenmanagement und Geoinformation - Digitale Verwaltungsgrenzen (Shapefile)",
        "id": "way/1227022097"
      },
      "geometry": {
        "type": "LineString",
        "coordinates": [
          [7.928, 50.207],
          [7.930, 50.208],
          [7.932, 50.208]
        ]
      }
    },
    {
      "type": "Feature",
      "id": "way/1231426844",
      "properties": {
        "admin_level": "5",
        "boundary": "administrative",
        "source": "ALKIS Hessen + Shapefiles",
        "id": "way/1231426844"
      },
      "geometry": {
        "type": "LineString",
        "coordinates": [
          [8.974, 50.930],
          [8.975, 50.931],
          [8.976, 50.930],
          [8.977, 50.930],
          [8.977, 50.929],
          [8.978, 50.929],
          [8.979, 50.930],
          [8.980, 50.929],
          [8.981, 50.929],
          [8.982, 50.929],
          [8.983, 50.929],
          [8.984, 50.928],
          [8.985, 50.928],
          [8.986, 50.928],
          [8.987, 50.928],
          [8.988, 50.928],
          [8.989, 50.928],
          [8.989, 50.929],
          [8.990, 50.929],
          [8.991, 50.929],
          [8.992, 50.929],
          [8.993, 50.929],
          [8.994, 50.929],
          [8.995, 50.929],
          [8.996, 50.929],
          [8.997, 50.929],
          [8.996, 50.930],
          [8.997, 50.930],
          [8.998, 50.930],
          [8.999, 50.929],
          [8.999, 50.928],
          [9.000, 50.927],
          [9.001, 50.926],
          [9.002, 50.925],
          [9.003, 50.925],
          [9.004, 50.925],
          [9.005, 50.925],
          [9.006, 50.925],
          [9.007, 50.925],
          [9.008, 50.925],
          [9.008, 50.926],
          [9.010, 50.925]
        ]
      }
    },
    {
      "type": "Feature",
      "id": "way/1231446225",
      "properties": {
        "admin_level": "5",
        "boundary": "administrative",
        "source": "ALKIS Hessen + Shapefiles",
        "id": "way/1231446225"
      },
      "geometry": {
        "type": "LineString",
        "coordinates": [
          [9.093, 50.920],
          [9.094, 50.919],
          [9.095, 50.919],
          [9.097, 50.918],
          [9.098, 50.918],
          [9.098, 50.917],
          [9.099, 50.917],
          [9.100, 50.917],
          [9.102, 50.917],
          [9.103, 50.917],
          [9.104, 50.918],
          [9.105, 50.918],
          [9.106, 50.918],
          [9.107, 50.919],
          [9.109, 50.919],
          [9.109, 50.918]
        ]
      }
    },
    {
      "type": "Feature",
      "id": "way/1231446226",
      "properties": {
        "admin_level": "5",
        "boundary": "administrative",
        "source": "ALKIS Hessen + Shapefiles",
        "id": "way/1231446226"
      },
      "geometry": {
        "type": "LineString",
        "coordinates": [
          [9.057, 50.919],
          [9.058, 50.919],
          [9.059, 50.918],
          [9.060, 50.918],
          [9.060, 50.917],
          [9.061, 50.916],
          [9.062, 50.916],
          [9.064, 50.916],
          [9.065, 50.915],
          [9.066, 50.915],
          [9.066, 50.914],
          [9.067, 50.914],
          [9.068, 50.914],
          [9.069, 50.913]
        ]
      }
    },
    {
      "type": "Feature",
      "id": "way/1231446227",
      "properties": {
        "admin_level": "5",
        "boundary": "administrative",
        "source": "ALKIS Hessen + Shapefiles",
        "id": "way/1231446227"
      },
      "geometry": {
        "type": "LineString",
        "coordinates": [
          [9.036, 50.917],
          [9.037, 50.917],
          [9.038, 50.916],
          [9.039, 50.916],
          [9.040, 50.916],
          [9.041, 50.916],
          [9.041, 50.917],
          [9.042, 50.917],
          [9.041, 50.917],
          [9.041, 50.918],
          [9.042, 50.918],
          [9.042, 50.919],
          [9.043, 50.919],
          [9.043, 50.920],
          [9.043, 50.921],
          [9.043, 50.922],
          [9.044, 50.922],
          [9.044, 50.921],
          [9.045, 50.921],
          [9.045, 50.920],
          [9.046, 50.920],
          [9.047, 50.920],
          [9.048, 50.920],
          [9.049, 50.920],
          [9.049, 50.919],
          [9.050, 50.919],
          [9.051, 50.918],
          [9.052, 50.918],
          [9.053, 50.917],
          [9.054, 50.917],
          [9.055, 50.918],
          [9.056, 50.918],
          [9.056, 50.919],
          [9.057, 50.919]
        ]
      }
    },
    {
      "type": "Feature",
      "id": "way/1231446228",
      "properties": {
        "admin_level": "5",
        "boundary": "administrative",
        "source": "ALKIS Hessen + Shapefiles",
        "id": "way/1231446228"
      },
      "geometry": {
        "type": "LineString",
        "coordinates": [
          [9.027, 50.902],
          [9.028, 50.902],
          [9.028, 50.903],
          [9.029, 50.903],
          [9.029, 50.904],
          [9.030, 50.904],
          [9.031, 50.905],
          [9.032, 50.905],
          [9.033, 50.906],
          [9.034, 50.906],
          [9.035, 50.906],
          [9.036, 50.906],
          [9.037, 50.906],
          [9.038, 50.906],
          [9.038, 50.907],
          [9.039, 50.907],
          [9.038, 50.907],
          [9.039, 50.907],
          [9.039, 50.908],
          [9.039, 50.909],
          [9.039, 50.910],
          [9.038, 50.910],
          [9.038, 50.911],
          [9.038, 50.912],
          [9.037, 50.912],
          [9.037, 50.913],
          [9.036, 50.913],
          [9.036, 50.914],
          [9.035, 50.914],
          [9.034, 50.914],
          [9.033, 50.914],
          [9.032, 50.914],
          [9.031, 50.914],
          [9.032, 50.914],
          [9.032, 50.915],
          [9.033, 50.915],
          [9.034, 50.915],
          [9.034, 50.916],
          [9.035, 50.917],
          [9.036, 50.917]
        ]
      }
    },
    {
      "type": "Feature",
      "id": "way/1236014100",
      "properties": {
        "admin_level": "4",
        "boundary": "administrative",
        "source": "Hessische Verwaltung für Bodenmanagement und Geoinformation - Digitale Verwaltungsgrenzen",
        "id": "way/1236014100"
      },
      "geometry": {
        "type": "LineString",
        "coordinates": [
          [8.343, 49.878],
          [8.342, 49.879],
          [8.341, 49.882],
          [8.341, 49.884],
          [8.340, 49.886],
          [8.341, 49.887],
          [8.341, 49.891],
          [8.342, 49.893],
          [8.344, 49.895],
          [8.345, 49.898],
          [8.348, 49.900],
          [8.349, 49.902]
        ]
      }
    },
    {
      "type": "Feature",
      "id": "way/1236014101",
      "properties": {
        "admin_level": "4",
        "boundary": "administrative",
        "source": "Hessische Verwaltung für Bodenmanagement und Geoinformation - Digitale Verwaltungsgrenzen",
        "id": "way/1236014101"
      },
      "geometry": {
        "type": "LineString",
        "coordinates": [
          [8.349, 49.902],
          [8.351, 49.904]
        ]
      }
    },
    {
      "type": "Feature",
      "id": "way/1331194945",
      "properties": {
        "admin_level": "4",
        "boundary": "administrative",
        "source": "Hessische Verwaltung für Bodenmanagement und Geoinformation - Digitale Verwaltungsgrenzen",
        "id": "way/1331194945"
      },
      "geometry": {
        "type": "LineString",
        "coordinates": [
          [8.897, 49.496],
          [8.897, 49.497],
          [8.898, 49.498],
          [8.898, 49.499],
          [8.898, 49.500],
          [8.898, 49.501],
          [8.899, 49.501],
          [8.899, 49.502],
          [8.900, 49.502],
          [8.899, 49.502],
          [8.899, 49.503],
          [8.900, 49.503],
          [8.899, 49.503]
        ]
      }
    },
    {
      "type": "Feature",
      "id": "way/1364228076",
      "properties": {
        "admin_level": "4",
        "boundary": "administrative",
        "source": "Hessische Verwaltung für Bodenmanagement und Geoinformation - Digitale Verwaltungsgrenzen (Shapefile)",
        "id": "way/1364228076"
      },
      "geometry": {
        "type": "LineString",
        "coordinates": [
          [7.972, 50.406],
          [7.971, 50.406],
          [7.970, 50.406],
          [7.970, 50.407],
          [7.969, 50.407],
          [7.969, 50.409],
          [7.967, 50.409],
          [7.964, 50.409],
          [7.964, 50.411],
          [7.964, 50.412],
          [7.965, 50.413]
        ]
      }
    },
    {
      "type": "Feature",
      "id": "way/1364228077",
      "properties": {
        "admin_level": "4",
        "boundary": "administrative",
        "source": "Hessische Verwaltung für Bodenmanagement und Geoinformation - Digitale Verwaltungsgrenzen (Shapefile)",
        "id": "way/1364228077"
      },
      "geometry": {
        "type": "LineString",
        "coordinates": [
          [7.989, 50.433],
          [7.989, 50.434],
          [7.988, 50.435],
          [7.986, 50.435],
          [7.985, 50.435],
          [7.983, 50.436],
          [7.981, 50.435],
          [7.979, 50.435],
          [7.979, 50.434],
          [7.978, 50.434],
          [7.977, 50.434],
          [7.976, 50.435],
          [7.975, 50.435]
        ]
      }
    },
    {
      "type": "Feature",
      "id": "way/1391069399",
      "properties": {
        "admin_level": "4",
        "boundary": "administrative",
        "source": "Hessische Verwaltung für Bodenmanagement und Geoinformation - Digitale Verwaltungsgrenzen",
        "id": "way/1391069399"
      },
      "geometry": {
        "type": "LineString",
        "coordinates": [
          [9.122, 49.524],
          [9.123, 49.523],
          [9.124, 49.522],
          [9.125, 49.522],
          [9.126, 49.521],
          [9.125, 49.521],
          [9.124, 49.520],
          [9.123, 49.520],
          [9.123, 49.519],
          [9.123, 49.518],
          [9.125, 49.517],
          [9.126, 49.516]
        ]
      }
    },
    {
      "type": "Feature",
      "id": "way/1391069400",
      "properties": {
        "admin_level": "4",
        "boundary": "administrative",
        "source": "Hessische Verwaltung für Bodenmanagement und Geoinformation - Digitale Verwaltungsgrenzen",
        "id": "way/1391069400"
      },
      "geometry": {
        "type": "LineString",
        "coordinates": [
          [9.126, 49.516],
          [9.124, 49.516],
          [9.123, 49.516],
          [9.122, 49.515],
          [9.121, 49.514],
          [9.121, 49.513],
          [9.120, 49.512],
          [9.119, 49.512],
          [9.118, 49.512],
          [9.117, 49.512],
          [9.116, 49.512],
          [9.115, 49.512],
          [9.114, 49.511],
          [9.113, 49.511],
          [9.112, 49.511],
          [9.111, 49.511],
          [9.110, 49.510],
          [9.108, 49.510],
          [9.106, 49.509],
          [9.105, 49.510],
          [9.105, 49.511],
          [9.105, 49.512],
          [9.105, 49.513],
          [9.105, 49.514],
          [9.106, 49.514],
          [9.106, 49.515],
          [9.106, 49.516],
          [9.105, 49.516],
          [9.105, 49.517],
          [9.104, 49.517],
          [9.103, 49.518],
          [9.102, 49.519],
          [9.101, 49.519],
          [9.101, 49.520],
          [9.100, 49.522],
          [9.100, 49.523],
          [9.100, 49.524],
          [9.100, 49.525],
          [9.099, 49.526],
          [9.098, 49.526],
          [9.097, 49.526],
          [9.096, 49.526],
          [9.093, 49.525],
          [9.092, 49.525],
          [9.091, 49.525],
          [9.089, 49.525],
          [9.088, 49.525],
          [9.087, 49.525],
          [9.086, 49.526],
          [9.085, 49.526],
          [9.084, 49.526],
          [9.083, 49.526]
        ]
      }
    }
  ]
}