{
    "type": "FeatureCollection",
    "features": [
        {
            "type": "Feature",
            "id": "way/29411610",
            "properties": {
                "admin_level": "4",
                "boundary": "administrative",
                "source": "http://wiki.openstreetmap.org/wiki/Import/Catalogue/Kreisgrenzen_Deutschland_2005",
                "id": "way/29411610"
            },
            "geometry": {
                "type": "LineString",
                "coordinates": [
                    [8.1751588, 50.0340884],
                    [8.1765311, 50.0343718],
                    [8.1778543, 50.0345539],
                    [8.1786522, 50.0346851],
                    [8.1812762, 50.0351678],
                    [8.1820368, 50.0352753],
                    [8.182854, 50.0353344],
                    [8.1842072, 50.0354179],
                    [8.1857816, 50.0355153],
                    [8.1901118, 50.0352817]
                ]
            }
        },
        {
            "type": "Feature",
            "id": "way/29411656",
            "properties": {
                "admin_level": "4",
                "boundary": "administrative",
                "source": "http://wiki.openstreetmap.org/wiki/Import/Catalogue/Kreisgrenzen_Deutschland_2005",
                "id": "way/29411656"
            },
            "geometry": {
                "type": "LineString",
                "coordinates": [
                    [8.2864041, 49.9965353],
                    [8.2877463, 49.9953765],
                    [8.2894441, 49.9941098],
                    [8.2907728, 49.9932374]
                ]
            }
        },
        {
            "type": "Feature",
            "id": "way/29411676",
            "properties": {
                "admin_level": "4",
                "boundary": "administrative",
                "source": "Hessische Verwaltung für Bodenmanagement und Geoinformation - Digitale Verwaltungsgrenzen",
                "id": "way/29411676"
            },
            "geometry": {
                "type": "LineString",
                "coordinates": [
                    [9.102729, 49.5774873],
                    [9.1026052, 49.5770121],
                    [9.1024359, 49.5764386],
                    [9.1012534, 49.5744182],
                    [9.1002727, 49.5723162],
                    [9.1001318, 49.5718963],
                    [9.0999943, 49.5711569],
                    [9.0999801, 49.5707093],
                    [9.1001055, 49.5697161],
                    [9.1000997, 49.5683353],
                    [9.1002493, 49.566282],
                    [9.1000729, 49.5652451],
                    [9.0996966, 49.5642504],
                    [9.099791, 49.5632465],
                    [9.0999531, 49.5622597],
                    [9.1004295, 49.5615413],
                    [9.1004902, 49.561356]
                ]
            }
        },
        {
            "type": "Feature",
            "id": "way/29411723",
            "properties": {
                "admin_level": "4",
                "boundary": "administrative",
                "source": "Hessische Verwaltung für Bodenmanagement und Geoinformation - Digitale Verwaltungsgrenzen",
                "id": "way/29411723"
            },
            "geometry": {
                "type": "LineString",
                "coordinates": [
                    [9.9253146, 50.7673383],
                    [9.9260962, 50.7671305],
                    [9.9256948, 50.7665544],
                    [9.9252879, 50.7661219],
                    [9.9246915, 50.7656642],
                    [9.9242323, 50.7653523],
                    [9.9237426, 50.7649897],
                    [9.9233988, 50.7647276],
                    [9.9232663, 50.7644818],
                    [9.9228609, 50.7639002],
                    [9.9226151, 50.7634936],
                    [9.9224776, 50.7631241],
                    [9.9222331, 50.7628031],
                    [9.9217743, 50.7619409],
                    [9.9219335, 50.7615925],
                    [9.9218903, 50.7613835],
                    [9.9217583, 50.7612045],
                    [9.9212386, 50.761024],
                    [9.9210924, 50.760884],
                    [9.9206796, 50.7602556],
                    [9.9204235, 50.7598847],
                    [9.9200396, 50.7593707],
                    [9.9200514, 50.7592558],
                    [9.920646, 50.7586804],
                    [9.9211014, 50.7582624],
                    [9.9216029, 50.7577778],
                    [9.9218241, 50.7576349],
                    [9.9220557, 50.757512],
                    [9.9222962, 50.7574177],
                    [9.9230966, 50.7572801],
                    [9.9232456, 50.7572246],
                    [9.9236332, 50.7571489],
                    [9.9240713, 50.7570395],
                    [9.9245766, 50.7569993],
                    [9.9250602, 50.7568385],
                    [9.9252375, 50.7566763],
                    [9.9255807, 50.7564682],
                    [9.925913, 50.7563791],
                    [9.9263555, 50.7562766],
                    [9.9267196, 50.7562378],
                    [9.9269828, 50.7563686],
                    [9.9275702, 50.7567971],
                    [9.927763, 50.7569377],
                    [9.9278091, 50.7569264],
                    [9.9280094, 50.7569537],
                    [9.928146, 50.7569359],
                    [9.928343, 50.7568166],
                    [9.9285821, 50.7568889],
                    [9.928793, 50.7570875],
                    [9.9290334, 50.7570902],
                    [9.9291271, 50.7572588],
                    [9.9294748, 50.7571094],
                    [9.930482, 50.7565687]
                ]
            }
        },
        {
            "type": "Feature",
            "id": "way/29411786",
            "properties": {
                "admin_level": "4",
                "boundary": "administrative",
                "source": "Hessische Verwaltung für Bodenmanagement und Geoinformation - Digitale Verwaltungsgrenzen",
                "id": "way/29411786"
            },
            "geometry": {
                "type": "LineString",
                "coordinates": [
                    [10.0781958, 50.6371627],
                    [10.0785254, 50.6368258],
                    [10.0791477, 50.6362751],
                    [10.0794665, 50.6357462],
                    [10.0791068, 50.6352511],
                    [10.0786789, 50.6345874],
                    [10.079741, 50.634279],
                    [10.0805493, 50.6340639],
                    [10.0815764, 50.6338311],
                    [10.0830766, 50.6336917],
                    [10.082903, 50.6332902],
                    [10.0827657, 50.6329428],
                    [10.0825684, 50.6324885],
                    [10.082169, 50.6314441],
                    [10.0820054, 50.6309875],
                    [10.0821034, 50.630419],
                    [10.0821966, 50.6298099],
                    [10.0821558, 50.6293435],
                    [10.0820493, 50.6285273],
                    [10.0820169, 50.6282183],
                    [10.0820077, 50.6278517],
                    [10.0819616, 50.627655],
                    [10.0819108, 50.6273399],
                    [10.081991, 50.6262661],
                    [10.0818617, 50.6249171],
                    [10.0819551, 50.6242001],
                    [10.0818321, 50.6233045],
                    [10.0817624, 50.6230555],
                    [10.0817109, 50.6228147],
                    [10.0817061, 50.6224258],
                    [10.0815916, 50.6220601],
                    [10.0815337, 50.6212701],
                    [10.0814676, 50.6206711],
                    [10.0813768, 50.6200717],
                    [10.0813777, 50.6199058]
                ]
            }
        },
        {
            "type": "Feature",
            "id": "way/29412016",
            "properties": {
                "admin_level": "4",
                "boundary": "administrative",
                "source": "Hessische Verwaltung für Bodenmanagement und Geoinformation - Digitale Verwaltungsgrenzen (Shapefile)",
                "id": "way/29412016"
            },
            "geometry": {
                "type": "LineString",
                "coordinates": [
                    [8.1217134, 50.2773533],
                    [8.1216927, 50.2774201],
                    [8.1216218, 50.2776669],
                    [8.1214986, 50.2780323],
                    [8.1212367, 50.2787641],
                    [8.1209989, 50.2794979],
                    [8.1207732, 50.2802336],
                    [8.1205765, 50.2809749],
                    [8.1204046, 50.2817134],
                    [8.1200904, 50.2832046],
                    [8.1227427, 50.286821],
                    [8.1230438, 50.2870809],
                    [8.1224029, 50.2876605],
                    [8.1210393, 50.2888061],
                    [8.1206773, 50.2892802],
                    [8.122875, 50.2905001],
                    [8.122166, 50.2911145],
                    [8.1209366, 50.2916891],
                    [8.1201402, 50.2924175],
                    [8.1196564, 50.294351],
                    [8.1196785, 50.2946758],
                    [8.1199637, 50.295149],
                    [8.1204228, 50.2958633],
                    [8.1192404, 50.2987839],
                    [8.1194176, 50.2999406],
                    [8.1182728, 50.2997903],
                    [8.1179162, 50.300901],
                    [8.1157928, 50.3003367],
                    [8.1154762, 50.3003533],
                    [8.1147215, 50.3001571],
                    [8.11449, 50.3000899],
                    [8.1144114, 50.3003109],
                    [8.1143883, 50.3007399],
                    [8.1144669, 50.3009867],
                    [8.114173, 50.3009948],
                    [8.113807, 50.301966],
                    [8.1136185, 50.3019348],
                    [8.1134149, 50.303277],
                    [8.1130185, 50.3035339],
                    [8.1110619, 50.3043216],
                    [8.1103061, 50.3047525],
                    [8.1100931, 50.3049295],
                    [8.1099881, 50.304983],
                    [8.1086631, 50.3056156],
                    [8.1070327, 50.3061879],
                    [8.1070163, 50.30617],
                    [8.1063101, 50.3064185],
                    [8.1043472, 50.3070218],
                    [8.1040453, 50.3076874],
                    [8.1038548, 50.3077899]
                ]
            }
        },
        {
            "type": "Feature",
            "id": "way/29412168",
            "properties": {
                "admin_level": "4",
                "boundary": "administrative",
                "source": "Hessische Verwaltung für Bodenmanagement und Geoinformation - Digitale Verwaltungsgrenzen",
                "id": "way/29412168"
            },
            "geometry": {
                "type": "LineString",
                "coordinates": [
                    [8.4483576, 49.7337143],
                    [8.4498227, 49.7355427],
                    [8.4537602, 49.7401262],
                    [8.4544126, 49.7408679],
                    [8.4551787, 49.741672],
                    [8.4558585, 49.7423173],
                    [8.4571427, 49.7434211],
                    [8.4583156, 49.744322],
                    [8.4593347, 49.745035],
                    [8.4634771, 49.7478477],
                    [8.4762274, 49.7563691],
                    [8.4771944, 49.7570258],
                    [8.4783862, 49.75808],
                    [8.4790374, 49.7589306],
                    [8.4794561, 49.7597416],
                    [8.4797895, 49.7612822],
                    [8.4795478, 49.762834],
                    [8.4790103, 49.7642901],
                    [8.4784631, 49.7651159],
                    [8.4777847, 49.7659002],
                    [8.4769559, 49.7666206],
                    [8.4759716, 49.7672543],
                    [8.4748536, 49.7677863],
                    [8.4736264, 49.768206],
                    [8.472795, 49.7684031]
                ]
            }
        },
        {
            "type": "Feature",
            "id": "way/29412217",
            "properties": {
                "admin_level": "4",
                "boundary": "administrative",
                "source": "Hessische Verwaltung für Bodenmanagement und Geoinformation - Digitale Verwaltungsgrenzen (Shapefile)",
                "id": "way/29412217"
            },
            "geometry": {
                "type": "LineString",
                "coordinates": [
                    [7.7734346, 50.067073],
                    [7.7767641, 50.0668193],
                    [7.776872, 50.0668174],
                    [7.7772854, 50.0667944],
                    [7.7772851, 50.0668098],
                    [7.7774658, 50.0667774],
                    [7.7779416, 50.0666173],
                    [7.7779848, 50.0666137],
                    [7.7780808, 50.0665928],
                    [7.7781613, 50.0665873],
                    [7.7785898, 50.0665897],
                    [7.7786881, 50.0666063],
                    [7.7789066, 50.0666113],
                    [7.7793188, 50.0665883],
                    [7.7795164, 50.06657],
                    [7.7796692, 50.0665757],
                    [7.7799248, 50.0665662],
                    [7.7803025, 50.0665354],
                    [7.780449, 50.0665145],
                    [7.78062, 50.066478],
                    [7.781216, 50.0664239],
                    [7.782027, 50.0664478],
                    [7.7823971, 50.0665222],
                    [7.7826768, 50.0666299],
                    [7.7829144, 50.0667054],
                    [7.7831944, 50.0668007],
                    [7.7832725, 50.0668471],
                    [7.7837142, 50.067023],
                    [7.784453, 50.0675668],
                    [7.784741, 50.067746],
                    [7.7848367, 50.0678479],
                    [7.785036, 50.067913],
                    [7.7850573, 50.0679356],
                    [7.7853145, 50.0680825],
                    [7.7854498, 50.0681857],
                    [7.7856931, 50.0682717],
                    [7.7858371, 50.0683391],
                    [7.7859522, 50.0684053],
                    [7.7861678, 50.068508],
                    [7.7864029, 50.0686346],
                    [7.7868861, 50.0688157],
                    [7.7869822, 50.0688635],
                    [7.7873527, 50.0691037],
                    [7.7875766, 50.0693095],
                    [7.7876365, 50.0693442],
                    [7.7876798, 50.0695308],
                    [7.787671, 50.0696588],
                    [7.7875839, 50.0699332],
                    [7.7873474, 50.0702954],
                    [7.7874717, 50.0703642],
                    [7.7877079, 50.070483],
                    [7.7871108, 50.0710286],
                    [7.7869693, 50.0709943],
                    [7.7865481, 50.0708741],
                    [7.7864728, 50.0708791],
                    [7.7865552, 50.0715036],
                    [7.7866222, 50.0716103],
                    [7.7867555, 50.0717142],
                    [7.7868958, 50.0717785],
                    [7.7868278, 50.0718496],
                    [7.7870004, 50.0719541],
                    [7.7874, 50.0722089],
                    [7.7883929, 50.0728887],
                    [7.7892859, 50.0732737],
                    [7.7901164, 50.0735746],
                    [7.790727, 50.0737542],
                    [7.7913686, 50.0739553],
                    [7.7916676, 50.0740535],
                    [7.7918203, 50.0741095],
                    [7.7923657, 50.0745061],
                    [7.7939455, 50.0752441],
                    [7.7945975, 50.0758432],
                    [7.7960823, 50.0767376],
                    [7.796322, 50.077005],
                    [7.7962766, 50.0770319]
                ]
            }
        },
        {
            "type": "Feature",
            "id": "way/29412894",
            "properties": {
                "admin_level": "4",
                "boundary": "administrative",
                "source": "Hessische Verwaltung für Bodenmanagement und Geoinformation - Digitale Verwaltungsgrenzen (Shapefile)",
                "id": "way/29412894"
            },
            "geometry": {
                "type": "LineString",
                "coordinates": [
                    [8.2844307, 50.8823689],
                    [8.285497, 50.882801],
                    [8.2860198, 50.882662],
                    [8.2868672, 50.8825628],
                    [8.2882312, 50.8827121],
                    [8.2896109, 50.8825797],
                    [8.2902599, 50.882488],
                    [8.2909685, 50.8822616],
                    [8.2920337, 50.8821275],
                    [8.2919101, 50.8818739],
                    [8.2920125, 50.8815034],
                    [8.2919446, 50.8811022],
                    [8.2917379, 50.8803877],
                    [8.2917635, 50.8797629],
                    [8.2916988, 50.8792623],
                    [8.2918507, 50.8787012],
                    [8.2917337, 50.8783686],
                    [8.2918219, 50.8777984],
                    [8.2918995, 50.8772337],
                    [8.2920184, 50.8767001],
                    [8.2924379, 50.8758994],
                    [8.2930263, 50.8750588],
                    [8.2936134, 50.874206],
                    [8.2948057, 50.8725084],
                    [8.2952977, 50.8721379],
                    [8.2957399, 50.871669],
                    [8.296245, 50.8711824],
                    [8.2968572, 50.8704352],
                    [8.2975647, 50.8699325],
                    [8.2983339, 50.8694623],
                    [8.2990838, 50.8690601],
                    [8.2993685, 50.8689474],
                    [8.2998667, 50.8684688],
                    [8.3005589, 50.8680223],
                    [8.3013072, 50.8664635],
                    [8.3022503, 50.8657558],
                    [8.3045879, 50.8647865],
                    [8.305251, 50.8643493],
                    [8.3049969, 50.8636017],
                    [8.3052081, 50.8623009],
                    [8.3054345, 50.8609976],
                    [8.3060474, 50.8609978]
                ]
            }
        },
        {
            "type": "Feature",
            "id": "way/29412904",
            "properties": {
                "admin_level": "4",
                "boundary": "administrative",
                "source": "Hessische Verwaltung für Bodenmanagement und Geoinformation - Digitale Verwaltungsgrenzen (Shapefile)",
                "id": "way/29412904"
            },
            "geometry": {
                "type": "LineString",
                "coordinates": [
                    [8.1488847, 50.6002187],
                    [8.1484006, 50.6009914],
                    [8.1480874, 50.6014912],
                    [8.1472543, 50.6020899],
                    [8.1447418, 50.6029712],
                    [8.1431062, 50.603448],
                    [8.1425444, 50.6035666],
                    [8.1376944, 50.6046494],
                    [8.1335274, 50.6057752],
                    [8.1301773, 50.6066517],
                    [8.128008, 50.6075231]
                ]
            }
        },
        {
            "type": "Feature",
            "id": "way/29413005",
            "properties": {
                "admin_level": "4",
                "boundary": "administrative",
                "source": "Hessische Verwaltung für Bodenmanagement und Geoinformation - Digitale Verwaltungsgrenzen (Shapefile)",
                "id": "way/29413005"
            },
            "geometry": {
                "type": "LineString",
                "coordinates": [
                    [8.4645012, 50.9691143],
                    [8.4650773, 50.9694318],
                    [8.4683978, 50.9694241],
                    [8.4700675, 50.9694244],
                    [8.4720959, 50.969662],
                    [8.4750057, 50.9697215],
                    [8.4761788, 50.9696204],
                    [8.4778415, 50.9692128]
                ]
            }
        },
        {
            "type": "Feature",
            "id": "way/29413492",
            "properties": {
                "admin_level": "4",
                "boundary": "administrative",
                "source": "Hessische Verwaltung für Bodenmanagement und Geoinformation - Digitale Verwaltungsgrenzen",
                "id": "way/29413492"
            },
            "geometry": {
                "type": "LineString",
                "coordinates": [
                    [9.0738633, 49.5751221],
                    [9.073896, 49.5750444],
                    [9.0739614, 49.5749869],
                    [9.0740954, 49.5749513],
                    [9.074169, 49.5748737],
                    [9.0741669, 49.5747761],
                    [9.0742972, 49.5744224],
                    [9.0742475, 49.574378],
                    [9.0739826, 49.5743231],
                    [9.0739325, 49.5742379],
                    [9.0738583, 49.5739061],
                    [9.0739208, 49.5738275],
                    [9.073823, 49.5737292],
                    [9.073702, 49.5734749],
                    [9.073736, 49.5732844],
                    [9.0737118, 49.5731843],
                    [9.0739425, 49.572887],
                    [9.0739266, 49.5728176],
                    [9.0738178, 49.5727261],
                    [9.0739154, 49.5723354],
                    [9.0741004, 49.5723185],
                    [9.0741872, 49.5722783],
                    [9.0742189, 49.5722085],
                    [9.0741409, 49.572038],
                    [9.0742135, 49.5719084],
                    [9.0740566, 49.5717753],
                    [9.0740037, 49.5715618],
                    [9.0738147, 49.5713517],
                    [9.0736591, 49.571251],
                    [9.0736561, 49.5711782],
                    [9.0737333, 49.5711003],
                    [9.0737566, 49.5708573],
                    [9.0738446, 49.5707853],
                    [9.0738819, 49.5706971],
                    [9.074045, 49.5707239],
                    [9.074167, 49.5706457],
                    [9.0744136, 49.5702457],
                    [9.0744272, 49.5701806],
                    [9.0743926, 49.5701143],
                    [9.0742542, 49.5700043],
                    [9.0742524, 49.569878],
                    [9.0743284, 49.5695582],
                    [9.0743105, 49.5693337],
                    [9.0742546, 49.5692024],
                    [9.0740772, 49.5691324],
                    [9.0737279, 49.5688645],
                    [9.0735482, 49.5687955],
                    [9.0735687, 49.5687171],
                    [9.0734594, 49.5686015],
                    [9.0734487, 49.5684588],
                    [9.0734909, 49.5683633],
                    [9.073441, 49.5682294],
                    [9.0734611, 49.5681221],
                    [9.0736186, 49.5679304],
                    [9.0737266, 49.5675888],
                    [9.0736041, 49.5673102],
                    [9.0735346, 49.5672413],
                    [9.0732831, 49.5671992],
                    [9.0732178, 49.5671418],
                    [9.0732663, 49.5670556],
                    [9.0732547, 49.5669857],
                    [9.0732115, 49.5668954],
                    [9.0730751, 49.5668219],
                    [9.0727192, 49.5666816],
                    [9.0724813, 49.5666682],
                    [9.0722571, 49.5665775],
                    [9.0717966, 49.5664721],
                    [9.0716186, 49.5663803],
                    [9.0712588, 49.5660707],
                    [9.0710868, 49.5658563],
                    [9.0709112, 49.5654032],
                    [9.0707751, 49.5652216],
                    [9.0707819, 49.5651308],
                    [9.0709767, 49.5649253],
                    [9.0710479, 49.5647088],
                    [9.0709361, 49.5644445],
                    [9.0707987, 49.5642269],
                    [9.0708469, 49.5640184],
                    [9.0709596, 49.5639826],
                    [9.0710049, 49.563916],
                    [9.0710531, 49.5638967],
                    [9.0710372, 49.5637167],
                    [9.0711032, 49.5636352],
                    [9.0713509, 49.5634556],
                    [9.0713502, 49.5633995],
                    [9.0712186, 49.5631499],
                    [9.0713221, 49.5630908],
                    [9.0715467, 49.563099],
                    [9.0716116, 49.563049],
                    [9.0715854, 49.5629751],
                    [9.0716366, 49.5629441],
                    [9.0719355, 49.5629276],
                    [9.072109, 49.5627246],
                    [9.0722298, 49.5626805],
                    [9.0723609, 49.5626786],
                    [9.0724549, 49.5626085],
                    [9.0726786, 49.5625511],
                    [9.0728796, 49.5624236],
                    [9.073096, 49.5623992],
                    [9.0733515, 49.56232],
                    [9.0735526, 49.5621956],
                    [9.0738581, 49.5620702],
                    [9.0739241, 49.5619794],
                    [9.0741447, 49.5619146],
                    [9.0744234, 49.5616977],
                    [9.0744345, 49.5616478],
                    [9.0742922, 49.5615446],
                    [9.0742279, 49.561438],
                    [9.0742644, 49.5614099],
                    [9.0742515, 49.5613507],
                    [9.0741533, 49.5611882],
                    [9.0742699, 49.5611126],
                    [9.0744292, 49.5610751],
                    [9.0745327, 49.5610169],
                    [9.0745345, 49.5609268],
                    [9.0744306, 49.5607776],
                    [9.0744419, 49.5606879],
                    [9.0745226, 49.5605745],
                    [9.0745, 49.5603931],
                    [9.0745999, 49.5602939],
                    [9.0747216, 49.5602209],
                    [9.074866, 49.5599747],
                    [9.0750761, 49.559912],
                    [9.0752028, 49.5598245],
                    [9.0752401, 49.5597881],
                    [9.0752605, 49.5596679],
                    [9.0754257, 49.5595048],
                    [9.0755712, 49.559577],
                    [9.0757606, 49.5595599],
                    [9.0759467, 49.5594931],
                    [9.0759602, 49.5594082],
                    [9.0763292, 49.5592992],
                    [9.0764118, 49.5591837],
                    [9.0766463, 49.5591251],
                    [9.0767085, 49.5590624],
                    [9.0770076, 49.5590014],
                    [9.0771196, 49.5588245],
                    [9.077088, 49.5587459],
                    [9.0770727, 49.5584153],
                    [9.0769165, 49.5581778],
                    [9.0770794, 49.5579372],
                    [9.0772837, 49.557891],
                    [9.0778401, 49.5575468],
                    [9.0784614, 49.5573391],
                    [9.0787467, 49.5572896],
                    [9.0789535, 49.5570909],
                    [9.0793029, 49.557054],
                    [9.0794103, 49.556965],
                    [9.0795173, 49.5569525],
                    [9.0796902, 49.5569915],
                    [9.0797758, 49.5569813],
                    [9.0804044, 49.5567927],
                    [9.0807514, 49.5566424],
                    [9.0809284, 49.556399],
                    [9.0811208, 49.5563855],
                    [9.0812952, 49.5563019],
                    [9.0813463, 49.5560907],
                    [9.0812041, 49.555984],
                    [9.0811869, 49.5558611],
                    [9.0811001, 49.5557582],
                    [9.0809865, 49.5557024],
                    [9.0808615, 49.5555811],
                    [9.0808969, 49.555502],
                    [9.080876, 49.5554293],
                    [9.0805791, 49.5551509],
                    [9.0805049, 49.5550464],
                    [9.0803987, 49.5549842],
                    [9.0804528, 49.5548243],
                    [9.0806133, 49.5546033],
                    [9.0807352, 49.5545323],
                    [9.0808861, 49.5544864],
                    [9.0810926, 49.5543604],
                    [9.0812566, 49.5542937],
                    [9.0816048, 49.5541994],
                    [9.0819676, 49.5540159],
                    [9.0822898, 49.5539046],
                    [9.0824527, 49.5539089],
                    [9.0828021, 49.5538607],
                    [9.083811, 49.5539444],
                    [9.084018, 49.5539365],
                    [9.0843204, 49.5538054],
                    [9.084681, 49.5535794],
                    [9.0847317, 49.5534101],
                    [9.0848285, 49.5533011],
                    [9.0847953, 49.5530429],
                    [9.084811, 49.552728],
                    [9.0848463, 49.552593],
                    [9.0849256, 49.5524575],
                    [9.0849336, 49.5523496],
                    [9.0847964, 49.5521849],
                    [9.0849856, 49.552087],
                    [9.0850299, 49.5520166],
                    [9.0850291, 49.5519511],
                    [9.0848671, 49.5517989],
                    [9.0848296, 49.5517287],
                    [9.0848714, 49.5515962],
                    [9.0851048, 49.5513881],
                    [9.0850709, 49.5513429],
                    [9.0851861, 49.5511024],
                    [9.0851925, 49.5509822],
                    [9.0853561, 49.5508437],
                    [9.0853184, 49.5507481],
                    [9.0853758, 49.5505636],
                    [9.0853492, 49.5504027],
                    [9.0856264, 49.5501856],
                    [9.0856444, 49.5500958],
                    [9.0854618, 49.5500193],
                    [9.0852815, 49.5500221],
                    [9.0852342, 49.5499891],
                    [9.0854361, 49.5496761],
                    [9.0854438, 49.5496028],
                    [9.0853634, 49.5494041],
                    [9.0856013, 49.5493454],
                    [9.0860805, 49.5491384],
                    [9.0861437, 49.5490322],
                    [9.0864436, 49.5488442],
                    [9.0865761, 49.5487248],
                    [9.0866193, 49.5486108],
                    [9.0865863, 49.5485603],
                    [9.0864345, 49.5484744],
                    [9.0863893, 49.5482536],
                    [9.0863239, 49.5481316],
                    [9.0865356, 49.5480024],
                    [9.0867478, 49.5477589],
                    [9.0867707, 49.5476709],
                    [9.0867582, 49.5474975],
                    [9.0868069, 49.5473673],
                    [9.086808, 49.5472575],
                    [9.0866305, 49.5472217],
                    [9.0866013, 49.5471045],
                    [9.0863315, 49.5467982],
                    [9.0861744, 49.5466777],
                    [9.0860336, 49.5466336],
                    [9.0859796, 49.5465934],
                    [9.0858499, 49.546199],
                    [9.0856295, 49.5461541],
                    [9.0855918, 49.5460817],
                    [9.085656, 49.545924],
                    [9.085673, 49.5457629],
                    [9.0856611, 49.5456704],
                    [9.085607, 49.5456281],
                    [9.0856403, 49.5452375],
                    [9.0859165, 49.5448494],
                    [9.0859309, 49.544751],
                    [9.0858104, 49.5444533],
                    [9.0857938, 49.544307]
                ]
            }
        },
        {
            "type": "Feature",
            "id": "way/29413522",
            "properties": {
                "admin_level": "4",
                "boundary": "administrative",
                "source": "Hessische Verwaltung für Bodenmanagement und Geoinformation - Digitale Verwaltungsgrenzen",
                "id": "way/29413522"
            },
            "geometry": {
                "type": "LineString",
                "coordinates": [
                    [8.9006521, 49.484806],
                    [8.9006577, 49.4848485],
                    [8.9006556, 49.4848837],
                    [8.9006312, 49.4849746],
                    [8.9006599, 49.4850442],
                    [8.9006521, 49.4854143],
                    [8.9004727, 49.4860424],
                    [8.9003669, 49.4862554],
                    [8.9003734, 49.4863748],
                    [8.9004253, 49.486471],
                    [8.9004182, 49.4865542],
                    [8.9001759, 49.486994],
                    [8.9001706, 49.4870037],
                    [8.8999956, 49.4871835],
                    [8.8998953, 49.4875198],
                    [8.8999298, 49.4875493],
                    [8.9000931, 49.4875839],
                    [8.9003853, 49.487458],
                    [8.9004997, 49.487457],
                    [8.9007526, 49.4877033],
                    [8.9007616, 49.487712],
                    [8.9007665, 49.4878022],
                    [8.9006409, 49.4881643],
                    [8.900633, 49.4882815],
                    [8.9006305, 49.4883196],
                    [8.9003934, 49.4884671],
                    [8.900354, 49.4884916],
                    [8.9003062, 49.4886694],
                    [8.9002714, 49.4887074],
                    [8.9002451, 49.4887361],
                    [8.9000256, 49.4887885],
                    [8.8999361, 49.4887887],
                    [8.899854, 49.4891967],
                    [8.8998154, 49.4893884],
                    [8.8997804, 49.489503],
                    [8.8996724, 49.4896765],
                    [8.899611, 49.4898864],
                    [8.8996203, 49.490031],
                    [8.8996444, 49.4900746],
                    [8.8997413, 49.4902505],
                    [8.8997657, 49.4904776],
                    [8.89988, 49.4905655],
                    [8.900108, 49.4906346],
                    [8.9002544, 49.4907618],
                    [8.9004892, 49.4908303],
                    [8.9005769, 49.4908832],
                    [8.900551, 49.4911249],
                    [8.9005693, 49.4911889],
                    [8.9006727, 49.4913153],
                    [8.9006705, 49.4913348],
                    [8.9006442, 49.4915666],
                    [8.9009776, 49.4917884],
                    [8.9010248, 49.491884],
                    [8.9010225, 49.4920145],
                    [8.9011139, 49.4922086],
                    [8.9011001, 49.4924518],
                    [8.901167, 49.4928477],
                    [8.9010645, 49.4930893],
                    [8.9008657, 49.4933157],
                    [8.9005747, 49.4934192],
                    [8.9005254, 49.4934915],
                    [8.9003836, 49.4936999],
                    [8.9004939, 49.4937602],
                    [8.9004928, 49.4937715],
                    [8.9004856, 49.493843],
                    [8.9005589, 49.4939859],
                    [8.9007155, 49.4941505],
                    [8.9008608, 49.4941832],
                    [8.9009076, 49.4942763],
                    [8.9007428, 49.4945643],
                    [8.900723, 49.4945989],
                    [8.9002955, 49.4948885],
                    [8.900156, 49.4948847],
                    [8.9000803, 49.4948826],
                    [8.9002455, 49.4953105],
                    [8.9001929, 49.4953845],
                    [8.9000898, 49.4954267],
                    [8.8999917, 49.4954669],
                    [8.8997406, 49.4955342],
                    [8.8996587, 49.4955268],
                    [8.899365, 49.4956878],
                    [8.8991312, 49.4957372],
                    [8.8987824, 49.4957733],
                    [8.8985568, 49.4958501],
                    [8.8983912, 49.4959561],
                    [8.8981917, 49.4959685],
                    [8.8980105, 49.4962194],
                    [8.8979956, 49.49624],
                    [8.8978625, 49.4963374],
                    [8.8975758, 49.4965472],
                    [8.8973495, 49.4966769]
                ]
            }
        },
        {
            "type": "Feature",
            "id": "way/29413583",
            "properties": {
                "admin_level": "4",
                "boundary": "administrative",
                "source": "Hessische Verwaltung für Bodenmanagement und Geoinformation - Digitale Verwaltungsgrenzen",
                "id": "way/29413583"
            },
            "geometry": {
                "type": "LineString",
                "coordinates": [
                    [9.0835439, 49.5436021],
                    [9.0839047, 49.5435345],
                    [9.083986, 49.5434217],
                    [9.0843222, 49.5431457],
                    [9.084346, 49.5431572],
                    [9.0846127, 49.543069],
                    [9.0846843, 49.5429885],
                    [9.0846837, 49.5428978],
                    [9.0847683, 49.5428207],
                    [9.0851337, 49.5427779],
                    [9.0851994, 49.5427385],
                    [9.0855101, 49.5426716],
                    [9.0857293, 49.5425495],
                    [9.0858463, 49.5425373],
                    [9.0859796, 49.5423975],
                    [9.0864069, 49.5424126],
                    [9.0867229, 49.5423391],
                    [9.0869842, 49.5424255],
                    [9.087188, 49.5423642],
                    [9.0875107, 49.5423572],
                    [9.0876634, 49.5423954],
                    [9.0878306, 49.5422753],
                    [9.0881362, 49.5421593],
                    [9.0882568, 49.5420818],
                    [9.0884606, 49.5420362],
                    [9.0887362, 49.5420115],
                    [9.0891292, 49.5420188],
                    [9.0895834, 49.5418256],
                    [9.0903589, 49.5419124],
                    [9.0905238, 49.5418778],
                    [9.0910255, 49.5418763],
                    [9.0915534, 49.5418338],
                    [9.0920563, 49.542025],
                    [9.092221, 49.5420433],
                    [9.0925803, 49.541954],
                    [9.0929108, 49.5417696],
                    [9.0933527, 49.5417364],
                    [9.0940939, 49.5415535],
                    [9.0944002, 49.5415543],
                    [9.0947475, 49.5415875],
                    [9.0949511, 49.5415573],
                    [9.095089, 49.5414825],
                    [9.0953431, 49.5412669],
                    [9.0954363, 49.5410369],
                    [9.0958888, 49.540821],
                    [9.0960881, 49.5406499],
                    [9.0963412, 49.5405344],
                    [9.096576, 49.5402699],
                    [9.096879, 49.5401942],
                    [9.0973081, 49.5397609],
                    [9.0975306, 49.5396595],
                    [9.0976451, 49.5395607],
                    [9.0976409, 49.5394758],
                    [9.0975683, 49.5394254],
                    [9.0975838, 49.5393697],
                    [9.0980947, 49.5392403],
                    [9.0983076, 49.5391096],
                    [9.0985088, 49.5388926],
                    [9.0985635, 49.5385623],
                    [9.0986499, 49.5385022],
                    [9.0989945, 49.5383664],
                    [9.0991526, 49.5382504],
                    [9.0993512, 49.5382128],
                    [9.0994692, 49.538096],
                    [9.0996483, 49.5380028],
                    [9.0998323, 49.5379581],
                    [9.1001648, 49.5379898],
                    [9.100301, 49.5379473],
                    [9.1003515, 49.5378788],
                    [9.1008208, 49.538032],
                    [9.1014842, 49.538051],
                    [9.1016105, 49.5379263],
                    [9.1016721, 49.5379104],
                    [9.102135, 49.5380123],
                    [9.1023186, 49.5381809],
                    [9.1025237, 49.5382184],
                    [9.1028591, 49.5381055],
                    [9.1034775, 49.5380457],
                    [9.1039263, 49.5380721],
                    [9.1040195, 49.5379413],
                    [9.1040806, 49.5379237],
                    [9.1041488, 49.5379566],
                    [9.1044255, 49.5378676],
                    [9.1044899, 49.537722],
                    [9.1046755, 49.5375521],
                    [9.1046846, 49.5370794],
                    [9.1047617, 49.536825],
                    [9.104566, 49.5365589],
                    [9.1044053, 49.5362459],
                    [9.1042709, 49.5360807],
                    [9.1044109, 49.5358825],
                    [9.104371, 49.5357767],
                    [9.1044375, 49.5356682],
                    [9.1051996, 49.5357828],
                    [9.1056258, 49.5360052],
                    [9.1058589, 49.5361824],
                    [9.1063252, 49.5362981],
                    [9.1081397, 49.5364825],
                    [9.1089988, 49.5364725],
                    [9.1101458, 49.5362282],
                    [9.1106607, 49.5359908],
                    [9.1120787, 49.5352686],
                    [9.1124933, 49.5350844],
                    [9.1129969, 49.5349545],
                    [9.1136001, 49.5347428],
                    [9.1141063, 49.534513],
                    [9.1145313, 49.5342931],
                    [9.1149651, 49.5340323],
                    [9.1155106, 49.5337689],
                    [9.115463, 49.533361],
                    [9.1154836, 49.5329474],
                    [9.1153249, 49.5325599],
                    [9.1153167, 49.5319025],
                    [9.1156011, 49.5314394],
                    [9.1155759, 49.5308095],
                    [9.1156648, 49.5303996],
                    [9.115786, 49.5300995],
                    [9.1161868, 49.5295489],
                    [9.1172523, 49.5283143],
                    [9.1177622, 49.5279893],
                    [9.1182764, 49.5277493],
                    [9.118983, 49.5276009],
                    [9.1199469, 49.5275521],
                    [9.1203051, 49.5273319],
                    [9.1203845, 49.5270958],
                    [9.1202023, 49.5264261],
                    [9.1208569, 49.5254899],
                    [9.1215265, 49.5247665],
                    [9.1219697, 49.5245982],
                    [9.1220168, 49.5245453]
                ]
            }
        },
        {
            "type": "Feature",
            "id": "way/29413630",
            "properties": {
                "admin_level": "4",
                "boundary": "administrative",
                "source": "Hessische Verwaltung für Bodenmanagement und Geoinformation - Digitale Verwaltungsgrenzen",
                "id": "way/29413630"
            },
            "geometry": {
                "type": "LineString",
                "coordinates": [
                    [8.4001148, 49.8036351],
                    [8.3942016, 49.8093211],
                    [8.3845795, 49.8173502]
                ]
            }
        },
        {
            "type": "Feature",
            "id": "way/29413633",
            "properties": {
                "admin_level": "4",
                "boundary": "administrative",
                "source": "Hessische Verwaltung für Bodenmanagement und Geoinformation - Digitale Verwaltungsgrenzen (Shapefile)",
                "id": "way/29413633"
            },
            "geometry": {
                "type": "LineString",
                "coordinates": [
                    [8.1751588, 50.0340884],
                    [8.1737715, 50.0338128],
                    [8.1724489, 50.033538],
                    [8.1711309, 50.0332539],
                    [8.1698178, 50.0329606],
                    [8.1685096, 50.0326581],
                    [8.1672067, 50.0323464],
                    [8.1659122, 50.0320212],
                    [8.1646164, 50.0316905],
                    [8.1633263, 50.0313508],
                    [8.1620428, 50.0310006],
                    [8.161118, 50.0307245],
                    [8.1582727, 50.0298138]
                ]
            }
        },
        {
            "type": "Feature",
            "id": "way/31345516",
            "properties": {
                "admin_level": "4",
                "boundary": "administrative",
                "source": "Hessische Verwaltung für Bodenmanagement und Geoinformation - Digitale Verwaltungsgrenzen (Shapefile)",
                "id": "way/31345516"
            },
            "geometry": {
                "type": "LineString",
                "coordinates": [
                    [8.054657, 50.0050887],
                    [8.0540414, 50.0050637],
                    [8.0482243, 50.004609],
                    [8.0451287, 50.0042163],
                    [8.0395258, 50.0029547],
                    [8.0363787, 50.0021087]
                ]
            }
        },
        {
            "type": "Feature",
            "id": "way/36909581",
            "properties": {
                "admin_level": "4",
                "boundary": "administrative",
                "source": "Hessische Verwaltung für Bodenmanagement und Geoinformation - Digitale Verwaltungsgrenzen (Shapefile)",
                "id": "way/36909581"
            },
            "geometry": {
                "type": "LineString",
                "coordinates": [
                    [8.2306244, 50.8509398],
                    [8.2306338, 50.8509575],
                    [8.2315892, 50.853613],
                    [8.2319386, 50.8545668],
                    [8.2332823, 50.8554806],
                    [8.2353815, 50.8567103],
                    [8.2380859, 50.8580189],
                    [8.2396159, 50.8593708],
                    [8.2402355, 50.8609141],
                    [8.2429103, 50.8630658],
                    [8.2462721, 50.8636921],
                    [8.2469663, 50.8640679],
                    [8.2488232, 50.8649147],
                    [8.2499647, 50.8659505],
                    [8.2507604, 50.8669651],
                    [8.251511, 50.8677915],
                    [8.2523318, 50.8682785],
                    [8.254033, 50.8690687],
                    [8.257323, 50.870392],
                    [8.2593146, 50.8713235],
                    [8.2591678, 50.8713988],
                    [8.2601419, 50.8722055],
                    [8.2611545, 50.8734321],
                    [8.2614445, 50.8740831],
                    [8.2613217, 50.8750072],
                    [8.2611146, 50.8755206],
                    [8.2615076, 50.875972],
                    [8.2626348, 50.8768903],
                    [8.2659933, 50.8795913],
                    [8.2681572, 50.8809999],
                    [8.268315, 50.8809166],
                    [8.2694907, 50.8817257],
                    [8.2704265, 50.8825392],
                    [8.2715987, 50.8826818],
                    [8.2733429, 50.88282],
                    [8.274632, 50.8829086],
                    [8.2750613, 50.8829177],
                    [8.2755509, 50.8828214],
                    [8.2763823, 50.8824238],
                    [8.2776554, 50.881605],
                    [8.2781137, 50.8815491],
                    [8.2790978, 50.8816751],
                    [8.2796594, 50.8817224],
                    [8.2807579, 50.8818387],
                    [8.2819665, 50.8819774],
                    [8.282885, 50.8820234],
                    [8.2836346, 50.8820463],
                    [8.2844307, 50.8823689]
                ]
            }
        },
        {
            "type": "Feature",
            "id": "way/36909592",
            "properties": {
                "admin_level": "4",
                "boundary": "administrative",
                "source": "ALKIS Hessen + Shapefiles",
                "id": "way/36909592"
            },
            "geometry": {
                "type": "LineString",
                "coordinates": [
                    [8.4645012, 50.9691143],
                    [8.4639878, 50.9688939],
                    [8.4633339, 50.9687206],
                    [8.4628002, 50.9685011],
                    [8.4623309, 50.9678587],
                    [8.4620918, 50.967667],
                    [8.4588, 50.9667272],
                    [8.4577183, 50.9660063],
                    [8.4572885, 50.9652548],
                    [8.4574052, 50.9650482],
                    [8.4582108, 50.9646309],
                    [8.4583359, 50.9645368],
                    [8.4586376, 50.9641706],
                    [8.4587557, 50.9637435],
                    [8.4590539, 50.9626147],
                    [8.4591837, 50.9617379],
                    [8.4595434, 50.9612239],
                    [8.459987, 50.9601878],
                    [8.4601523, 50.9597769],
                    [8.4607348, 50.9594378],
                    [8.461173, 50.9590563],
                    [8.4614399, 50.958752],
                    [8.4606886, 50.9579624],
                    [8.4602358, 50.9570609],
                    [8.4601163, 50.9560048],
                    [8.4600519, 50.9546506],
                    [8.4600513, 50.9538582],
                    [8.4598143, 50.9527693],
                    [8.459617, 50.9525753],
                    [8.4599711, 50.9517949],
                    [8.4606494, 50.9515542],
                    [8.4614779, 50.9517039],
                    [8.4622786, 50.949936],
                    [8.461544, 50.9490744],
                    [8.4602254, 50.9481986],
                    [8.4588024, 50.947268],
                    [8.4574888, 50.9463365],
                    [8.4561528, 50.9455479],
                    [8.4557103, 50.9448116],
                    [8.4551929, 50.944303],
                    [8.4539936, 50.9436784],
                    [8.4526364, 50.9433284],
                    [8.4516335, 50.9428266],
                    [8.4508483, 50.9422375],
                    [8.4494906, 50.9410091],
                    [8.4494036, 50.9402831]
                ]
            }
        },
        {
            "type": "Feature",
            "id": "way/36909962",
            "properties": {
                "admin_level": "4",
                "boundary": "administrative",
                "source": "Hessische Verwaltung für Bodenmanagement und Geoinformation - Digitale Verwaltungsgrenzen (Shapefile)",
                "id": "way/36909962"
            },
            "geometry": {
                "type": "LineString",
                "coordinates": [
                    [8.1667936, 50.7363272],
                    [8.1651603, 50.7390805],
                    [8.1645267, 50.7407097],
                    [8.1650459, 50.7413244],
                    [8.1646806, 50.7415838],
                    [8.1650413, 50.7420035],
                    [8.16436, 50.7423198],
                    [8.1635062, 50.7431253],
                    [8.1607974, 50.7414742],
                    [8.1594819, 50.7434396],
                    [8.1617228, 50.7443385],
                    [8.1616544, 50.7444046],
                    [8.1635441, 50.7451562],
                    [8.1578578, 50.7488192],
                    [8.155371, 50.7484084],
                    [8.1551167, 50.7483639],
                    [8.1549304, 50.7483068],
                    [8.1546578, 50.748584],
                    [8.1545328, 50.7485496],
                    [8.154243, 50.7490058],
                    [8.1539821, 50.7489522],
                    [8.1537193, 50.7497459],
                    [8.1534474, 50.7508168],
                    [8.1527619, 50.7508356],
                    [8.1530292, 50.7516981],
                    [8.1541509, 50.751617],
                    [8.1542252, 50.7523178],
                    [8.1529058, 50.7525145],
                    [8.1530916, 50.7533165],
                    [8.1528431, 50.754168],
                    [8.1519669, 50.7550991],
                    [8.1511846, 50.7555105],
                    [8.1503591, 50.7557926],
                    [8.1491976, 50.7554258],
                    [8.1477944, 50.7549164],
                    [8.1475236, 50.7547611],
                    [8.1471196, 50.7552269],
                    [8.1470252, 50.7553661],
                    [8.1469819, 50.7554988],
                    [8.1469809, 50.7556497],
                    [8.1470123, 50.7559292],
                    [8.1469853, 50.7562494],
                    [8.1470077, 50.7562583],
                    [8.1470811, 50.7569478],
                    [8.1491529, 50.75806],
                    [8.1490119, 50.7581858],
                    [8.1489028, 50.7582224],
                    [8.1484968, 50.7584959],
                    [8.1483868, 50.7585784],
                    [8.1524384, 50.7607475],
                    [8.1526283, 50.7609738],
                    [8.152689, 50.760986],
                    [8.1530367, 50.7613736],
                    [8.1524586, 50.761816],
                    [8.1516664, 50.7618979],
                    [8.151585, 50.7621175],
                    [8.1502674, 50.762451],
                    [8.1490413, 50.7621701],
                    [8.1482544, 50.762544],
                    [8.1473267, 50.7624711],
                    [8.1468167, 50.7629092],
                    [8.1469738, 50.7633688],
                    [8.1469823, 50.763416],
                    [8.1467328, 50.7640225],
                    [8.1461068, 50.7639675],
                    [8.145107, 50.7637569],
                    [8.1443428, 50.7635151],
                    [8.1440593, 50.7633405],
                    [8.1441366, 50.7630327],
                    [8.1444118, 50.7624981],
                    [8.1432858, 50.7622358],
                    [8.1430505, 50.7631795],
                    [8.1424487, 50.7633258],
                    [8.141736, 50.7636279],
                    [8.1417868, 50.7638624],
                    [8.1413745, 50.7639517],
                    [8.1409433, 50.7635131],
                    [8.1406896, 50.7635353],
                    [8.1405185, 50.7634278],
                    [8.1405908, 50.7631124],
                    [8.1401454, 50.7626582],
                    [8.1396349, 50.7624899],
                    [8.1394937, 50.7625727],
                    [8.1395485, 50.7628448],
                    [8.1399181, 50.7635036],
                    [8.1404469, 50.7635476],
                    [8.1407096, 50.7637585],
                    [8.1402511, 50.7638906],
                    [8.1398803, 50.7641875],
                    [8.139139, 50.7645594],
                    [8.1383836, 50.7651429],
                    [8.1379967, 50.7654821],
                    [8.1383023, 50.7656519],
                    [8.1382767, 50.7658721],
                    [8.1374826, 50.7660942],
                    [8.1368356, 50.7663417],
                    [8.1366807, 50.7665389],
                    [8.1358842, 50.766858],
                    [8.1356574, 50.767419],
                    [8.1358226, 50.7677012],
                    [8.1385993, 50.7704842],
                    [8.1398959, 50.7705642],
                    [8.1405706, 50.7705476],
                    [8.1416546, 50.7711457],
                    [8.1418081, 50.7713934],
                    [8.1412393, 50.7717973],
                    [8.1405576, 50.7722996],
                    [8.1392, 50.7725165],
                    [8.1381769, 50.772745],
                    [8.1373902, 50.7742971],
                    [8.1364899, 50.7749188],
                    [8.1361092, 50.7753402],
                    [8.1349143, 50.7757959],
                    [8.1334496, 50.7764771],
                    [8.1328971, 50.7765784],
                    [8.1323493, 50.7766858],
                    [8.1313469, 50.7768899],
                    [8.132189, 50.7782693],
                    [8.1314043, 50.7787128],
                    [8.129806, 50.7794347],
                    [8.1308164, 50.7802547],
                    [8.1301508, 50.7807634],
                    [8.1311901, 50.7813097],
                    [8.1299042, 50.7825576],
                    [8.1292957, 50.7830882],
                    [8.1295412, 50.7841368],
                    [8.1283097, 50.7850069],
                    [8.1278401, 50.785834],
                    [8.1278238, 50.7864856],
                    [8.1283368, 50.7867807],
                    [8.1284397, 50.7865249],
                    [8.1288127, 50.7865414],
                    [8.1286171, 50.7871716],
                    [8.129154, 50.7872731],
                    [8.1297993, 50.7869597],
                    [8.1301807, 50.7869552],
                    [8.1307368, 50.7868434],
                    [8.1316282, 50.7867325],
                    [8.132184, 50.7867676],
                    [8.1330553, 50.7866039],
                    [8.1336057, 50.7866185],
                    [8.1336421, 50.7867014],
                    [8.1332489, 50.7868044],
                    [8.1321727, 50.7869436],
                    [8.1305558, 50.7871347],
                    [8.1293571, 50.7873911],
                    [8.1281342, 50.7877556],
                    [8.1272911, 50.7878884],
                    [8.1255004, 50.7882854],
                    [8.1261027, 50.7885473],
                    [8.1280749, 50.7889988],
                    [8.1291094, 50.7891954]
                ]
            }
        },
        {
            "type": "Feature",
            "id": "way/36909963",
            "properties": {
                "admin_level": "4",
                "boundary": "administrative",
                "source": "Hessische Verwaltung für Bodenmanagement und Geoinformation - Digitale Verwaltungsgrenzen (Shapefile)",
                "id": "way/36909963"
            },
            "geometry": {
                "type": "LineString",
                "coordinates": [
                    [8.1676317, 50.8052443],
                    [8.1684829, 50.8055807],
                    [8.1686682, 50.8056732],
                    [8.1686018, 50.8058578],
                    [8.16886, 50.8066838],
                    [8.1693621, 50.807463],
                    [8.1708304, 50.808492],
                    [8.1710973, 50.8093546],
                    [8.1714115, 50.8099617],
                    [8.1719715, 50.8107706],
                    [8.1722152, 50.8114431],
                    [8.1723439, 50.8121865],
                    [8.1728125, 50.8131444],
                    [8.1730391, 50.8136299],
                    [8.1739262, 50.8149561],
                    [8.1746671, 50.8162069],
                    [8.1739787, 50.816844],
                    [8.1734705, 50.8173379]
                ]
            }
        },
        {
            "type": "Feature",
            "id": "way/39540125",
            "properties": {
                "admin_level": "4",
                "boundary": "administrative",
                "source": "Hessische Verwaltung für Bodenmanagement und Geoinformation - Digitale Verwaltungsgrenzen (Shapefile)",
                "id": "way/39540125"
            },
            "geometry": {
                "type": "LineString",
                "coordinates": [
                    [8.1258178, 50.6858528],
                    [8.125833, 50.6858539],
                    [8.1259693, 50.6862471],
                    [8.1262251, 50.6865472],
                    [8.1262993, 50.6868214],
                    [8.1264238, 50.6871503],
                    [8.1264543, 50.6871977],
                    [8.1263207, 50.6876284],
                    [8.1264115, 50.6879158],
                    [8.1264579, 50.6881187],
                    [8.1265048, 50.6884963],
                    [8.1265084, 50.6885249],
                    [8.1265691, 50.688911],
                    [8.1264927, 50.6892049],
                    [8.1267493, 50.6892752],
                    [8.1268609, 50.6893905],
                    [8.1268684, 50.6896846],
                    [8.1268637, 50.68979],
                    [8.126796, 50.6900722],
                    [8.1268391, 50.6903136],
                    [8.126734, 50.6904075],
                    [8.1267141, 50.6905248],
                    [8.1265651, 50.6906332],
                    [8.1266136, 50.6908757],
                    [8.1265514, 50.690999],
                    [8.1263047, 50.6911022],
                    [8.1261732, 50.6911976],
                    [8.1261861, 50.691313],
                    [8.1263165, 50.6916912],
                    [8.1260757, 50.6918001],
                    [8.1259873, 50.6920308],
                    [8.1262045, 50.6923933],
                    [8.1260062, 50.692746],
                    [8.1268877, 50.692937],
                    [8.1282132, 50.6942316],
                    [8.1302412, 50.6959018],
                    [8.1314261, 50.6968914],
                    [8.1338662, 50.6962703],
                    [8.1348633, 50.6960065],
                    [8.1364609, 50.6955975],
                    [8.1376232, 50.6939192],
                    [8.1402041, 50.6941573],
                    [8.1425015, 50.6955296]
                ]
            }
        },
        {
            "type": "Feature",
            "id": "way/39540149",
            "properties": {
                "admin_level": "4",
                "boundary": "administrative",
                "source": "Hessische Verwaltung für Bodenmanagement und Geoinformation - Digitale Verwaltungsgrenzen (Shapefile)",
                "id": "way/39540149"
            },
            "geometry": {
                "type": "LineString",
                "coordinates": [
                    [8.1208502, 50.6781074],
                    [8.120905, 50.6781252],
                    [8.1211608, 50.6782181],
                    [8.1210577, 50.6784028],
                    [8.1211414, 50.6784977],
                    [8.1213253, 50.6784985],
                    [8.1212857, 50.6786505],
                    [8.1216043, 50.6788104],
                    [8.1216675, 50.6789348],
                    [8.1217684, 50.6789085],
                    [8.1216972, 50.6791442],
                    [8.1219283, 50.6791613],
                    [8.1217946, 50.6796203],
                    [8.1219817, 50.6796901],
                    [8.1221078, 50.6796816],
                    [8.1224067, 50.6799459],
                    [8.1224247, 50.6800857],
                    [8.1226885, 50.6803396],
                    [8.1227919, 50.6805133],
                    [8.1227713, 50.6806219],
                    [8.1229565, 50.68085],
                    [8.1230332, 50.6809047],
                    [8.1231691, 50.6810366],
                    [8.1233915, 50.6811583],
                    [8.123502, 50.6811661],
                    [8.1239159, 50.6813539],
                    [8.1241847, 50.6816122],
                    [8.1241679, 50.6816592],
                    [8.1242211, 50.6817278],
                    [8.1242784, 50.6817703],
                    [8.1242404, 50.6822949],
                    [8.1242287, 50.6824612],
                    [8.1243229, 50.6825281],
                    [8.1250293, 50.6825929],
                    [8.1250802, 50.6827323],
                    [8.1252011, 50.6828399],
                    [8.1251163, 50.6828741],
                    [8.1252623, 50.683017],
                    [8.1255299, 50.6830965],
                    [8.1256558, 50.6830686],
                    [8.1257888, 50.6830392],
                    [8.1258611, 50.6830232],
                    [8.1259935, 50.6830557],
                    [8.1260125, 50.6831403],
                    [8.1259044, 50.6832382],
                    [8.1259366, 50.683407],
                    [8.125896, 50.6835182],
                    [8.1259417, 50.6835647],
                    [8.1259783, 50.6835802],
                    [8.1259074, 50.6837318],
                    [8.1258016, 50.6839039],
                    [8.1259513, 50.6842864],
                    [8.1259696, 50.6843332],
                    [8.1261336, 50.6846628],
                    [8.1261536, 50.6847956],
                    [8.1260644, 50.684949],
                    [8.1259969, 50.6849879],
                    [8.125941, 50.6850583],
                    [8.1256059, 50.6854801],
                    [8.1256168, 50.6855481],
                    [8.1257277, 50.6856303],
                    [8.1258178, 50.6858528]
                ]
            }
        },
        {
            "type": "Feature",
            "id": "way/39974149",
            "properties": {
                "admin_level": "4",
                "boundary": "administrative",
                "source": "ALKIS Hessen + Shapefiles",
                "id": "way/39974149"
            },
            "geometry": {
                "type": "LineString",
                "coordinates": [
                    [8.4189624, 50.9092067],
                    [8.4186837, 50.9090981],
                    [8.4181623, 50.9088212],
                    [8.4173721, 50.9083362],
                    [8.4166427, 50.907956],
                    [8.4154762, 50.9073782],
                    [8.4124499, 50.9059271],
                    [8.4110173, 50.9051862],
                    [8.410324, 50.9047618],
                    [8.409734, 50.9045609],
                    [8.4093839, 50.9042426],
                    [8.4085896, 50.9036399],
                    [8.4081678, 50.9032094],
                    [8.407391, 50.902766],
                    [8.4067955, 50.9025158],
                    [8.4060937, 50.9022125],
                    [8.4056472, 50.9018851],
                    [8.4052353, 50.9010313],
                    [8.4052052, 50.8995039],
                    [8.4029244, 50.8983228],
                    [8.3997193, 50.8962944],
                    [8.3974343, 50.8948704],
                    [8.3968075, 50.8944702],
                    [8.3951276, 50.8942622],
                    [8.394543, 50.8942017],
                    [8.3931774, 50.8938971],
                    [8.3919784, 50.8935533],
                    [8.3912811, 50.8934459],
                    [8.390669, 50.8931471],
                    [8.3906291, 50.8931327],
                    [8.3897256, 50.8928065],
                    [8.3890202, 50.8923041],
                    [8.3880587, 50.8920421],
                    [8.387499, 50.8917511],
                    [8.3869563, 50.8911783],
                    [8.3867395, 50.8902605],
                    [8.3869218, 50.8898439],
                    [8.3871607, 50.8891999],
                    [8.3873695, 50.8888169],
                    [8.3880342, 50.8871865],
                    [8.3884213, 50.8867806],
                    [8.3885834, 50.8862581],
                    [8.3884202, 50.885359],
                    [8.388089, 50.8848011],
                    [8.3877505, 50.8842498],
                    [8.3874825, 50.883794],
                    [8.3870281, 50.8827743],
                    [8.3871872, 50.8821543],
                    [8.3874546, 50.8810741],
                    [8.3876115, 50.8805398],
                    [8.3877228, 50.8800216],
                    [8.3866321, 50.8775876],
                    [8.3863813, 50.8772871]
                ]
            }
        },
        {
            "type": "Feature",
            "id": "way/40846852",
            "properties": {
                "admin_level": "4",
                "boundary": "administrative",
                "source": "HVBG shapefile",
                "id": "way/40846852"
            },
            "geometry": {
                "type": "LineString",
                "coordinates": [
                    [8.2043777, 50.8362339],
                    [8.2080884, 50.8366369],
                    [8.2096976, 50.8375347],
                    [8.2109797, 50.8389787],
                    [8.2136941, 50.8417413],
                    [8.2167143, 50.8434452],
                    [8.2193881, 50.8452],
                    [8.2211952, 50.8461408],
                    [8.221551, 50.846326],
                    [8.2265542, 50.8481258],
                    [8.227656, 50.8489107],
                    [8.2287442, 50.8496777],
                    [8.2305436, 50.8508856],
                    [8.2306244, 50.8509398]
                ]
            }
        },
        {
            "type": "Feature",
            "id": "way/42498519",
            "properties": {
                "admin_level": "4",
                "boundary": "administrative",
                "source": "Hessische Verwaltung für Bodenmanagement und Geoinformation - Digitale Verwaltungsgrenzen",
                "id": "way/42498519"
            },
            "geometry": {
                "type": "LineString",
                "coordinates": [
                    [9.0327167, 49.4985029],
                    [9.0325973, 49.4985162],
                    [9.0324415, 49.4985756],
                    [9.0323855, 49.4986477],
                    [9.0322394, 49.4987094],
                    [9.0320179, 49.4988476],
                    [9.0318649, 49.4988797],
                    [9.0314842, 49.4988866],
                    [9.0312493, 49.4987566],
                    [9.0310912, 49.4986108],
                    [9.0308598, 49.4985776],
                    [9.0306621, 49.4985889],
                    [9.0304527, 49.4985687],
                    [9.030283, 49.4984794],
                    [9.0299107, 49.4984101],
                    [9.0297362, 49.4983933],
                    [9.0293772, 49.4984282],
                    [9.0289093, 49.4984084],
                    [9.0285846, 49.4983324],
                    [9.0284543, 49.4983258],
                    [9.0281258, 49.4984106],
                    [9.028026, 49.4984585],
                    [9.0279306, 49.4985459],
                    [9.0277317, 49.4985837],
                    [9.0273249, 49.4984754],
                    [9.0271445, 49.4984527],
                    [9.0269577, 49.4984883],
                    [9.0267506, 49.4986502],
                    [9.0265253, 49.4987228],
                    [9.0263668, 49.4988413],
                    [9.0260837, 49.4988921],
                    [9.0259528, 49.4988572],
                    [9.0256256, 49.4988458],
                    [9.0254119, 49.4987495],
                    [9.0252457, 49.4987343],
                    [9.0252007, 49.498678],
                    [9.0248847, 49.4986887],
                    [9.024731, 49.4986026],
                    [9.024387, 49.4984919],
                    [9.0239259, 49.4983957],
                    [9.0234845, 49.4984193],
                    [9.0233809, 49.4984647],
                    [9.0232158, 49.4984803],
                    [9.0225232, 49.4984027],
                    [9.0223445, 49.4984284],
                    [9.0219719, 49.4984366],
                    [9.0214414, 49.4984012],
                    [9.0211286, 49.4984548],
                    [9.0209607, 49.4984356],
                    [9.0207575, 49.4984793],
                    [9.0204879, 49.4986005],
                    [9.0202096, 49.4985833],
                    [9.0198943, 49.4986144],
                    [9.0197164, 49.4985582],
                    [9.0194427, 49.4985137],
                    [9.0190289, 49.4985261],
                    [9.0186178, 49.4985689],
                    [9.0183087, 49.4985697],
                    [9.0178868, 49.4984333],
                    [9.0173299, 49.4983667],
                    [9.0170967, 49.4983654],
                    [9.0166712, 49.4984568],
                    [9.0163002, 49.4983571],
                    [9.0161003, 49.4983329],
                    [9.0158246, 49.498349],
                    [9.0153074, 49.4984397],
                    [9.0150135, 49.4986156],
                    [9.0144615, 49.4988045],
                    [9.0140596, 49.4989794],
                    [9.0139211, 49.499089],
                    [9.0137991, 49.4991473],
                    [9.0136561, 49.4991805],
                    [9.0135373, 49.4991776],
                    [9.0130479, 49.4992862],
                    [9.0126779, 49.4993102],
                    [9.0118413, 49.499273],
                    [9.0117074, 49.499302],
                    [9.011646, 49.4993512],
                    [9.0115725, 49.499432],
                    [9.0119025, 49.4999994],
                    [9.0118933, 49.5001042],
                    [9.0120085, 49.5002976],
                    [9.0121726, 49.5003573],
                    [9.0124575, 49.5003762],
                    [9.0126568, 49.5004292],
                    [9.0127459, 49.5005048],
                    [9.0129593, 49.5005883],
                    [9.0130028, 49.5006929],
                    [9.0128924, 49.5008705],
                    [9.0124058, 49.5011525],
                    [9.0122646, 49.5012739],
                    [9.0122453, 49.5012623],
                    [9.011758, 49.5015104],
                    [9.0113889, 49.5018132],
                    [9.0111705, 49.5019515],
                    [9.010955, 49.5022458],
                    [9.0106636, 49.5024542],
                    [9.0092196, 49.5022065],
                    [9.0087725, 49.5022421],
                    [9.0079979, 49.502445],
                    [9.0074264, 49.5026436],
                    [9.006578, 49.5030473],
                    [9.0055693, 49.5038],
                    [9.0051381, 49.5040417],
                    [9.0045864, 49.5041144],
                    [9.0039331, 49.5042791],
                    [9.0027977, 49.5044308],
                    [9.0021752, 49.5044441],
                    [9.0000536, 49.5042369],
                    [8.9991851, 49.5042513],
                    [8.9991004, 49.5047704],
                    [8.9978058, 49.5047697],
                    [8.997098, 49.5046824],
                    [8.9962905, 49.5045391],
                    [8.9955592, 49.5043778],
                    [8.9948577, 49.504166],
                    [8.993664, 49.5038951],
                    [8.9922425, 49.5033768],
                    [8.9912923, 49.5041639],
                    [8.9907616, 49.5045208],
                    [8.9892974, 49.5050895],
                    [8.9881333, 49.5057794],
                    [8.987746, 49.5062854],
                    [8.9872832, 49.5067194],
                    [8.9869583, 49.507261],
                    [8.9867304, 49.508298],
                    [8.9865889, 49.5092977],
                    [8.986215, 49.5102478]
                ]
            }
        },
        {
            "type": "Feature",
            "id": "way/42498797",
            "properties": {
                "admin_level": "4",
                "boundary": "administrative",
                "source": "Hessische Verwaltung für Bodenmanagement und Geoinformation - Digitale Verwaltungsgrenzen",
                "id": "way/42498797"
            },
            "geometry": {
                "type": "LineString",
                "coordinates": [
                    [8.9580127, 49.5026779],
                    [8.9580017, 49.5026826],
                    [8.9516666, 49.5053561]
                ]
            }
        },
        {
            "type": "Feature",
            "id": "way/42499060",
            "properties": {
                "admin_level": "4",
                "boundary": "administrative",
                "source": "Hessische Verwaltung für Bodenmanagement und Geoinformation - Digitale Verwaltungsgrenzen",
                "id": "way/42499060"
            },
            "geometry": {
                "type": "LineString",
                "coordinates": [
                    [8.9516666, 49.5053561],
                    [8.9518524, 49.5051841],
                    [8.951412, 49.5043582],
                    [8.9510937, 49.503112],
                    [8.9511233, 49.5025733],
                    [8.9512867, 49.5022218],
                    [8.9519128, 49.5016422],
                    [8.952261, 49.5013914],
                    [8.952636, 49.5010567],
                    [8.9535766, 49.5003973],
                    [8.9544726, 49.4996664],
                    [8.9552341, 49.4986117],
                    [8.9560448, 49.4975585],
                    [8.9571298, 49.4962918],
                    [8.9577913, 49.4956823],
                    [8.9578897, 49.4955529],
                    [8.9572196, 49.4948706],
                    [8.9567034, 49.4942116],
                    [8.9562245, 49.493815],
                    [8.9560172, 49.4935384],
                    [8.9555272, 49.4932766],
                    [8.9550576, 49.4929125],
                    [8.9533512, 49.4922984],
                    [8.9526764, 49.4919866],
                    [8.9516679, 49.4914649],
                    [8.9514963, 49.4909965],
                    [8.9514031, 49.4902786],
                    [8.9515256, 49.4896946],
                    [8.9515373, 49.4892341],
                    [8.9515025, 49.4890407],
                    [8.9508889, 49.4885303],
                    [8.9506377, 49.4882122],
                    [8.9503886, 49.4875971],
                    [8.9503231, 49.487277],
                    [8.9504996, 49.4868908],
                    [8.9510396, 49.4860365],
                    [8.9516934, 49.4852323],
                    [8.9521506, 49.4849373],
                    [8.9526764, 49.484533],
                    [8.9531078, 49.4844039],
                    [8.9545492, 49.4837853],
                    [8.9541674, 49.483273],
                    [8.9540827, 49.482918],
                    [8.9540425, 49.4824646],
                    [8.9542082, 49.4818944],
                    [8.9540336, 49.4816191],
                    [8.953492, 49.4819404],
                    [8.9529426, 49.4824264],
                    [8.9525854, 49.4829295],
                    [8.952235, 49.4832619],
                    [8.9519881, 49.4833871],
                    [8.9511319, 49.4837409],
                    [8.9494227, 49.4843041],
                    [8.9485578, 49.4846678],
                    [8.9472776, 49.484981],
                    [8.9461326, 49.4851592],
                    [8.9431611, 49.4858079],
                    [8.94157, 49.4850077],
                    [8.9395426, 49.4834371],
                    [8.9396973, 49.4826305],
                    [8.9396591, 49.4819178],
                    [8.9393937, 49.4807456],
                    [8.9387892, 49.4804362],
                    [8.9378971, 49.4799161],
                    [8.9373995, 49.4795769],
                    [8.9364419, 49.4786398],
                    [8.9358723, 49.4780369],
                    [8.935488, 49.4777071],
                    [8.9350176, 49.4774557],
                    [8.9346554, 49.4771234],
                    [8.9343719, 49.4767115],
                    [8.9342226, 49.475894],
                    [8.9341642, 49.4752252],
                    [8.9343092, 49.4744309],
                    [8.9345919, 49.4737755],
                    [8.9346347, 49.4727751],
                    [8.9342516, 49.4722876],
                    [8.9338726, 49.4719772],
                    [8.932905, 49.4710505],
                    [8.9322669, 49.4707942],
                    [8.931494, 49.4705528]
                ]
            }
        },
        {
            "type": "Feature",
            "id": "way/44327580",
            "properties": {
                "admin_level": "4",
                "boundary": "administrative",
                "source": "Hessische Verwaltung für Bodenmanagement und Geoinformation - Digitale Verwaltungsgrenzen",
                "id": "way/44327580"
            },
            "geometry": {
                "type": "LineString",
                "coordinates": [
                    [8.0705725, 50.5378093],
                    [8.0728472, 50.5385293],
                    [8.0734265, 50.5387566],
                    [8.0739978, 50.5388544],
                    [8.0750046, 50.5389298],
                    [8.0770527, 50.5389897],
                    [8.0773303, 50.538965],
                    [8.0793275, 50.538603],
                    [8.0807169, 50.5385904],
                    [8.0833931, 50.5385755],
                    [8.0847898, 50.5385727],
                    [8.0875155, 50.538551],
                    [8.0876956, 50.5381335],
                    [8.0880893, 50.5378633],
                    [8.0888911, 50.537275],
                    [8.0891692, 50.5370184],
                    [8.0897569, 50.5365739],
                    [8.0903084, 50.5361491],
                    [8.0905778, 50.5357181],
                    [8.090693, 50.5356431],
                    [8.0910247, 50.535545],
                    [8.0913384, 50.5356371],
                    [8.0914047, 50.536093],
                    [8.0926141, 50.5365806],
                    [8.0933438, 50.536183],
                    [8.0938133, 50.5358959],
                    [8.0946918, 50.5355134],
                    [8.0951406, 50.5353858],
                    [8.0960697, 50.5352545],
                    [8.0963491, 50.535239],
                    [8.0967996, 50.535196],
                    [8.0973878, 50.5352132],
                    [8.0982577, 50.5351539],
                    [8.0984184, 50.535125],
                    [8.0986006, 50.5349142],
                    [8.0986849, 50.5346878],
                    [8.10059, 50.5346498],
                    [8.1020366, 50.534613],
                    [8.1020874, 50.5339015],
                    [8.1029453, 50.5334952],
                    [8.1030629, 50.5334675],
                    [8.1032058, 50.533358],
                    [8.1031955, 50.5333052],
                    [8.1028263, 50.5330229],
                    [8.1033137, 50.5325729],
                    [8.1037944, 50.5327375],
                    [8.1045615, 50.533079],
                    [8.1048535, 50.5332827],
                    [8.1049239, 50.5333699],
                    [8.1050045, 50.5336935],
                    [8.1050868, 50.5339668],
                    [8.105255, 50.5341022],
                    [8.1053799, 50.5341328],
                    [8.1055497, 50.5340115],
                    [8.1056762, 50.5340261],
                    [8.1057925, 50.5339863],
                    [8.1058657, 50.5337887],
                    [8.1060974, 50.5339338],
                    [8.1064977, 50.534001],
                    [8.1072231, 50.5341139],
                    [8.1077805, 50.5341752],
                    [8.1080318, 50.5342265],
                    [8.1099334, 50.5347921],
                    [8.1121481, 50.5351726],
                    [8.1135638, 50.5354002],
                    [8.1139447, 50.5355329]
                ]
            }
        },
        {
            "type": "Feature",
            "id": "way/44327582",
            "properties": {
                "admin_level": "4",
                "boundary": "administrative",
                "source": "Hessische Verwaltung für Bodenmanagement und Geoinformation - Digitale Verwaltungsgrenzen (Shapefile)",
                "id": "way/44327582"
            },
            "geometry": {
                "type": "LineString",
                "coordinates": [
                    [8.0102952, 50.4599466],
                    [8.0103022, 50.4599687],
                    [8.0104714, 50.4605039],
                    [8.0079759, 50.4608898],
                    [8.0065668, 50.461204],
                    [8.0055155, 50.46155],
                    [8.0042585, 50.461873],
                    [8.0026963, 50.4620673],
                    [8.0021451, 50.4620942],
                    [8.0008472, 50.4623727],
                    [7.9998111, 50.462927],
                    [7.9990884, 50.4638376],
                    [7.9988427, 50.4654077],
                    [7.9986241, 50.4657385],
                    [7.9943386, 50.4682648],
                    [7.9947963, 50.4684905],
                    [7.995083, 50.4693853],
                    [7.9951993, 50.469377]
                ]
            }
        },
        {
            "type": "Feature",
            "id": "way/44327586",
            "properties": {
                "admin_level": "4",
                "boundary": "administrative",
                "id": "way/44327586"
            },
            "geometry": {
                "type": "LineString",
                "coordinates": [
                    [7.9895629, 50.3982638],
                    [7.9897646, 50.3990769],
                    [7.9898915, 50.3996485],
                    [7.9916779, 50.3993615],
                    [7.9939095, 50.3989725],
                    [7.9951186, 50.3987597],
                    [7.9960319, 50.398597],
                    [7.9970766, 50.3984594],
                    [7.9989052, 50.3984757],
                    [8.0000141, 50.3984905],
                    [8.001437, 50.3985366],
                    [8.0023657, 50.3985766],
                    [8.003506, 50.3986302],
                    [8.0055141, 50.3987351],
                    [8.0055609, 50.3987554],
                    [8.0057498, 50.3993753],
                    [8.0040306, 50.3996194],
                    [8.0042266, 50.3999069],
                    [8.0043287, 50.4000934],
                    [8.0045345, 50.4005102],
                    [8.0049463, 50.4004831],
                    [8.0054177, 50.4003535],
                    [8.006621, 50.3999261],
                    [8.0081949, 50.3993863],
                    [8.0094596, 50.399219],
                    [8.0101627, 50.3991277],
                    [8.0105004, 50.3990858],
                    [8.012168, 50.3988782],
                    [8.0122128, 50.3990856],
                    [8.0127078, 50.3991123],
                    [8.0131299, 50.3991519],
                    [8.0140448, 50.3999761],
                    [8.0141368, 50.4008045]
                ]
            }
        },
        {
            "type": "Feature",
            "id": "way/44327588",
            "properties": {
                "admin_level": "4",
                "boundary": "administrative",
                "source": "Hessische Verwaltung für Bodenmanagement und Geoinformation - Digitale Verwaltungsgrenzen (Shapefile)",
                "id": "way/44327588"
            },
            "geometry": {
                "type": "LineString",
                "coordinates": [
                    [8.0763893, 50.3423618],
                    [8.0768078, 50.3428335],
                    [8.0755377, 50.3434192],
                    [8.0766052, 50.3442281],
                    [8.0754975, 50.3448302],
                    [8.0755397, 50.3451527],
                    [8.075554, 50.3453061],
                    [8.0756452, 50.3459776],
                    [8.0757723, 50.34665],
                    [8.0757431, 50.347791],
                    [8.0766022, 50.3479737],
                    [8.0763803, 50.3483327],
                    [8.0759554, 50.3490648],
                    [8.0755678, 50.3497571],
                    [8.0755388, 50.3498216],
                    [8.0750177, 50.3498588],
                    [8.0738586, 50.3520283],
                    [8.0737907, 50.3521457],
                    [8.073646, 50.3524425],
                    [8.0732778, 50.3532712],
                    [8.0729032, 50.3541322],
                    [8.0728043, 50.3541186],
                    [8.0713999, 50.3537042],
                    [8.0708712, 50.3543657],
                    [8.070068, 50.3555665]
                ]
            }
        },
        {
            "type": "Feature",
            "id": "way/44327596",
            "properties": {
                "admin_level": "4",
                "boundary": "administrative",
                "source": "Hessische Verwaltung für Bodenmanagement und Geoinformation - Digitale Verwaltungsgrenzen (Shapefile)",
                "id": "way/44327596"
            },
            "geometry": {
                "type": "LineString",
                "coordinates": [
                    [7.9951993, 50.469377],
                    [7.9952089, 50.4694483],
                    [7.9952139, 50.4694856],
                    [7.9946818, 50.4706238],
                    [7.9942459, 50.4709749],
                    [7.99394, 50.471209],
                    [7.9935291, 50.4713912],
                    [7.9927213, 50.4716302],
                    [7.9924459, 50.4716799],
                    [7.9923157, 50.4716861],
                    [7.992007, 50.4716488],
                    [7.9896392, 50.4717226],
                    [7.9875966, 50.472256]
                ]
            }
        },
        {
            "type": "Feature",
            "id": "way/44327641",
            "properties": {
                "admin_level": "4",
                "boundary": "administrative",
                "source": "Hessische Verwaltung für Bodenmanagement und Geoinformation - Digitale Verwaltungsgrenzen (Shapefile)",
                "id": "way/44327641"
            },
            "geometry": {
                "type": "LineString",
                "coordinates": [
                    [8.1212934, 50.5396332],
                    [8.1189048, 50.5396475],
                    [8.1176844, 50.5388345],
                    [8.116181, 50.5383456],
                    [8.1124089, 50.5388686],
                    [8.1117034, 50.5392258],
                    [8.1112795, 50.5394348],
                    [8.1106675, 50.5397503],
                    [8.1098361, 50.5411415],
                    [8.1098046, 50.5414498],
                    [8.1099803, 50.5416148],
                    [8.1104195, 50.5418961],
                    [8.1106732, 50.5419588],
                    [8.1106068, 50.54297],
                    [8.1108649, 50.5433188],
                    [8.1113825, 50.5435807],
                    [8.1122126, 50.5438496],
                    [8.1126193, 50.5441926],
                    [8.1129789, 50.5449096],
                    [8.1165558, 50.5452599],
                    [8.1175145, 50.5457683],
                    [8.119067, 50.5468466],
                    [8.1189825, 50.5485745],
                    [8.119724, 50.5487084],
                    [8.1201032, 50.5486948],
                    [8.1213656, 50.5488588],
                    [8.1216312, 50.5488257],
                    [8.1226863, 50.5488079]
                ]
            }
        },
        {
            "type": "Feature",
            "id": "way/50261180",
            "properties": {
                "admin_level": "4",
                "boundary": "administrative",
                "source": "Hessische Verwaltung für Bodenmanagement und Geoinformation - Digitale Verwaltungsgrenzen (Shapefile)",
                "id": "way/50261180"
            },
            "geometry": {
                "type": "LineString",
                "coordinates": [
                    [7.9275188, 50.104602],
                    [7.9270148, 50.1048591],
                    [7.9266815, 50.1049537],
                    [7.9264897, 50.1055499],
                    [7.9264302, 50.1056829],
                    [7.9264699, 50.1057479],
                    [7.9267981, 50.1059931],
                    [7.9265556, 50.106494],
                    [7.9266414, 50.106735],
                    [7.9267929, 50.1069558],
                    [7.9267716, 50.1070093],
                    [7.9262281, 50.1075994],
                    [7.9258525, 50.1078144],
                    [7.9255017, 50.1083419],
                    [7.9253905, 50.1086381],
                    [7.9253056, 50.1090881],
                    [7.9253693, 50.1092582],
                    [7.9256402, 50.1095166],
                    [7.9257388, 50.1095608],
                    [7.926271, 50.1100006],
                    [7.9263461, 50.1102044],
                    [7.9265038, 50.1103408],
                    [7.9264886, 50.1106842],
                    [7.9260694, 50.1109311],
                    [7.9256691, 50.1114156],
                    [7.925389, 50.1118083],
                    [7.924846, 50.1121614],
                    [7.9246247, 50.1123284],
                    [7.9243407, 50.1127792],
                    [7.9243001, 50.1133867],
                    [7.9243674, 50.1137721],
                    [7.92423, 50.1139783],
                    [7.9243876, 50.1141119],
                    [7.9243249, 50.1145152],
                    [7.9245612, 50.1152136],
                    [7.9247537, 50.1153711],
                    [7.9250167, 50.1157074],
                    [7.9251578, 50.1160029],
                    [7.9253792, 50.1162544],
                    [7.9256208, 50.1163731],
                    [7.9258146, 50.1166167],
                    [7.9259181, 50.1170189],
                    [7.9260641, 50.1173493],
                    [7.9265431, 50.1177033],
                    [7.9268755, 50.1179349],
                    [7.9269883, 50.1181577],
                    [7.9274004, 50.1182929],
                    [7.927776, 50.1186958],
                    [7.9276962, 50.1189373],
                    [7.9275094, 50.1192468]
                ]
            }
        },
        {
            "type": "Feature",
            "id": "way/50321197",
            "properties": {
                "admin_level": "4",
                "boundary": "administrative",
                "source": "ALKIS Hessen + Shapefiles",
                "id": "way/50321197"
            },
            "geometry": {
                "type": "LineString",
                "coordinates": [
                    [7.9299518, 50.1039025],
                    [7.9292146, 50.1032629],
                    [7.9286542, 50.1032582],
                    [7.9272153, 50.1031734],
                    [7.9266313, 50.1030944],
                    [7.925881, 50.103215],
                    [7.9254844, 50.1033134],
                    [7.9247552, 50.1034769],
                    [7.9241832, 50.1035402],
                    [7.9238909, 50.1035961],
                    [7.9237389, 50.1035266],
                    [7.9235731, 50.1031928],
                    [7.9236552, 50.1029393],
                    [7.9241572, 50.1023917],
                    [7.9246745, 50.1020053],
                    [7.9252386, 50.101702],
                    [7.9252003, 50.1016528],
                    [7.9252575, 50.1016189],
                    [7.9252818, 50.1016597],
                    [7.9254792, 50.1011572],
                    [7.9254261, 50.1011854]
                ]
            }
        },
        {
            "type": "Feature",
            "id": "way/50322707",
            "properties": {
                "admin_level": "4",
                "boundary": "administrative",
                "source": "Hessische Verwaltung für Bodenmanagement und Geoinformation - Digitale Verwaltungsgrenzen (Shapefile)",
                "id": "way/50322707"
            },
            "geometry": {
                "type": "LineString",
                "coordinates": [
                    [7.9835685, 49.9828035],
                    [7.9764772, 49.9802248]
                ]
            }
        },
        {
            "type": "Feature",
            "id": "way/50323422",
            "properties": {
                "admin_level": "4",
                "boundary": "administrative",
                "source": "Hessische Verwaltung für Bodenmanagement und Geoinformation - Digitale Verwaltungsgrenzen (Shapefile)",
                "id": "way/50323422"
            },
            "geometry": {
                "type": "LineString",
                "coordinates": [
                    [7.9288627, 49.9741779],
                    [7.9202497, 49.9738967],
                    [7.9180119, 49.9742093],
                    [7.9163911, 49.9741082],
                    [7.9152378, 49.9740301],
                    [7.9138543, 49.9739198],
                    [7.9124744, 49.9737918],
                    [7.9120935, 49.9737532],
                    [7.9042145, 49.9729406],
                    [7.9028348, 49.9728098],
                    [7.9014517, 49.9726971],
                    [7.8903642, 49.9719069],
                    [7.8889731, 49.9718499],
                    [7.88852, 49.9718445],
                    [7.887579, 49.9718542],
                    [7.8865825, 49.9718945]
                ]
            }
        },
        {
            "type": "Feature",
            "id": "way/50325628",
            "properties": {
                "admin_level": "4",
                "boundary": "administrative",
                "source": "Hessische Verwaltung für Bodenmanagement und Geoinformation - Digitale Verwaltungsgrenzen (Shapefile)",
                "id": "way/50325628"
            },
            "geometry": {
                "type": "LineString",
                "coordinates": [
                    [7.8585972, 50.0065018],
                    [7.8579701, 50.0075199],
                    [7.8575443, 50.0082113],
                    [7.8570731, 50.0086971],
                    [7.8561473, 50.0097052],
                    [7.8533783, 50.0117324],
                    [7.8516204, 50.0134595],
                    [7.8493181, 50.0144859],
                    [7.8440614, 50.0165143],
                    [7.8399955, 50.0177128],
                    [7.8352394, 50.0194704],
                    [7.8338657, 50.0199904],
                    [7.8320702, 50.0207742],
                    [7.8305025, 50.021827]
                ]
            }
        },
        {
            "type": "Feature",
            "id": "way/51801048",
            "properties": {
                "admin_level": "4",
                "boundary": "administrative",
                "source": "Hessische Verwaltung für Bodenmanagement und Geoinformation - Digitale Verwaltungsgrenzen",
                "id": "way/51801048"
            },
            "geometry": {
                "type": "LineString",
                "coordinates": [
                    [8.472795, 49.7684031],
                    [8.4723225, 49.7685155],
                    [8.4709813, 49.7687467],
                    [8.4696129, 49.7689015],
                    [8.4682293, 49.7689783],
                    [8.4668408, 49.7689765],
                    [8.4654583, 49.768895],
                    [8.4640925, 49.7687358],
                    [8.4627425, 49.7685263],
                    [8.4600631, 49.7680557],
                    [8.457541, 49.7675441],
                    [8.4547596, 49.7669904],
                    [8.4520689, 49.766545],
                    [8.4493491, 49.7661823],
                    [8.4466066, 49.7659032],
                    [8.4438462, 49.7657081],
                    [8.4418386, 49.7656279]
                ]
            }
        },
        {
            "type": "Feature",
            "id": "way/51801488",
            "properties": {
                "admin_level": "4",
                "boundary": "administrative",
                "source": "Hessische Verwaltung für Bodenmanagement und Geoinformation - Digitale Verwaltungsgrenzen",
                "id": "way/51801488"
            },
            "geometry": {
                "type": "LineString",
                "coordinates": [
                    [8.3845795, 49.8173502],
                    [8.3833781, 49.8183387],
                    [8.382743, 49.8188827],
                    [8.3819562, 49.8196238],
                    [8.3812295, 49.8203898],
                    [8.3805642, 49.8211791],
                    [8.3799623, 49.8219894],
                    [8.3794253, 49.8228186],
                    [8.3789547, 49.8236645],
                    [8.3785519, 49.8245249],
                    [8.3782176, 49.8253974],
                    [8.3779528, 49.82628],
                    [8.3777583, 49.8271702],
                    [8.3777076, 49.8275361]
                ]
            }
        },
        {
            "type": "Feature",
            "id": "way/51801539",
            "properties": {
                "admin_level": "4",
                "boundary": "administrative",
                "source": "Hessische Verwaltung für Bodenmanagement und Geoinformation - Digitale Verwaltungsgrenzen",
                "id": "way/51801539"
            },
            "geometry": {
                "type": "LineString",
                "coordinates": [
                    [8.4131103, 49.7839264],
                    [8.4123155, 49.7861497],
                    [8.411618, 49.7878252],
                    [8.4104391, 49.789403],
                    [8.4096606, 49.7908566],
                    [8.4093119, 49.7921615],
                    [8.4079196, 49.794388],
                    [8.4069222, 49.7954156],
                    [8.4058941, 49.7966562],
                    [8.4051561, 49.797655],
                    [8.4033659, 49.7999261],
                    [8.4017296, 49.8018585],
                    [8.4001148, 49.8036351]
                ]
            }
        },
        {
            "type": "Feature",
            "id": "way/51844628",
            "properties": {
                "admin_level": "4",
                "boundary": "administrative",
                "source": "Hessische Verwaltung für Bodenmanagement und Geoinformation - Digitale Verwaltungsgrenzen",
                "id": "way/51844628"
            },
            "geometry": {
                "type": "LineString",
                "coordinates": [
                    [8.3765438, 49.8608045],
                    [8.3762075, 49.8609521],
                    [8.374656, 49.8615755],
                    [8.3729585, 49.8621379],
                    [8.37052, 49.8627332],
                    [8.3680525, 49.8630511],
                    [8.3597898, 49.8635074],
                    [8.3584341, 49.8637046]
                ]
            }
        },
        {
            "type": "Feature",
            "id": "way/51863104",
            "properties": {
                "admin_level": "4",
                "boundary": "administrative",
                "source": "Hessische Verwaltung für Bodenmanagement und Geoinformation - Digitale Verwaltungsgrenzen",
                "id": "way/51863104"
            },
            "geometry": {
                "type": "LineString",
                "coordinates": [
                    [8.3462203, 49.9334985],
                    [8.3461382, 49.9336661],
                    [8.3431435, 49.9402874]
                ]
            }
        },
        {
            "type": "Feature",
            "id": "way/52251395",
            "properties": {
                "admin_level": "4",
                "boundary": "administrative",
                "source": "Hessische Verwaltung für Bodenmanagement und Geoinformation - Digitale Verwaltungsgrenzen (Shapefile)",
                "id": "way/52251395"
            },
            "geometry": {
                "type": "LineString",
                "coordinates": [
                    [7.9750321, 50.4359438],
                    [7.9749664, 50.4360226],
                    [7.9750541, 50.4361652],
                    [7.97528, 50.4364577],
                    [7.9753103, 50.4364544],
                    [7.9754865, 50.4368424],
                    [7.9752643, 50.4376117],
                    [7.9766558, 50.4379879],
                    [7.9776231, 50.4382066],
                    [7.9784604, 50.438321],
                    [7.9807714, 50.4386088],
                    [7.9807624, 50.4386233],
                    [7.9826014, 50.4386886],
                    [7.9832978, 50.4387392],
                    [7.9837914, 50.4387841],
                    [7.9880597, 50.4394885],
                    [7.9893973, 50.4397127],
                    [7.9889121, 50.4404876],
                    [7.9890709, 50.441335],
                    [7.9895129, 50.4422261],
                    [7.9894341, 50.4423171],
                    [7.989293, 50.4428582]
                ]
            }
        },
        {
            "type": "Feature",
            "id": "way/52251398",
            "properties": {
                "admin_level": "4",
                "boundary": "administrative",
                "source": "Hessische Verwaltung für Bodenmanagement und Geoinformation - Digitale Verwaltungsgrenzen",
                "id": "way/52251398"
            },
            "geometry": {
                "type": "LineString",
                "coordinates": [
                    [8.0339556, 50.5518469],
                    [8.0348944, 50.5517796],
                    [8.0368539, 50.5517782],
                    [8.0385155, 50.5520911],
                    [8.0388249, 50.5521577],
                    [8.039992, 50.5524371],
                    [8.040385, 50.5526443],
                    [8.0410361, 50.5528443],
                    [8.0413043, 50.5530607],
                    [8.0418351, 50.5533085],
                    [8.0425041, 50.5535948],
                    [8.0431254, 50.5538948],
                    [8.041403, 50.5571162]
                ]
            }
        },
        {
            "type": "Feature",
            "id": "way/52251405",
            "properties": {
                "admin_level": "4",
                "boundary": "administrative",
                "source": "Hessische Verwaltung für Bodenmanagement und Geoinformation - Digitale Verwaltungsgrenzen",
                "id": "way/52251405"
            },
            "geometry": {
                "type": "LineString",
                "coordinates": [
                    [7.9829825, 50.5114668],
                    [7.9838462, 50.5118977],
                    [7.9852299, 50.5117386],
                    [7.9876027, 50.5124783],
                    [7.9885142, 50.5126449],
                    [7.9893202, 50.5130394],
                    [7.9902033, 50.5138577],
                    [7.9907943, 50.5147364]
                ]
            }
        },
        {
            "type": "Feature",
            "id": "way/52293519",
            "properties": {
                "admin_level": "4",
                "boundary": "administrative",
                "source": "Hessische Verwaltung für Bodenmanagement und Geoinformation - Digitale Verwaltungsgrenzen (Shapefile)",
                "id": "way/52293519"
            },
            "geometry": {
                "type": "LineString",
                "coordinates": [
                    [8.033361, 50.2637936],
                    [8.033896, 50.2638838],
                    [8.035154, 50.2640652],
                    [8.0358858, 50.2642955],
                    [8.035571, 50.2650574],
                    [8.0351694, 50.2660515],
                    [8.0352157, 50.267084],
                    [8.0352616, 50.2677737],
                    [8.0352728, 50.2680986],
                    [8.0352775, 50.2686004],
                    [8.0355771, 50.2691366],
                    [8.0364414, 50.2695974],
                    [8.0364649, 50.2698122],
                    [8.0358043, 50.2704867],
                    [8.0358503, 50.2712134],
                    [8.0370971, 50.2713153],
                    [8.0370269, 50.2714298],
                    [8.0384187, 50.271501],
                    [8.0384445, 50.2718878],
                    [8.0394378, 50.271835],
                    [8.0394491, 50.271921],
                    [8.0396445, 50.2719288],
                    [8.0400579, 50.2719691],
                    [8.0425761, 50.2725738]
                ]
            }
        },
        {
            "type": "Feature",
            "id": "way/52293527",
            "properties": {
                "admin_level": "4",
                "boundary": "administrative",
                "source": "Hessische Verwaltung für Bodenmanagement und Geoinformation - Digitale Verwaltungsgrenzen (Shapefile)",
                "id": "way/52293527"
            },
            "geometry": {
                "type": "LineString",
                "coordinates": [
                    [7.8541934, 50.1285672],
                    [7.8570221, 50.1282351],
                    [7.8583209, 50.1279183],
                    [7.8596398, 50.1276123],
                    [7.8597947, 50.1274306],
                    [7.8602522, 50.1274993],
                    [7.8607559, 50.1272859],
                    [7.8617148, 50.1263056],
                    [7.8621883, 50.1258967],
                    [7.8634657, 50.125236],
                    [7.864537, 50.1248894],
                    [7.86479, 50.1249783],
                    [7.86522, 50.1248703],
                    [7.8655424, 50.1247182],
                    [7.8656604, 50.1242554],
                    [7.8655669, 50.1239819],
                    [7.8658226, 50.1233044],
                    [7.8662633, 50.122815],
                    [7.8663903, 50.1224404],
                    [7.8661162, 50.1221495],
                    [7.8657986, 50.1215072],
                    [7.8657191, 50.1212663],
                    [7.8657437, 50.1209179],
                    [7.8658345, 50.1204312],
                    [7.8661036, 50.1204277],
                    [7.866919, 50.1206507],
                    [7.8675825, 50.1208955],
                    [7.8678839, 50.1210749],
                    [7.8681441, 50.121326]
                ]
            }
        },
        {
            "type": "Feature",
            "id": "way/52293530",
            "properties": {
                "admin_level": "4",
                "boundary": "administrative",
                "id": "way/52293530"
            },
            "geometry": {
                "type": "LineString",
                "coordinates": [
                    [7.9528103, 50.2204383],
                    [7.9522571, 50.2200266],
                    [7.9512424, 50.2195165],
                    [7.9508007, 50.219293],
                    [7.9506752, 50.2192277],
                    [7.9497892, 50.218666],
                    [7.9489234, 50.2180905],
                    [7.9480043, 50.2174884],
                    [7.9488258, 50.216699],
                    [7.9493433, 50.216202],
                    [7.9500405, 50.21553],
                    [7.9507299, 50.2148684],
                    [7.9514179, 50.2142072]
                ]
            }
        },
        {
            "type": "Feature",
            "id": "way/52293537",
            "properties": {
                "admin_level": "4",
                "boundary": "administrative",
                "source": "Hessische Verwaltung für Bodenmanagement und Geoinformation - Digitale Verwaltungsgrenzen (Shapefile)",
                "id": "way/52293537"
            },
            "geometry": {
                "type": "LineString",
                "coordinates": [
                    [8.0698015, 50.3581896],
                    [8.069792, 50.3582245],
                    [8.0669686, 50.357811],
                    [8.0666456, 50.362468],
                    [8.0662887, 50.3639753],
                    [8.0661186, 50.3649889]
                ]
            }
        },
        {
            "type": "Feature",
            "id": "way/52469553",
            "properties": {
                "admin_level": "4",
                "boundary": "administrative",
                "source": "Hessische Verwaltung für Bodenmanagement und Geoinformation - Digitale Verwaltungsgrenzen",
                "id": "way/52469553"
            },
            "geometry": {
                "type": "LineString",
                "coordinates": [
                    [9.0836984, 49.5262902],
                    [9.0834303, 49.5261995],
                    [9.0830769, 49.5259689],
                    [9.0826297, 49.5254197],
                    [9.0813846, 49.5254812],
                    [9.0801662, 49.525272],
                    [9.0788039, 49.524658],
                    [9.078489, 49.5246844],
                    [9.0783037, 49.5250282],
                    [9.0780459, 49.5253957],
                    [9.0776977, 49.5253966],
                    [9.0772052, 49.5254711],
                    [9.0765084, 49.5257825],
                    [9.0755291, 49.5258888],
                    [9.0744928, 49.52579],
                    [9.0741933, 49.5258253],
                    [9.0741462, 49.5259215],
                    [9.0731205, 49.5263282],
                    [9.0729107, 49.5265458],
                    [9.0719518, 49.5266319],
                    [9.0711944, 49.5266124],
                    [9.0707743, 49.5265463],
                    [9.0700237, 49.5266011],
                    [9.0696318, 49.5267515],
                    [9.0691301, 49.5271165],
                    [9.0685496, 49.5273161],
                    [9.0676665, 49.5280112],
                    [9.0669236, 49.5284944],
                    [9.0665533, 49.5288167],
                    [9.0664161, 49.5291561],
                    [9.0663206, 49.5296476],
                    [9.0662884, 49.5300546],
                    [9.0661463, 49.5303491],
                    [9.0658141, 49.5302387],
                    [9.0652752, 49.5302225],
                    [9.0649562, 49.5302356],
                    [9.0646058, 49.5302971],
                    [9.0642234, 49.530291],
                    [9.0640159, 49.5301558],
                    [9.0638275, 49.529885],
                    [9.0638328, 49.5294965],
                    [9.0637199, 49.5292708],
                    [9.0633882, 49.5291509],
                    [9.063174, 49.5290313],
                    [9.0630374, 49.5288629],
                    [9.0630138, 49.5286991],
                    [9.0628965, 49.528556],
                    [9.0627459, 49.5282473],
                    [9.0622721, 49.527878],
                    [9.0621398, 49.5278676],
                    [9.0617855, 49.5276065],
                    [9.0611476, 49.5273761],
                    [9.0609313, 49.5272609],
                    [9.0609013, 49.527206],
                    [9.0610685, 49.526998],
                    [9.0610549, 49.5269212],
                    [9.0609504, 49.5268128],
                    [9.0604607, 49.5266968],
                    [9.060381, 49.5265344],
                    [9.0602134, 49.525806],
                    [9.0600976, 49.5257016],
                    [9.0598559, 49.5256234],
                    [9.0597197, 49.5255445],
                    [9.059559, 49.5252958],
                    [9.0593069, 49.5249883],
                    [9.0592494, 49.5247981],
                    [9.0593086, 49.5245782],
                    [9.0591796, 49.5244053],
                    [9.0590189, 49.5242938],
                    [9.0588669, 49.5241342],
                    [9.0587376, 49.5235987]
                ]
            }
        },
        {
            "type": "Feature",
            "id": "way/52691000",
            "properties": {
                "admin_level": "4",
                "boundary": "administrative",
                "source": "Hessische Verwaltung für Bodenmanagement und Geoinformation - Digitale Verwaltungsgrenzen (Shapefile)",
                "id": "way/52691000"
            },
            "geometry": {
                "type": "LineString",
                "coordinates": [
                    [7.9653753, 50.4137159],
                    [7.9655024, 50.4136552],
                    [7.9662101, 50.4131929],
                    [7.9671912, 50.4130503],
                    [7.9680089, 50.4129657],
                    [7.9690169, 50.4128996],
                    [7.9699395, 50.413019],
                    [7.9706584, 50.4134],
                    [7.9722671, 50.4136341],
                    [7.973419, 50.4137791],
                    [7.9741489, 50.4139366],
                    [7.974999, 50.414291],
                    [7.9756247, 50.4146039],
                    [7.9768036, 50.4153121],
                    [7.9773726, 50.4155674],
                    [7.9777305, 50.415901],
                    [7.9780285, 50.4161676],
                    [7.9791665, 50.4168173],
                    [7.9796551, 50.4170879],
                    [7.9801052, 50.4173038],
                    [7.9804885, 50.4174774],
                    [7.9810253, 50.4179007],
                    [7.981231, 50.4179215],
                    [7.981531, 50.418129],
                    [7.9815313, 50.4183202],
                    [7.9818151, 50.418503],
                    [7.9818762, 50.419171],
                    [7.982034, 50.4194352],
                    [7.9819983, 50.4198545],
                    [7.9817085, 50.4202764],
                    [7.9818471, 50.4209674],
                    [7.981996, 50.4211431],
                    [7.9823599, 50.4216697],
                    [7.9828455, 50.4224625],
                    [7.9830584, 50.4224759],
                    [7.9830786, 50.4224944],
                    [7.9840803, 50.4223282],
                    [7.9844533, 50.4221549],
                    [7.9847997, 50.4220893],
                    [7.985046, 50.4219876],
                    [7.9852648, 50.422125],
                    [7.9859321, 50.4217996],
                    [7.9861615, 50.4217774],
                    [7.9867104, 50.4224112],
                    [7.9861297, 50.4226332],
                    [7.9860322, 50.4227425],
                    [7.9852365, 50.4229916],
                    [7.9835727, 50.4237147],
                    [7.9836291, 50.4237539],
                    [7.983656, 50.4237839],
                    [7.9838339, 50.4239269],
                    [7.9841273, 50.4243152],
                    [7.9839587, 50.4250517],
                    [7.983928, 50.4254208],
                    [7.9841583, 50.4257787],
                    [7.9845021, 50.425936],
                    [7.9852222, 50.4261121],
                    [7.9855499, 50.4261974],
                    [7.9859247, 50.4263112],
                    [7.9865642, 50.4268401],
                    [7.9868133, 50.4272467],
                    [7.9877093, 50.427887],
                    [7.9875627, 50.4287415],
                    [7.9873099, 50.4295186],
                    [7.9870874, 50.4297369],
                    [7.9858386, 50.4308512],
                    [7.9853065, 50.4310927],
                    [7.984845, 50.4313021],
                    [7.9844119, 50.4316582],
                    [7.9841844, 50.4324039],
                    [7.9850049, 50.4333695],
                    [7.9863629, 50.4334556],
                    [7.9872, 50.4334989],
                    [7.9876299, 50.433667],
                    [7.9881406, 50.4337466],
                    [7.9886659, 50.4338068],
                    [7.9890658, 50.4337258],
                    [7.9893266, 50.4336883]
                ]
            }
        },
        {
            "type": "Feature",
            "id": "way/52774675",
            "properties": {
                "admin_level": "4",
                "boundary": "administrative",
                "source": "Hessische Verwaltung für Bodenmanagement und Geoinformation - Digitale Verwaltungsgrenzen",
                "id": "way/52774675"
            },
            "geometry": {
                "type": "LineString",
                "coordinates": [
                    [10.0395733, 50.5319312],
                    [10.0396394, 50.5314224],
                    [10.0391154, 50.5301387],
                    [10.0386903, 50.5297186],
                    [10.0384584, 50.5294013],
                    [10.0384402, 50.5292241],
                    [10.0383484, 50.5290678],
                    [10.0383024, 50.5288392],
                    [10.0385194, 50.5286165],
                    [10.0389299, 50.5283332],
                    [10.0391187, 50.5281208],
                    [10.0389564, 50.5259907],
                    [10.0388784, 50.5242168],
                    [10.0388814, 50.5238798],
                    [10.0399699, 50.5238958],
                    [10.0406119, 50.5236815],
                    [10.0422442, 50.5230616],
                    [10.042341, 50.5222794],
                    [10.0423955, 50.5215643],
                    [10.0424759, 50.5207952],
                    [10.0425787, 50.5201593],
                    [10.0424506, 50.5194599],
                    [10.0421419, 50.5185945],
                    [10.0417203, 50.5177879],
                    [10.041486, 50.5172108],
                    [10.041237, 50.5164687]
                ]
            }
        },
        {
            "type": "Feature",
            "id": "way/52774677",
            "properties": {
                "admin_level": "4",
                "boundary": "administrative",
                "source": "Hessische Verwaltung für Bodenmanagement und Geoinformation - Digitale Verwaltungsgrenzen",
                "id": "way/52774677"
            },
            "geometry": {
                "type": "LineString",
                "coordinates": [
                    [10.0470387, 50.6006226],
                    [10.047884, 50.6000286],
                    [10.0487034, 50.599207],
                    [10.0489205, 50.5985997]
                ]
            }
        },
        {
            "type": "Feature",
            "id": "way/52774696",
            "properties": {
                "admin_level": "4",
                "boundary": "administrative",
                "source": "Hessische Verwaltung für Bodenmanagement und Geoinformation - Digitale Verwaltungsgrenzen",
                "id": "way/52774696"
            },
            "geometry": {
                "type": "LineString",
                "coordinates": [
                    [9.9549735, 50.6283938],
                    [9.9554414, 50.6291431],
                    [9.9583711, 50.629253],
                    [9.9600663, 50.6292067],
                    [9.9607345, 50.6292424]
                ]
            }
        },
        {
            "type": "Feature",
            "id": "way/52774700",
            "properties": {
                "admin_level": "4",
                "boundary": "administrative",
                "source": "Hessische Verwaltung für Bodenmanagement und Geoinformation - Digitale Verwaltungsgrenzen",
                "id": "way/52774700"
            },
            "geometry": {
                "type": "LineString",
                "coordinates": [
                    [9.9269127, 50.6298517],
                    [9.9275424, 50.6297445],
                    [9.9281652, 50.6296385],
                    [9.9280557, 50.6295316],
                    [9.9287371, 50.6293059],
                    [9.929728, 50.6289374],
                    [9.9306229, 50.6294982],
                    [9.9321019, 50.6294723],
                    [9.93238, 50.6294268],
                    [9.9329903, 50.6292045],
                    [9.9335214, 50.6289714],
                    [9.9344166, 50.628688],
                    [9.9356235, 50.6287025],
                    [9.9368824, 50.6286953],
                    [9.9395745, 50.6286557],
                    [9.9403544, 50.6286398],
                    [9.9400671, 50.6281985],
                    [9.940531, 50.6281233],
                    [9.9413934, 50.6279973],
                    [9.9431255, 50.6277822],
                    [9.9439263, 50.627795],
                    [9.9447017, 50.6275112],
                    [9.9450221, 50.627335],
                    [9.9462458, 50.6267102],
                    [9.9467158, 50.6269511],
                    [9.947027, 50.6272976],
                    [9.9488286, 50.6277868],
                    [9.9506327, 50.6286051],
                    [9.9519946, 50.6288547],
                    [9.9531018, 50.6290806],
                    [9.9529895, 50.6289051],
                    [9.9538207, 50.6285876],
                    [9.9542041, 50.6284722],
                    [9.9544861, 50.6284204],
                    [9.9549735, 50.6283938]
                ]
            }
        },
        {
            "type": "Feature",
            "id": "way/52774705",
            "properties": {
                "admin_level": "4",
                "boundary": "administrative",
                "source": "Hessische Verwaltung für Bodenmanagement und Geoinformation - Digitale Verwaltungsgrenzen",
                "id": "way/52774705"
            },
            "geometry": {
                "type": "LineString",
                "coordinates": [
                    [9.930482, 50.7565687],
                    [9.9307064, 50.7566711],
                    [9.9311812, 50.7569673],
                    [9.9309817, 50.7574232],
                    [9.9316072, 50.7578633],
                    [9.9316672, 50.7579138],
                    [9.9318766, 50.7579488],
                    [9.932205, 50.757983],
                    [9.9323951, 50.7579683],
                    [9.9325886, 50.7578867],
                    [9.9326701, 50.7579016],
                    [9.9327609, 50.7578093],
                    [9.9328515, 50.757765],
                    [9.9330131, 50.7574986],
                    [9.9330152, 50.757451],
                    [9.9329865, 50.7571707],
                    [9.9337795, 50.757343],
                    [9.9341685, 50.7575986],
                    [9.9344887, 50.7574947],
                    [9.9350365, 50.7573409],
                    [9.9355888, 50.7571777],
                    [9.936194, 50.7570099],
                    [9.9371577, 50.7566884],
                    [9.9381932, 50.7564576]
                ]
            }
        },
        {
            "type": "Feature",
            "id": "way/53169901",
            "properties": {
                "admin_level": "4",
                "boundary": "administrative",
                "source": "Hessische Verwaltung für Bodenmanagement und Geoinformation - Digitale Verwaltungsgrenzen (Shapefile)",
                "id": "way/53169901"
            },
            "geometry": {
                "type": "LineString",
                "coordinates": [
                    [8.128008, 50.6075231],
                    [8.1259049, 50.6099162],
                    [8.1305142, 50.6121886],
                    [8.1320443, 50.6134568],
                    [8.1339795, 50.6150732],
                    [8.1347525, 50.6156053],
                    [8.1362984, 50.6170167],
                    [8.1369307, 50.6173151],
                    [8.1379092, 50.6182706],
                    [8.1375501, 50.618385],
                    [8.1377481, 50.618854],
                    [8.1376416, 50.6188718],
                    [8.1376159, 50.6188453],
                    [8.1373487, 50.6187557],
                    [8.1372933, 50.6187274],
                    [8.1371502, 50.618708],
                    [8.1370605, 50.6187701],
                    [8.1369758, 50.6187884],
                    [8.1368873, 50.6187322],
                    [8.1367688, 50.6187002],
                    [8.1366396, 50.6187577],
                    [8.1364593, 50.618758],
                    [8.1360959, 50.6188195],
                    [8.1359826, 50.6188542],
                    [8.1358051, 50.6188748],
                    [8.1357034, 50.6192254],
                    [8.1373813, 50.6192861],
                    [8.1387887, 50.6198376],
                    [8.1382043, 50.6216839],
                    [8.1380244, 50.6222306],
                    [8.1376852, 50.6231438],
                    [8.1394781, 50.6238565],
                    [8.1400668, 50.6241072],
                    [8.1400699, 50.6244432],
                    [8.1394522, 50.6257404],
                    [8.1411402, 50.6263582],
                    [8.1412522, 50.6269178],
                    [8.140097, 50.6283469],
                    [8.1391974, 50.6296077],
                    [8.1407159, 50.6301947],
                    [8.1401754, 50.6311911],
                    [8.1405829, 50.631511]
                ]
            }
        },
        {
            "type": "Feature",
            "id": "way/53169918",
            "properties": {
                "admin_level": "4",
                "boundary": "administrative",
                "source": "Hessische Verwaltung für Bodenmanagement und Geoinformation - Digitale Verwaltungsgrenzen",
                "id": "way/53169918"
            },
            "geometry": {
                "type": "LineString",
                "coordinates": [
                    [8.041403, 50.5571162],
                    [8.0437899, 50.5571205],
                    [8.0459808, 50.5571479],
                    [8.0461974, 50.5563588],
                    [8.0468315, 50.5562371],
                    [8.0471883, 50.5558211],
                    [8.0476146, 50.5549626],
                    [8.0475552, 50.5548824],
                    [8.0476025, 50.5536469],
                    [8.0476857, 50.5536333],
                    [8.0478846, 50.5535494],
                    [8.0484541, 50.5532354],
                    [8.0494214, 50.552933],
                    [8.0496554, 50.5528555],
                    [8.0512332, 50.5526902],
                    [8.0526287, 50.5526893],
                    [8.0538118, 50.5527973],
                    [8.0540598, 50.5523155],
                    [8.0542656, 50.5517558],
                    [8.055122, 50.5520526],
                    [8.0555129, 50.5514188],
                    [8.055524, 50.5513152],
                    [8.0557702, 50.5513585],
                    [8.05594, 50.5511435],
                    [8.0561868, 50.5511743],
                    [8.0566379, 50.5511982],
                    [8.0571897, 50.551285],
                    [8.0574132, 50.5510346],
                    [8.0576441, 50.5507971],
                    [8.0578589, 50.5505034],
                    [8.0582086, 50.5502043],
                    [8.0582691, 50.5503048],
                    [8.058269, 50.5504026],
                    [8.0587519, 50.550268],
                    [8.0593938, 50.5500802],
                    [8.0602558, 50.5499225],
                    [8.0604697, 50.54988],
                    [8.0610986, 50.5498625],
                    [8.0611648, 50.5500746],
                    [8.0617812, 50.5499129],
                    [8.0623012, 50.5498547],
                    [8.0623251, 50.5498035],
                    [8.0624616, 50.5495704],
                    [8.0625564, 50.5495561],
                    [8.062725, 50.5494811],
                    [8.0630482, 50.5494208],
                    [8.0634278, 50.5494105],
                    [8.0637306, 50.549256],
                    [8.0641101, 50.5491292],
                    [8.0647278, 50.5490885],
                    [8.0647676, 50.5492817],
                    [8.0656937, 50.5493949],
                    [8.0658071, 50.5492351],
                    [8.066289, 50.5490729],
                    [8.0666319, 50.5488781],
                    [8.0668708, 50.5483087],
                    [8.0668188, 50.5480855],
                    [8.0668742, 50.5477835],
                    [8.0672864, 50.5469396],
                    [8.0674748, 50.5464839],
                    [8.0675725, 50.5463619],
                    [8.0679925, 50.5461994],
                    [8.069216, 50.5459797]
                ]
            }
        },
        {
            "type": "Feature",
            "id": "way/53169922",
            "properties": {
                "admin_level": "4",
                "boundary": "administrative",
                "source": "Hessische Verwaltung für Bodenmanagement und Geoinformation - Digitale Verwaltungsgrenzen",
                "id": "way/53169922"
            },
            "geometry": {
                "type": "LineString",
                "coordinates": [
                    [8.069216, 50.5459797],
                    [8.069015, 50.5431428],
                    [8.0695278, 50.5422041],
                    [8.0698899, 50.5408566],
                    [8.0704452, 50.5390853],
                    [8.0704867, 50.538563],
                    [8.0705725, 50.5378093]
                ]
            }
        },
        {
            "type": "Feature",
            "id": "way/53169928",
            "properties": {
                "admin_level": "4",
                "boundary": "administrative",
                "source": "Hessische Verwaltung für Bodenmanagement und Geoinformation - Digitale Verwaltungsgrenzen (Shapefile)",
                "id": "way/53169928"
            },
            "geometry": {
                "type": "LineString",
                "coordinates": [
                    [8.1373438, 50.5521877],
                    [8.1355643, 50.5531481],
                    [8.1361823, 50.5535715],
                    [8.1361332, 50.5537052],
                    [8.1344361, 50.5558281],
                    [8.1345547, 50.5562412],
                    [8.1343182, 50.5563731],
                    [8.1337209, 50.5565439],
                    [8.1325135, 50.5567989],
                    [8.1322125, 50.5568693],
                    [8.1325701, 50.5578248],
                    [8.1328586, 50.5589719],
                    [8.1330153, 50.5595525],
                    [8.1332352, 50.5604768],
                    [8.1336221, 50.5609661],
                    [8.1338403, 50.5611677],
                    [8.1333114, 50.5616893],
                    [8.1351502, 50.5624009],
                    [8.1350703, 50.5626487],
                    [8.1345794, 50.5639933],
                    [8.1364031, 50.5644553],
                    [8.1361437, 50.5654914],
                    [8.1378061, 50.5657258],
                    [8.1382616, 50.5660711],
                    [8.1395329, 50.5664393],
                    [8.1396474, 50.5668487],
                    [8.1395128, 50.5674102],
                    [8.1396873, 50.5678688],
                    [8.1396625, 50.5681331],
                    [8.1395331, 50.5690169],
                    [8.1400126, 50.5704188],
                    [8.1403079, 50.5720965],
                    [8.1416889, 50.5734291],
                    [8.1424792, 50.5750184],
                    [8.142917, 50.5757625],
                    [8.1435783, 50.5767457],
                    [8.144155, 50.5776212],
                    [8.1451196, 50.5794686],
                    [8.1462003, 50.5805717],
                    [8.1470091, 50.5820071]
                ]
            }
        },
        {
            "type": "Feature",
            "id": "way/53169939",
            "properties": {
                "admin_level": "4",
                "boundary": "administrative",
                "source": "Hessische Verwaltung für Bodenmanagement und Geoinformation - Digitale Verwaltungsgrenzen (Shapefile)",
                "id": "way/53169939"
            },
            "geometry": {
                "type": "LineString",
                "coordinates": [
                    [8.1470091, 50.5820071],
                    [8.1468799, 50.5835782],
                    [8.147323, 50.5856682],
                    [8.1487425, 50.5873136],
                    [8.148852, 50.5876139],
                    [8.1501263, 50.5888951],
                    [8.1522888, 50.5938529],
                    [8.1520406, 50.595971],
                    [8.1515752, 50.599553]
                ]
            }
        },
        {
            "type": "Feature",
            "id": "way/53169966",
            "properties": {
                "admin_level": "4",
                "boundary": "administrative",
                "source": "Hessische Verwaltung für Bodenmanagement und Geoinformation - Digitale Verwaltungsgrenzen (Shapefile)",
                "id": "way/53169966"
            },
            "geometry": {
                "type": "LineString",
                "coordinates": [
                    [8.1129047, 50.6540911],
                    [8.1100478, 50.6574552],
                    [8.109876, 50.6656172],
                    [8.1103914, 50.6712679],
                    [8.1124693, 50.6757876]
                ]
            }
        },
        {
            "type": "Feature",
            "id": "way/53169970",
            "properties": {
                "admin_level": "4",
                "boundary": "administrative",
                "source": "Hessische Verwaltung für Bodenmanagement und Geoinformation - Digitale Verwaltungsgrenzen (Shapefile)",
                "id": "way/53169970"
            },
            "geometry": {
                "type": "LineString",
                "coordinates": [
                    [8.1209753, 50.6481444],
                    [8.1188173, 50.6506582]
                ]
            }
        },
        {
            "type": "Feature",
            "id": "way/53169972",
            "properties": {
                "admin_level": "4",
                "boundary": "administrative",
                "source": "Hessische Verwaltung für Bodenmanagement und Geoinformation - Digitale Verwaltungsgrenzen (Shapefile)",
                "id": "way/53169972"
            },
            "geometry": {
                "type": "LineString",
                "coordinates": [
                    [8.114455, 50.6522524],
                    [8.1142724, 50.652469]
                ]
            }
        },
        {
            "type": "Feature",
            "id": "way/53169973",
            "properties": {
                "admin_level": "4",
                "boundary": "administrative",
                "source": "Hessische Verwaltung für Bodenmanagement und Geoinformation - Digitale Verwaltungsgrenzen (Shapefile)",
                "id": "way/53169973"
            },
            "geometry": {
                "type": "LineString",
                "coordinates": [
                    [8.1142724, 50.652469],
                    [8.1129047, 50.6540911]
                ]
            }
        },
        {
            "type": "Feature",
            "id": "way/53169975",
            "properties": {
                "admin_level": "4",
                "boundary": "administrative",
                "source": "Hessische Verwaltung für Bodenmanagement und Geoinformation - Digitale Verwaltungsgrenzen (Shapefile)",
                "id": "way/53169975"
            },
            "geometry": {
                "type": "LineString",
                "coordinates": [
                    [8.1124693, 50.6757876],
                    [8.1126168, 50.6757553],
                    [8.112685, 50.6757937],
                    [8.1127943, 50.6757146],
                    [8.1128719, 50.6757397],
                    [8.1128704, 50.6758227],
                    [8.1131867, 50.675739],
                    [8.1135745, 50.6758994],
                    [8.1139383, 50.6756371],
                    [8.1140832, 50.6756236],
                    [8.1147781, 50.6758711],
                    [8.1149282, 50.6758668],
                    [8.1150398, 50.6759397],
                    [8.1152933, 50.6758266],
                    [8.1153647, 50.6759211],
                    [8.1155785, 50.6758795],
                    [8.1158727, 50.6760226],
                    [8.1159598, 50.6761472],
                    [8.116095, 50.6762156],
                    [8.1166498, 50.6760802],
                    [8.1167741, 50.6762106],
                    [8.1169805, 50.6763207],
                    [8.1173026, 50.676482],
                    [8.1174812, 50.6764044],
                    [8.1177283, 50.676443],
                    [8.1177352, 50.6765496],
                    [8.1178238, 50.676569],
                    [8.1178724, 50.6764434],
                    [8.1180566, 50.6764528],
                    [8.1181064, 50.676516],
                    [8.1184168, 50.676448],
                    [8.1186694, 50.6765291],
                    [8.1188266, 50.676659],
                    [8.1189744, 50.6766505],
                    [8.1190629, 50.6767598],
                    [8.119386, 50.6768172],
                    [8.1195315, 50.6771137],
                    [8.1196758, 50.6771937],
                    [8.1200899, 50.6774864],
                    [8.1202117, 50.6775937],
                    [8.1205862, 50.6777236],
                    [8.120438, 50.6780076],
                    [8.1208502, 50.6781074]
                ]
            }
        },
        {
            "type": "Feature",
            "id": "way/53246453",
            "properties": {
                "admin_level": "4",
                "boundary": "administrative",
                "source": "Hessische Verwaltung für Bodenmanagement und Geoinformation - Digitale Verwaltungsgrenzen (Shapefile)",
                "id": "way/53246453"
            },
            "geometry": {
                "type": "LineString",
                "coordinates": [
                    [7.989293, 50.4428582],
                    [7.990583, 50.4440131],
                    [8.0010104, 50.4451614]
                ]
            }
        },
        {
            "type": "Feature",
            "id": "way/53246490",
            "properties": {
                "admin_level": "4",
                "boundary": "administrative",
                "source": "Hessische Verwaltung für Bodenmanagement und Geoinformation - Digitale Verwaltungsgrenzen (Shapefile)",
                "id": "way/53246490"
            },
            "geometry": {
                "type": "LineString",
                "coordinates": [
                    [7.9875966, 50.472256],
                    [7.987402, 50.4728456],
                    [7.9872998, 50.4731853],
                    [7.9871658, 50.4742327],
                    [7.988167, 50.4747545],
                    [7.9889075, 50.4754097],
                    [7.9888904, 50.4754388],
                    [7.98878, 50.4755774],
                    [7.9886603, 50.4756991],
                    [7.9882942, 50.4756125],
                    [7.9871782, 50.4752452],
                    [7.9863576, 50.4749981],
                    [7.9860471, 50.4755784],
                    [7.9859691, 50.4759679],
                    [7.9856683, 50.4766236],
                    [7.9858021, 50.4768772],
                    [7.9859013, 50.4772485],
                    [7.9860391, 50.4773465],
                    [7.9863757, 50.4774301],
                    [7.9864368, 50.4776512],
                    [7.9867084, 50.4780334],
                    [7.9871542, 50.478127],
                    [7.9872891, 50.4783306],
                    [7.987204, 50.4788207],
                    [7.9871744, 50.4788933],
                    [7.9875279, 50.479141],
                    [7.9875307, 50.4794365],
                    [7.9873587, 50.4796139],
                    [7.9872317, 50.4797082],
                    [7.9871916, 50.4797718],
                    [7.9868998, 50.4798001],
                    [7.9864449, 50.4797526],
                    [7.9861154, 50.4797717],
                    [7.9861449, 50.4813195],
                    [7.9860271, 50.4815053],
                    [7.9857858, 50.4819572],
                    [7.9856723, 50.4822003],
                    [7.9854567, 50.4826271],
                    [7.9849303, 50.4826325],
                    [7.9843204, 50.4826309],
                    [7.9835743, 50.4826138],
                    [7.9820338, 50.4825649],
                    [7.9791426, 50.484659],
                    [7.979883, 50.4854149],
                    [7.9799736, 50.4854241],
                    [7.9798741, 50.4854739],
                    [7.9799086, 50.4855167],
                    [7.9794788, 50.485797],
                    [7.9790416, 50.4860967],
                    [7.9788657, 50.4863878],
                    [7.9787439, 50.4876534],
                    [7.9789997, 50.4880802],
                    [7.9793862, 50.4886916],
                    [7.9796045, 50.4890054],
                    [7.97988, 50.4893511],
                    [7.9802146, 50.4898032],
                    [7.9805096, 50.4900869],
                    [7.980706, 50.4900792],
                    [7.9808629, 50.4902549],
                    [7.9809068, 50.4906056],
                    [7.9808464, 50.4908199],
                    [7.9807058, 50.4912296],
                    [7.9805494, 50.491543],
                    [7.9803643, 50.4918697],
                    [7.9803261, 50.4921514],
                    [7.9804021, 50.4924006],
                    [7.9806507, 50.4927958],
                    [7.9808468, 50.4930089],
                    [7.9811384, 50.493386],
                    [7.9809145, 50.4935253],
                    [7.9809055, 50.4940118],
                    [7.9807449, 50.4940433],
                    [7.9808564, 50.4942104],
                    [7.9808254, 50.49421]
                ]
            }
        },
        {
            "type": "Feature",
            "id": "way/53246516",
            "properties": {
                "admin_level": "4",
                "boundary": "administrative",
                "source": "Hessische Verwaltung für Bodenmanagement und Geoinformation - Digitale Verwaltungsgrenzen",
                "id": "way/53246516"
            },
            "geometry": {
                "type": "LineString",
                "coordinates": [
                    [7.978892, 50.4951356],
                    [7.9788906, 50.4951528],
                    [7.9787944, 50.4953477],
                    [7.9787439, 50.4954388],
                    [7.9792496, 50.4954395],
                    [7.9799127, 50.4955822],
                    [7.9804069, 50.4956651],
                    [7.9807135, 50.4956898],
                    [7.9812287, 50.4956907],
                    [7.9822945, 50.495683],
                    [7.9830767, 50.4958705],
                    [7.9828796, 50.4959207],
                    [7.9833913, 50.4960019],
                    [7.9848248, 50.4963702],
                    [7.9862577, 50.4966428],
                    [7.9888583, 50.4979997],
                    [7.9893151, 50.4981935],
                    [7.9899741, 50.4983948],
                    [7.9884834, 50.4993761],
                    [7.9875967, 50.5004996],
                    [7.9875013, 50.5006306],
                    [7.9872288, 50.5009471],
                    [7.9869015, 50.5015521],
                    [7.9858483, 50.5033996],
                    [7.9853436, 50.5054082],
                    [7.985118, 50.5061055],
                    [7.9850855, 50.5062059],
                    [7.9849022, 50.5067115],
                    [7.9846559, 50.5076458],
                    [7.9845583, 50.5080693],
                    [7.9846641, 50.5089319],
                    [7.9845249, 50.5094803],
                    [7.9840675, 50.5099654],
                    [7.9834284, 50.5104992],
                    [7.9829825, 50.5114668]
                ]
            }
        },
        {
            "type": "Feature",
            "id": "way/53282682",
            "properties": {
                "admin_level": "4",
                "boundary": "administrative",
                "source": "Hessische Verwaltung für Bodenmanagement und Geoinformation - Digitale Verwaltungsgrenzen",
                "id": "way/53282682"
            },
            "geometry": {
                "type": "LineString",
                "coordinates": [
                    [7.9996816, 50.5274395],
                    [8.0020848, 50.5281583],
                    [8.0026894, 50.5283474],
                    [8.0028919, 50.5287676],
                    [8.0033627, 50.5295256],
                    [8.0040407, 50.5301373],
                    [8.0046046, 50.5305862],
                    [8.0058925, 50.530205],
                    [8.0092277, 50.5292706]
                ]
            }
        },
        {
            "type": "Feature",
            "id": "way/53282708",
            "properties": {
                "admin_level": "4",
                "boundary": "administrative",
                "source": "Hessische Verwaltung für Bodenmanagement und Geoinformation - Digitale Verwaltungsgrenzen",
                "id": "way/53282708"
            },
            "geometry": {
                "type": "LineString",
                "coordinates": [
                    [7.9957863, 50.5194428],
                    [7.9945174, 50.5206952],
                    [7.9927844, 50.5221564],
                    [7.9949977, 50.5235744],
                    [7.9963176, 50.5248467]
                ]
            }
        },
        {
            "type": "Feature",
            "id": "way/53282711",
            "properties": {
                "admin_level": "4",
                "boundary": "administrative",
                "source": "Hessische Verwaltung für Bodenmanagement und Geoinformation - Digitale Verwaltungsgrenzen",
                "id": "way/53282711"
            },
            "geometry": {
                "type": "LineString",
                "coordinates": [
                    [7.9907943, 50.5147364],
                    [7.9932907, 50.5153137],
                    [7.9967016, 50.5173713],
                    [7.9961004, 50.5187191],
                    [7.9957863, 50.5194428]
                ]
            }
        },
        {
            "type": "Feature",
            "id": "way/53282746",
            "properties": {
                "admin_level": "4",
                "boundary": "administrative",
                "source": "Hessische Verwaltung für Bodenmanagement und Geoinformation - Digitale Verwaltungsgrenzen",
                "id": "way/53282746"
            },
            "geometry": {
                "type": "LineString",
                "coordinates": [
                    [8.0240925, 50.5422952],
                    [8.0243087, 50.5423914],
                    [8.0251762, 50.542742],
                    [8.0253493, 50.5428617],
                    [8.0253748, 50.5428793],
                    [8.0263881, 50.5434062],
                    [8.0281255, 50.5443956],
                    [8.028474, 50.5451059],
                    [8.0282294, 50.5459525],
                    [8.0279606, 50.5465322],
                    [8.0280154, 50.5472407],
                    [8.0289433, 50.5479931],
                    [8.0290992, 50.5487158],
                    [8.0292124, 50.548999],
                    [8.0293128, 50.5493884],
                    [8.0293413, 50.5496065],
                    [8.0287062, 50.5498587],
                    [8.0284041, 50.5501283],
                    [8.0283604, 50.550563],
                    [8.0294474, 50.5506994],
                    [8.0303848, 50.5508511],
                    [8.0311703, 50.5508994],
                    [8.0318971, 50.5509884],
                    [8.0330373, 50.5512008],
                    [8.0335695, 50.5514073],
                    [8.0339556, 50.5518469]
                ]
            }
        },
        {
            "type": "Feature",
            "id": "way/53582093",
            "properties": {
                "admin_level": "4",
                "boundary": "administrative",
                "id": "way/53582093"
            },
            "geometry": {
                "type": "LineString",
                "coordinates": [
                    [7.9895634, 50.4008157],
                    [7.989611, 50.400766],
                    [7.9890367, 50.400379],
                    [7.9888489, 50.4002515],
                    [7.988091, 50.3999403],
                    [7.9883587, 50.3997701],
                    [7.9880009, 50.3995172],
                    [7.9877782, 50.3994711],
                    [7.9875311, 50.3994785],
                    [7.9872504, 50.399556],
                    [7.9869875, 50.3995886],
                    [7.9867683, 50.399606],
                    [7.986545, 50.3995546],
                    [7.9862842, 50.399603],
                    [7.9856095, 50.3993601],
                    [7.9850841, 50.3991682],
                    [7.9844443, 50.3990247],
                    [7.9841155, 50.398822],
                    [7.983712, 50.3986065],
                    [7.9837157, 50.398392],
                    [7.9836227, 50.3982614],
                    [7.9840733, 50.3981766],
                    [7.9842059, 50.3981498],
                    [7.9848161, 50.3979381],
                    [7.985656, 50.3977185],
                    [7.985681, 50.3977167],
                    [7.9865482, 50.3976719],
                    [7.9870628, 50.39778],
                    [7.9876397, 50.3979254],
                    [7.988455, 50.3980679],
                    [7.9889767, 50.3981609],
                    [7.9895629, 50.3982638]
                ]
            }
        },
        {
            "type": "Feature",
            "id": "way/53582107",
            "properties": {
                "admin_level": "4",
                "boundary": "administrative",
                "id": "way/53582107"
            },
            "geometry": {
                "type": "LineString",
                "coordinates": [
                    [8.0626201, 50.370954],
                    [8.0597058, 50.3753877],
                    [8.059653, 50.3754337],
                    [8.0596461, 50.3754223],
                    [8.0596563, 50.3754159],
                    [8.0590387, 50.374372],
                    [8.0586944, 50.3733063],
                    [8.0575307, 50.3733533],
                    [8.0559614, 50.3738416],
                    [8.0526299, 50.3752566]
                ]
            }
        },
        {
            "type": "Feature",
            "id": "way/53582108",
            "properties": {
                "admin_level": "4",
                "boundary": "administrative",
                "source": "Hessische Verwaltung für Bodenmanagement und Geoinformation - Digitale Verwaltungsgrenzen (Shapefile)",
                "id": "way/53582108"
            },
            "geometry": {
                "type": "LineString",
                "coordinates": [
                    [8.0144194, 50.3847373],
                    [8.0154507, 50.3847777],
                    [8.0158357, 50.3848252],
                    [8.0161968, 50.3849153],
                    [8.016659, 50.3851155],
                    [8.0173577, 50.3854784],
                    [8.0184052, 50.3859121],
                    [8.0188127, 50.3860144],
                    [8.0197983, 50.3862094],
                    [8.0202369, 50.3862529],
                    [8.0202312, 50.3866901],
                    [8.0202128, 50.387058],
                    [8.0198241, 50.3876308]
                ]
            }
        },
        {
            "type": "Feature",
            "id": "way/53772064",
            "properties": {
                "admin_level": "4",
                "boundary": "administrative",
                "source": "ALKIS Hessen + Shapefiles",
                "id": "way/53772064"
            },
            "geometry": {
                "type": "LineString",
                "coordinates": [
                    [8.1217134, 50.2773533],
                    [8.1214539, 50.2770088],
                    [8.1212768, 50.2768746],
                    [8.1210949, 50.2766513],
                    [8.1209209, 50.2765313],
                    [8.1207778, 50.2763488],
                    [8.1206996, 50.2762881],
                    [8.1204032, 50.2761249],
                    [8.1201656, 50.2758876],
                    [8.1195294, 50.2755892],
                    [8.1188824, 50.2750995],
                    [8.1187192, 50.2749968],
                    [8.1183246, 50.2745924],
                    [8.1182343, 50.2745843],
                    [8.118049, 50.2744533],
                    [8.1178792, 50.2743819],
                    [8.1177437, 50.2742298],
                    [8.1172757, 50.2740715],
                    [8.117191, 50.2739697],
                    [8.1169012, 50.2739153],
                    [8.1168019, 50.2737109],
                    [8.1161703, 50.2736153],
                    [8.1157901, 50.2732183],
                    [8.1154248, 50.2730448],
                    [8.1152048, 50.2728855],
                    [8.1145137, 50.2725634],
                    [8.1141827, 50.2723582],
                    [8.113812, 50.2720096],
                    [8.1132039, 50.2714889],
                    [8.1123539, 50.2704454],
                    [8.1117283, 50.2705132],
                    [8.111327, 50.2705614]
                ]
            }
        },
        {
            "type": "Feature",
            "id": "way/53772065",
            "properties": {
                "admin_level": "4",
                "boundary": "administrative",
                "source": "Hessische Verwaltung für Bodenmanagement und Geoinformation - Digitale Verwaltungsgrenzen (Shapefile)",
                "id": "way/53772065"
            },
            "geometry": {
                "type": "LineString",
                "coordinates": [
                    [8.0425761, 50.2725738],
                    [8.0435536, 50.2727722],
                    [8.0446899, 50.2725136],
                    [8.0494205, 50.2741169],
                    [8.0493788, 50.2740775],
                    [8.049324, 50.273533],
                    [8.0493653, 50.2735107],
                    [8.0517082, 50.2736641],
                    [8.0531826, 50.2739363],
                    [8.0534871, 50.2738758],
                    [8.0540776, 50.273809],
                    [8.0540719, 50.2735083],
                    [8.0539953, 50.2733185],
                    [8.0540111, 50.2731998],
                    [8.0540134, 50.2728947],
                    [8.0552674, 50.2727885],
                    [8.0554768, 50.272816],
                    [8.0555313, 50.2729108],
                    [8.0556135, 50.2729275],
                    [8.0561933, 50.272857],
                    [8.0563427, 50.2736236],
                    [8.0596154, 50.2734777],
                    [8.0596747, 50.2734446]
                ]
            }
        },
        {
            "type": "Feature",
            "id": "way/53772066",
            "properties": {
                "admin_level": "4",
                "boundary": "administrative",
                "source": "Hessische Verwaltung für Bodenmanagement und Geoinformation - Digitale Verwaltungsgrenzen (Shapefile)",
                "id": "way/53772066"
            },
            "geometry": {
                "type": "LineString",
                "coordinates": [
                    [8.0596747, 50.2734446],
                    [8.0597355, 50.2734107],
                    [8.0609866, 50.2726379],
                    [8.0616192, 50.2729145],
                    [8.0622199, 50.2730861],
                    [8.0640245, 50.2733617],
                    [8.0642092, 50.2731076],
                    [8.0645225, 50.2726924],
                    [8.0649896, 50.2720846],
                    [8.0666866, 50.2726019],
                    [8.0667987, 50.2723629],
                    [8.0669301, 50.2722314],
                    [8.0675206, 50.2722728],
                    [8.0684096, 50.2724979],
                    [8.0697426, 50.2728128],
                    [8.070211, 50.27296],
                    [8.0718781, 50.273502],
                    [8.0721505, 50.2735297],
                    [8.0736143, 50.2714724],
                    [8.0736323, 50.2713869],
                    [8.0734444, 50.2705916],
                    [8.0732711, 50.2697205],
                    [8.0733172, 50.2696588],
                    [8.0737227, 50.2682269],
                    [8.0737371, 50.2681578],
                    [8.0740206, 50.2678465],
                    [8.0743706, 50.2671767],
                    [8.0748122, 50.2669343],
                    [8.0749014, 50.2669204],
                    [8.0750577, 50.2668796],
                    [8.0756258, 50.2668369],
                    [8.0757883, 50.2668697],
                    [8.0759559, 50.2669109],
                    [8.0805218, 50.2661262],
                    [8.0826049, 50.2657952],
                    [8.0824965, 50.2653959],
                    [8.0820782, 50.2648159],
                    [8.0817237, 50.2643665],
                    [8.0811512, 50.2634951],
                    [8.0809124, 50.263152],
                    [8.0801781, 50.2621879],
                    [8.0801204, 50.2621199],
                    [8.0799555, 50.2618555],
                    [8.0796301, 50.2616015],
                    [8.0792609, 50.2610611],
                    [8.0788657, 50.2605184]
                ]
            }
        },
        {
            "type": "Feature",
            "id": "way/53772070",
            "properties": {
                "admin_level": "4",
                "boundary": "administrative",
                "source": "Hessische Verwaltung für Bodenmanagement und Geoinformation - Digitale Verwaltungsgrenzen (Shapefile)",
                "id": "way/53772070"
            },
            "geometry": {
                "type": "LineString",
                "coordinates": [
                    [8.0864065, 50.3299076],
                    [8.0858394, 50.3301315],
                    [8.0854416, 50.3302539],
                    [8.085325, 50.3302649],
                    [8.0844157, 50.3302374],
                    [8.0830407, 50.3305372],
                    [8.0831309, 50.3307753],
                    [8.082884, 50.3308579],
                    [8.0816657, 50.3309609],
                    [8.0817318, 50.3312468],
                    [8.0805198, 50.3312876],
                    [8.0798137, 50.3311406],
                    [8.0792981, 50.330816],
                    [8.0783523, 50.3306824],
                    [8.0770847, 50.3304969],
                    [8.0765375, 50.3302994],
                    [8.0763734, 50.3302839],
                    [8.0739043, 50.3300997],
                    [8.0737066, 50.3308893],
                    [8.0738406, 50.3312554],
                    [8.071398, 50.3313817],
                    [8.0712685, 50.3315523],
                    [8.0712381, 50.3316402],
                    [8.0712921, 50.3316868],
                    [8.0717138, 50.3317007],
                    [8.0722304, 50.3324969],
                    [8.072319, 50.3325713],
                    [8.0710452, 50.3326361]
                ]
            }
        },
        {
            "type": "Feature",
            "id": "way/53772084",
            "properties": {
                "admin_level": "4",
                "boundary": "administrative",
                "source": "Hessische Verwaltung für Bodenmanagement und Geoinformation - Digitale Verwaltungsgrenzen (Shapefile)",
                "id": "way/53772084"
            },
            "geometry": {
                "type": "LineString",
                "coordinates": [
                    [8.0710452, 50.3326361],
                    [8.0711633, 50.3327192],
                    [8.0716626, 50.3328572],
                    [8.0717453, 50.3332586],
                    [8.0723525, 50.3332694],
                    [8.0723859, 50.3342656],
                    [8.0734872, 50.3343401],
                    [8.0734723, 50.3343684],
                    [8.0740028, 50.3344004],
                    [8.0740494, 50.3344318],
                    [8.0740246, 50.3348864],
                    [8.0748955, 50.3352276],
                    [8.0755729, 50.3353045],
                    [8.0754861, 50.3355923],
                    [8.0762066, 50.3357493],
                    [8.0761638, 50.3358266],
                    [8.0768542, 50.3359629],
                    [8.0765591, 50.33656],
                    [8.0762752, 50.337188],
                    [8.0768937, 50.3373515],
                    [8.0765402, 50.3385108],
                    [8.0765033, 50.3387046],
                    [8.077057, 50.3388237],
                    [8.0770132, 50.3388422],
                    [8.0768495, 50.3397062],
                    [8.0770416, 50.339807],
                    [8.077035, 50.3403569],
                    [8.076103, 50.3412737],
                    [8.0770097, 50.3421162],
                    [8.0763893, 50.3423618]
                ]
            }
        },
        {
            "type": "Feature",
            "id": "way/53772089",
            "properties": {
                "admin_level": "4",
                "boundary": "administrative",
                "source": "Hessische Verwaltung für Bodenmanagement und Geoinformation - Digitale Verwaltungsgrenzen (Shapefile)",
                "id": "way/53772089"
            },
            "geometry": {
                "type": "LineString",
                "coordinates": [
                    [8.1028863, 50.3270385],
                    [8.1026173, 50.3270504],
                    [8.1016139, 50.3270744],
                    [8.1011022, 50.3270372],
                    [8.100836, 50.3270082],
                    [8.1006601, 50.3269836],
                    [8.100052, 50.3268687],
                    [8.099322, 50.3267177],
                    [8.099169, 50.3270928],
                    [8.0969902, 50.3266507],
                    [8.0966542, 50.3272859],
                    [8.0964404, 50.3277281],
                    [8.0964803, 50.3277737],
                    [8.0954982, 50.3274875],
                    [8.0954996, 50.3278238],
                    [8.0942043, 50.3278683],
                    [8.0937541, 50.3279001],
                    [8.0938616, 50.3282261],
                    [8.0939036, 50.3282485],
                    [8.0935006, 50.3282955],
                    [8.0940496, 50.329418],
                    [8.0939952, 50.3295235],
                    [8.0944207, 50.3306463],
                    [8.0944532, 50.330674],
                    [8.0942336, 50.3307341],
                    [8.0939973, 50.3307786],
                    [8.0939555, 50.3307813],
                    [8.0939206, 50.3306382],
                    [8.0936956, 50.3306076],
                    [8.0934732, 50.3305703],
                    [8.0930364, 50.3304722],
                    [8.0919888, 50.3302206],
                    [8.0916567, 50.3305464],
                    [8.0905044, 50.3300384],
                    [8.0898001, 50.3297736],
                    [8.0892024, 50.3297436],
                    [8.0885759, 50.3296806],
                    [8.0884819, 50.3296666],
                    [8.0878888, 50.3295983],
                    [8.0870185, 50.329597],
                    [8.0866716, 50.3297287],
                    [8.0864065, 50.3299076]
                ]
            }
        },
        {
            "type": "Feature",
            "id": "way/53819796",
            "properties": {
                "admin_level": "4",
                "boundary": "administrative",
                "source": "ALKIS Hessen + Shapefiles",
                "id": "way/53819796"
            },
            "geometry": {
                "type": "LineString",
                "coordinates": [
                    [8.0496611, 50.2446566],
                    [8.048294, 50.2407137],
                    [8.0489196, 50.2407432],
                    [8.0499656, 50.2400814],
                    [8.0501592, 50.2396014],
                    [8.0509974, 50.2398797],
                    [8.0512368, 50.2395478],
                    [8.0514273, 50.2387838],
                    [8.0512326, 50.2381124],
                    [8.0518748, 50.237769],
                    [8.0530287, 50.2371939],
                    [8.0543564, 50.236576],
                    [8.0559661, 50.2362142],
                    [8.0570245, 50.2358375],
                    [8.0570934, 50.2358209],
                    [8.0568171, 50.2355804],
                    [8.056549, 50.2351461],
                    [8.056699, 50.2350045],
                    [8.0584931, 50.2342688],
                    [8.0585441, 50.2342381],
                    [8.0577064, 50.2338162],
                    [8.0573184, 50.2337139],
                    [8.0571091, 50.2336935],
                    [8.0568684, 50.2336574],
                    [8.0567743, 50.2336387],
                    [8.0564433, 50.2335464],
                    [8.0559116, 50.2333315],
                    [8.0553964, 50.2331018],
                    [8.0552381, 50.2330205],
                    [8.0550923, 50.2329276],
                    [8.0549489, 50.2328292],
                    [8.0548273, 50.232726],
                    [8.0542473, 50.232165],
                    [8.0539956, 50.231943],
                    [8.0538664, 50.2318364],
                    [8.0535914, 50.2316281],
                    [8.053437, 50.2315298],
                    [8.0532717, 50.2314403],
                    [8.0528403, 50.2311746],
                    [8.0525544, 50.2310233],
                    [8.0521647, 50.230838],
                    [8.0518101, 50.2306594],
                    [8.0506878, 50.2300686],
                    [8.0492378, 50.229298],
                    [8.0483399, 50.2287284],
                    [8.0477574, 50.2283472],
                    [8.0476974, 50.2282943],
                    [8.0477148, 50.2282064],
                    [8.0476835, 50.228112],
                    [8.0476676, 50.2280721],
                    [8.0475961, 50.227994],
                    [8.0475206, 50.2279898],
                    [8.0473032, 50.2280138],
                    [8.0472168, 50.2280078],
                    [8.0471499, 50.2279914],
                    [8.0471189, 50.2279797],
                    [8.047052, 50.2279257],
                    [8.0470351, 50.2279026],
                    [8.0469395, 50.2278394],
                    [8.0468427, 50.2278029],
                    [8.046665, 50.2277993],
                    [8.0465751, 50.2277713],
                    [8.0463129, 50.2277323],
                    [8.0461506, 50.2276788],
                    [8.0457096, 50.2274676],
                    [8.0455409, 50.2273714],
                    [8.045288, 50.2272385],
                    [8.0451754, 50.2272006],
                    [8.0449587, 50.2271811],
                    [8.0447726, 50.2271854],
                    [8.0444987, 50.2272425],
                    [8.0441057, 50.2273669],
                    [8.0440133, 50.2273757],
                    [8.0437194, 50.2274392],
                    [8.0435974, 50.227586],
                    [8.0434226, 50.2276829],
                    [8.0432152, 50.2277548],
                    [8.0421784, 50.2277756],
                    [8.0415606, 50.2275099],
                    [8.0410492, 50.2272842],
                    [8.0404398, 50.2268712]
                ]
            }
        },
        {
            "type": "Feature",
            "id": "way/53819799",
            "properties": {
                "admin_level": "4",
                "boundary": "administrative",
                "id": "way/53819799"
            },
            "geometry": {
                "type": "LineString",
                "coordinates": [
                    [7.9900576, 50.2387633],
                    [7.9893502, 50.2386781],
                    [7.9889009, 50.2384987],
                    [7.9885541, 50.2383632],
                    [7.9885183, 50.2383508],
                    [7.9885531, 50.2383062],
                    [7.9888224, 50.237987],
                    [7.9890803, 50.2376756],
                    [7.9882664, 50.2374155],
                    [7.9878289, 50.2370338],
                    [7.9881902, 50.2363958],
                    [7.9882366, 50.2363136],
                    [7.9882477, 50.2362932],
                    [7.9882849, 50.2362312],
                    [7.9880246, 50.2354927],
                    [7.9879496, 50.2348775],
                    [7.9875213, 50.2346287],
                    [7.9868097, 50.2346448],
                    [7.9868449, 50.2341242],
                    [7.9868088, 50.2337655],
                    [7.9868398, 50.2332937],
                    [7.9868667, 50.2330836],
                    [7.9868834, 50.2329758],
                    [7.9869069, 50.2327967],
                    [7.9872723, 50.2327243],
                    [7.9874383, 50.2326959],
                    [7.987621, 50.2326415],
                    [7.9879889, 50.2323955],
                    [7.9885221, 50.2319132],
                    [7.9887434, 50.2317115],
                    [7.9888699, 50.2310992],
                    [7.9884615, 50.2306069],
                    [7.987971, 50.2300091],
                    [7.9874882, 50.2291887],
                    [7.9874245, 50.2291092],
                    [7.9866018, 50.2280739],
                    [7.9861617, 50.2277441],
                    [7.9858424, 50.227527],
                    [7.9852787, 50.2271095],
                    [7.9843827, 50.2268468],
                    [7.9843324, 50.2268312],
                    [7.9835097, 50.2267098],
                    [7.9833111, 50.2266803],
                    [7.9819553, 50.226543],
                    [7.9810989, 50.2263503],
                    [7.9809284, 50.226311],
                    [7.9808342, 50.2262888],
                    [7.9801431, 50.2260318],
                    [7.9801245, 50.2260245],
                    [7.9800119, 50.225981],
                    [7.9795463, 50.2258011],
                    [7.978245, 50.2250418],
                    [7.977406, 50.2248956],
                    [7.9762233, 50.2249428],
                    [7.9747657, 50.2250678],
                    [7.9735285, 50.2251686],
                    [7.9734171, 50.2251032],
                    [7.9728001, 50.2247492],
                    [7.9721388, 50.2242473],
                    [7.9717547, 50.2235003],
                    [7.9715638, 50.2228257],
                    [7.971029, 50.2224084],
                    [7.9700358, 50.2222717],
                    [7.969071, 50.2222942],
                    [7.9678137, 50.2219596],
                    [7.9667367, 50.2216153],
                    [7.9662867, 50.2214544],
                    [7.9662042, 50.2214246]
                ]
            }
        },
        {
            "type": "Feature",
            "id": "way/53819801",
            "properties": {
                "admin_level": "4",
                "boundary": "administrative",
                "source": "Hessische Verwaltung für Bodenmanagement und Geoinformation - Digitale Verwaltungsgrenzen (Shapefile)",
                "id": "way/53819801"
            },
            "geometry": {
                "type": "LineString",
                "coordinates": [
                    [7.9900576, 50.2387633],
                    [7.9901426, 50.2385188],
                    [7.9901959, 50.2380844],
                    [7.9902044, 50.2379536],
                    [7.9901918, 50.2378135],
                    [7.9902728, 50.2377389],
                    [7.9905728, 50.2373903],
                    [7.991017, 50.2363592],
                    [7.9931476, 50.2368446],
                    [7.9946546, 50.2368617],
                    [7.9959024, 50.2366094],
                    [7.9970289, 50.2361259],
                    [7.9952455, 50.2347687],
                    [7.9941817, 50.2331497],
                    [7.9929467, 50.2324195],
                    [7.9924706, 50.2323437],
                    [7.993303, 50.2317344],
                    [7.9952532, 50.2320667],
                    [7.9952442, 50.232002],
                    [7.997119, 50.2313964],
                    [7.9992181, 50.230546],
                    [7.9993862, 50.2304257]
                ]
            }
        },
        {
            "type": "Feature",
            "id": "way/53819803",
            "properties": {
                "admin_level": "4",
                "boundary": "administrative",
                "source": "Hessische Verwaltung für Bodenmanagement und Geoinformation - Digitale Verwaltungsgrenzen (Shapefile)",
                "id": "way/53819803"
            },
            "geometry": {
                "type": "LineString",
                "coordinates": [
                    [7.9993862, 50.2304257],
                    [7.9998246, 50.2297355],
                    [8.0003456, 50.2293084],
                    [8.0013698, 50.2288604],
                    [8.0029335, 50.2289156],
                    [8.0046501, 50.2288821],
                    [8.0055419, 50.2289866]
                ]
            }
        },
        {
            "type": "Feature",
            "id": "way/53819825",
            "properties": {
                "admin_level": "4",
                "boundary": "administrative",
                "source": "Hessische Verwaltung für Bodenmanagement und Geoinformation - Digitale Verwaltungsgrenzen (Shapefile)",
                "id": "way/53819825"
            },
            "geometry": {
                "type": "LineString",
                "coordinates": [
                    [8.0055419, 50.2289866],
                    [8.0062708, 50.2286341],
                    [8.0061763, 50.2280968],
                    [8.005955, 50.2274882],
                    [8.0057215, 50.2271065],
                    [8.0050704, 50.2266449],
                    [8.0040711, 50.2258763],
                    [8.0035048, 50.2251359],
                    [8.0032251, 50.2246819],
                    [8.0030681, 50.2243451],
                    [8.0029694, 50.2241619],
                    [8.0041951, 50.2238311],
                    [8.004401, 50.2236628],
                    [8.0054119, 50.2233746],
                    [8.0056503, 50.2234888],
                    [8.005808, 50.2234884],
                    [8.0060454, 50.2233711],
                    [8.0061418, 50.2232831],
                    [8.0063963, 50.2232541],
                    [8.0073046, 50.2231377],
                    [8.0098846, 50.2223374],
                    [8.0102382, 50.2222458],
                    [8.0105275, 50.2221367],
                    [8.0108438, 50.2223193],
                    [8.0111203, 50.2223226],
                    [8.0115589, 50.2221274],
                    [8.0118151, 50.2218829],
                    [8.0118278, 50.2217823],
                    [8.011776, 50.2216018],
                    [8.0116222, 50.221288],
                    [8.0121728, 50.2207388],
                    [8.0122416, 50.2207469],
                    [8.0125165, 50.2205493],
                    [8.0125515, 50.2202808],
                    [8.0124497, 50.2201588],
                    [8.012454, 50.2198274],
                    [8.0124818, 50.2193927],
                    [8.0124918, 50.2189275],
                    [8.0123157, 50.2186148],
                    [8.0121156, 50.218305],
                    [8.0118233, 50.2180765],
                    [8.012885, 50.2175611],
                    [8.0135957, 50.2172227],
                    [8.0144526, 50.2174406],
                    [8.0154838, 50.2172337],
                    [8.0162694, 50.2170718],
                    [8.0179237, 50.2169114],
                    [8.0183405, 50.2168325],
                    [8.0185318, 50.216584],
                    [8.0190337, 50.2163358],
                    [8.020469, 50.2169234],
                    [8.0227386, 50.2172736],
                    [8.0235388, 50.2171151],
                    [8.0251663, 50.2163757],
                    [8.0261509, 50.2164801],
                    [8.0276369, 50.2161532],
                    [8.0277226, 50.2159996],
                    [8.0278742, 50.2158741],
                    [8.0278026, 50.2158108],
                    [8.027887, 50.2156853],
                    [8.0282879, 50.2154783],
                    [8.0284801, 50.2154971],
                    [8.0286806, 50.2153946],
                    [8.0288153, 50.2153925],
                    [8.0289582, 50.2153018],
                    [8.0292335, 50.2152643],
                    [8.0293921, 50.2152011],
                    [8.0295906, 50.2151625],
                    [8.0297823, 50.2151963],
                    [8.0304199, 50.2151377],
                    [8.0306235, 50.2151483],
                    [8.0308302, 50.2152183],
                    [8.0310423, 50.2152406],
                    [8.0312093, 50.2153742],
                    [8.0315789, 50.215443],
                    [8.0317448, 50.2155068],
                    [8.0320644, 50.2155304],
                    [8.0323216, 50.215585],
                    [8.0328504, 50.215593],
                    [8.0336913, 50.2157202],
                    [8.0340454, 50.2157326],
                    [8.034351, 50.2156646],
                    [8.0344897, 50.2157078],
                    [8.0345102, 50.2156955],
                    [8.0348812, 50.2158142]
                ]
            }
        },
        {
            "type": "Feature",
            "id": "way/53819826",
            "properties": {
                "admin_level": "4",
                "boundary": "administrative",
                "source": "Hessische Verwaltung für Bodenmanagement und Geoinformation - Digitale Verwaltungsgrenzen (Shapefile)",
                "id": "way/53819826"
            },
            "geometry": {
                "type": "LineString",
                "coordinates": [
                    [8.0377747, 50.2491212],
                    [8.0343834, 50.2527707],
                    [8.0315612, 50.2557971]
                ]
            }
        },
        {
            "type": "Feature",
            "id": "way/53819828",
            "properties": {
                "admin_level": "4",
                "boundary": "administrative",
                "source": "Hessische Verwaltung für Bodenmanagement und Geoinformation - Digitale Verwaltungsgrenzen (Shapefile)",
                "id": "way/53819828"
            },
            "geometry": {
                "type": "LineString",
                "coordinates": [
                    [8.0214941, 50.2583042],
                    [8.0225999, 50.25886],
                    [8.0251848, 50.2601728],
                    [8.0258096, 50.2616637],
                    [8.0260557, 50.2615917],
                    [8.0264634, 50.2616763],
                    [8.0272895, 50.2618678],
                    [8.0283973, 50.2620932],
                    [8.0292681, 50.2621346],
                    [8.0298428, 50.2622924],
                    [8.0295378, 50.262586],
                    [8.0300564, 50.2633112],
                    [8.0321205, 50.2633532],
                    [8.0330309, 50.2637506],
                    [8.033361, 50.2637936]
                ]
            }
        },
        {
            "type": "Feature",
            "id": "way/53840427",
            "properties": {
                "admin_level": "4",
                "boundary": "administrative",
                "source": "Hessische Verwaltung für Bodenmanagement und Geoinformation - Digitale Verwaltungsgrenzen (Shapefile)",
                "id": "way/53840427"
            },
            "geometry": {
                "type": "LineString",
                "coordinates": [
                    [7.8308048, 50.0929542],
                    [7.8312926, 50.0939598],
                    [7.8317857, 50.0944081],
                    [7.8321333, 50.0950498],
                    [7.8321302, 50.0954185],
                    [7.8320531, 50.0957717],
                    [7.8319413, 50.0957796],
                    [7.8319765, 50.0963763],
                    [7.83193, 50.096584],
                    [7.8321059, 50.0968411],
                    [7.8319901, 50.0973358],
                    [7.8318574, 50.0974461],
                    [7.8317694, 50.0977368],
                    [7.8309425, 50.0978746],
                    [7.8297601, 50.0977925],
                    [7.8299522, 50.0981206],
                    [7.8302559, 50.0981889],
                    [7.8302188, 50.0983035],
                    [7.8305782, 50.0983521],
                    [7.8305645, 50.0985762],
                    [7.8310234, 50.0986061],
                    [7.8317538, 50.0987439],
                    [7.831843, 50.0989168],
                    [7.8317778, 50.0990813],
                    [7.8317732, 50.0992818],
                    [7.8318772, 50.0992914],
                    [7.8318962, 50.0993789],
                    [7.8328616, 50.0994121],
                    [7.8340159, 50.0993071],
                    [7.8339825, 50.0990992],
                    [7.8346556, 50.0990755],
                    [7.8360601, 50.0991985],
                    [7.8361168, 50.0990395],
                    [7.8365713, 50.0990742],
                    [7.8365299, 50.0994932],
                    [7.8373423, 50.0995242],
                    [7.8375399, 50.0997866],
                    [7.8376181, 50.1001506],
                    [7.8370782, 50.1003124],
                    [7.8376046, 50.1006098],
                    [7.8383785, 50.1009057],
                    [7.8384248, 50.1009467],
                    [7.8384959, 50.1009497],
                    [7.8385782, 50.1010188],
                    [7.8385102, 50.1010516],
                    [7.8386609, 50.1012],
                    [7.8388224, 50.101319],
                    [7.8391398, 50.1015277],
                    [7.8389875, 50.101607],
                    [7.8389682, 50.1016415],
                    [7.8388321, 50.1017486],
                    [7.8386581, 50.1018693],
                    [7.8384759, 50.101954],
                    [7.8380495, 50.1021088],
                    [7.8373622, 50.1021071],
                    [7.8369879, 50.1024417],
                    [7.8361456, 50.1024939],
                    [7.836364, 50.1028976],
                    [7.8362554, 50.1030025],
                    [7.8358769, 50.1031208],
                    [7.8361135, 50.1032921],
                    [7.8361791, 50.1034582],
                    [7.8358648, 50.1036879],
                    [7.8348419, 50.1032274],
                    [7.8344757, 50.1037866],
                    [7.8355383, 50.1044713],
                    [7.8353313, 50.1047207],
                    [7.8352475, 50.1050206],
                    [7.8347696, 50.1051635],
                    [7.8349027, 50.1053556],
                    [7.83458, 50.1056323],
                    [7.834098, 50.1058941],
                    [7.834903, 50.1062002],
                    [7.8354848, 50.1063064],
                    [7.8355643, 50.1061735],
                    [7.8358689, 50.1061678],
                    [7.8366016, 50.1062341],
                    [7.8367677, 50.1063627],
                    [7.8366551, 50.1064263],
                    [7.8369315, 50.1066577],
                    [7.8371269, 50.1068322],
                    [7.8373415, 50.1070028],
                    [7.8375978, 50.1072733],
                    [7.8379295, 50.1075542],
                    [7.8379692, 50.10798],
                    [7.8379365, 50.1083205],
                    [7.8378463, 50.1085019],
                    [7.8378006, 50.1085511],
                    [7.8376952, 50.1084779],
                    [7.8374318, 50.1086168],
                    [7.8376429, 50.108787],
                    [7.837585, 50.1089326],
                    [7.8374059, 50.1091753],
                    [7.837526, 50.1092532],
                    [7.8367584, 50.1094905],
                    [7.8367459, 50.1094631],
                    [7.8366233, 50.1094463],
                    [7.8360041, 50.1095912],
                    [7.8357977, 50.1097243],
                    [7.835706, 50.1098329],
                    [7.8354157, 50.1099272],
                    [7.8352615, 50.1100694]
                ]
            }
        },
        {
            "type": "Feature",
            "id": "way/53840428",
            "properties": {
                "admin_level": "4",
                "boundary": "administrative",
                "source": "Hessische Verwaltung für Bodenmanagement und Geoinformation - Digitale Verwaltungsgrenzen (Shapefile)",
                "id": "way/53840428"
            },
            "geometry": {
                "type": "LineString",
                "coordinates": [
                    [7.7962766, 50.0770319],
                    [7.7967065, 50.0773233],
                    [7.7972275, 50.0778124],
                    [7.7979229, 50.078726],
                    [7.7980136, 50.0787358],
                    [7.7987264, 50.0795651],
                    [7.7994847, 50.080396],
                    [7.7995083, 50.0804328],
                    [7.7996673, 50.0805958],
                    [7.7999332, 50.0808403],
                    [7.8001734, 50.0816878],
                    [7.8001967, 50.0821011],
                    [7.8001942, 50.0821424],
                    [7.8007224, 50.0828389],
                    [7.8008278, 50.0829452],
                    [7.80119, 50.0834417],
                    [7.8028331, 50.0848184],
                    [7.8032781, 50.0847913],
                    [7.8033532, 50.0847895],
                    [7.8040544, 50.0847253],
                    [7.8056514, 50.08454],
                    [7.8059577, 50.0844547],
                    [7.8072212, 50.0841232],
                    [7.8076045, 50.0842695],
                    [7.8084899, 50.084415],
                    [7.8086564, 50.0844457],
                    [7.8091059, 50.0843956],
                    [7.8092811, 50.084328],
                    [7.8100161, 50.0842913],
                    [7.8107189, 50.0842512],
                    [7.8121738, 50.0837625],
                    [7.8126218, 50.0836881],
                    [7.8130886, 50.0836286],
                    [7.8137204, 50.0836371],
                    [7.8145691, 50.0835696],
                    [7.8148853, 50.0834438],
                    [7.8150197, 50.0832516],
                    [7.8150206, 50.0829405],
                    [7.8150471, 50.0823949],
                    [7.8153426, 50.0821999],
                    [7.8155952, 50.0821962],
                    [7.8158143, 50.0816061],
                    [7.8161256, 50.081207],
                    [7.8161707, 50.0811636],
                    [7.8166112, 50.080868],
                    [7.8167987, 50.0806809],
                    [7.8174516, 50.0806551],
                    [7.8177845, 50.0806329],
                    [7.8182965, 50.0806451],
                    [7.8187788, 50.0807373],
                    [7.8190584, 50.0807667],
                    [7.8199106, 50.0809877],
                    [7.8203081, 50.0811949],
                    [7.820507, 50.0812729],
                    [7.8207719, 50.0812386],
                    [7.8208157, 50.0811203]
                ]
            }
        },
        {
            "type": "Feature",
            "id": "way/53840454",
            "properties": {
                "admin_level": "4",
                "boundary": "administrative",
                "source": "Hessische Verwaltung für Bodenmanagement und Geoinformation - Digitale Verwaltungsgrenzen (Shapefile)",
                "id": "way/53840454"
            },
            "geometry": {
                "type": "LineString",
                "coordinates": [
                    [7.847235, 50.1236699],
                    [7.8474155, 50.1249735],
                    [7.8485056, 50.1255676],
                    [7.8496757, 50.1261985],
                    [7.851922, 50.1271124],
                    [7.8527439, 50.1276114],
                    [7.8541934, 50.1285672]
                ]
            }
        },
        {
            "type": "Feature",
            "id": "way/53840455",
            "properties": {
                "admin_level": "4",
                "boundary": "administrative",
                "source": "Hessische Verwaltung für Bodenmanagement und Geoinformation - Digitale Verwaltungsgrenzen (Shapefile)",
                "id": "way/53840455"
            },
            "geometry": {
                "type": "LineString",
                "coordinates": [
                    [7.8352615, 50.1100694],
                    [7.8389532, 50.1097077],
                    [7.8415504, 50.110921],
                    [7.843159, 50.1116672],
                    [7.8442455, 50.1113648],
                    [7.8447316, 50.1125212],
                    [7.8455817, 50.113964],
                    [7.8459906, 50.1137618]
                ]
            }
        },
        {
            "type": "Feature",
            "id": "way/53899536",
            "properties": {
                "admin_level": "4",
                "boundary": "administrative",
                "source": "Hessische Verwaltung für Bodenmanagement und Geoinformation - Digitale Verwaltungsgrenzen (Shapefile)",
                "id": "way/53899536"
            },
            "geometry": {
                "type": "LineString",
                "coordinates": [
                    [7.8681441, 50.121326],
                    [7.8683549, 50.1210969],
                    [7.8684197, 50.1210672],
                    [7.8686059, 50.1207658],
                    [7.8688264, 50.1205622],
                    [7.8699937, 50.1199761],
                    [7.8718021, 50.1192642],
                    [7.8753875, 50.1194005],
                    [7.877503, 50.1176117],
                    [7.8785416, 50.1157334],
                    [7.8797077, 50.1161379],
                    [7.881232, 50.1166807],
                    [7.8825662, 50.1161067],
                    [7.8833277, 50.1151081],
                    [7.8837151, 50.1147979],
                    [7.8842199, 50.114594],
                    [7.8843636, 50.11452],
                    [7.8844495, 50.1142235]
                ]
            }
        },
        {
            "type": "Feature",
            "id": "way/53899540",
            "properties": {
                "admin_level": "4",
                "boundary": "administrative",
                "source": "Hessische Verwaltung für Bodenmanagement und Geoinformation - Digitale Verwaltungsgrenzen (Shapefile)",
                "id": "way/53899540"
            },
            "geometry": {
                "type": "LineString",
                "coordinates": [
                    [7.9116709, 50.152049],
                    [7.9116166, 50.1522745],
                    [7.9117756, 50.1530519],
                    [7.9111392, 50.153771],
                    [7.9096023, 50.1549281],
                    [7.9087231, 50.1558819],
                    [7.9065819, 50.1568685],
                    [7.9038974, 50.1581501],
                    [7.902433, 50.1584465]
                ]
            }
        },
        {
            "type": "Feature",
            "id": "way/53899541",
            "properties": {
                "admin_level": "4",
                "boundary": "administrative",
                "source": "Hessische Verwaltung für Bodenmanagement und Geoinformation - Digitale Verwaltungsgrenzen (Shapefile)",
                "id": "way/53899541"
            },
            "geometry": {
                "type": "LineString",
                "coordinates": [
                    [7.8838573, 50.1805249],
                    [7.8838582, 50.1807001],
                    [7.88354, 50.1807763],
                    [7.8830124, 50.1808732],
                    [7.8829942, 50.1808988],
                    [7.8826602, 50.1812756],
                    [7.8826981, 50.1812753],
                    [7.8827832, 50.1814794],
                    [7.8830686, 50.1812874],
                    [7.8834719, 50.1812577],
                    [7.8837272, 50.1813968],
                    [7.8845066, 50.1812808],
                    [7.8847534, 50.1813119],
                    [7.8850061, 50.1814576],
                    [7.8853097, 50.1818224],
                    [7.8857359, 50.1820701],
                    [7.8862965, 50.1822249],
                    [7.8871642, 50.1825351],
                    [7.8875657, 50.1825885],
                    [7.8878408, 50.1828286],
                    [7.8882436, 50.1829594],
                    [7.8884154, 50.1830654],
                    [7.8892388, 50.1834323],
                    [7.8906609, 50.1836075],
                    [7.8909509, 50.1838002],
                    [7.8912813, 50.1845355],
                    [7.891298, 50.1847082],
                    [7.8915462, 50.1848759],
                    [7.8916209, 50.1850366],
                    [7.8922656, 50.1855864],
                    [7.8924845, 50.1855888],
                    [7.8925988, 50.1856672],
                    [7.8928585, 50.1856739],
                    [7.8932941, 50.1856921],
                    [7.8934414, 50.1857591],
                    [7.8936318, 50.185731],
                    [7.8941209, 50.1857581],
                    [7.8945147, 50.1858732],
                    [7.8947578, 50.1860422],
                    [7.8947965, 50.1862444],
                    [7.8947879, 50.1862595],
                    [7.895066, 50.1867999],
                    [7.8954635, 50.1869707],
                    [7.8956063, 50.1871545],
                    [7.8963723, 50.1876463],
                    [7.8967538, 50.1880119],
                    [7.8970955, 50.1881532],
                    [7.8972766, 50.1883824],
                    [7.8976057, 50.1885627],
                    [7.897763, 50.1887121],
                    [7.8977991, 50.1888712],
                    [7.8981003, 50.1888577],
                    [7.8983476, 50.1887305],
                    [7.8986718, 50.1886812],
                    [7.8990943, 50.1885266],
                    [7.8996029, 50.188569],
                    [7.899942, 50.1887733],
                    [7.9000567, 50.1890363],
                    [7.9005153, 50.1894115],
                    [7.9015641, 50.1899733],
                    [7.9021317, 50.1902062],
                    [7.9024941, 50.1903419],
                    [7.9029699, 50.1904041],
                    [7.9036009, 50.1904194],
                    [7.9042168, 50.1905007],
                    [7.904794, 50.1907152],
                    [7.9055823, 50.1912928],
                    [7.9058201, 50.1913583],
                    [7.9063028, 50.1914037],
                    [7.9067271, 50.1914196]
                ]
            }
        },
        {
            "type": "Feature",
            "id": "way/53899569",
            "properties": {
                "admin_level": "4",
                "boundary": "administrative",
                "source": "Hessische Verwaltung für Bodenmanagement und Geoinformation - Digitale Verwaltungsgrenzen (Shapefile)",
                "id": "way/53899569"
            },
            "geometry": {
                "type": "LineString",
                "coordinates": [
                    [7.8983589, 50.1590618],
                    [7.8987384, 50.1594343],
                    [7.8978104, 50.1598517],
                    [7.8968131, 50.1602467],
                    [7.8961793, 50.1605592],
                    [7.8956294, 50.1607926],
                    [7.8943624, 50.1611754],
                    [7.8922569, 50.1618505],
                    [7.8919293, 50.162086],
                    [7.8911759, 50.1626437],
                    [7.8896807, 50.1638321],
                    [7.8887568, 50.1646994],
                    [7.8881778, 50.1652585],
                    [7.8879933, 50.1654121],
                    [7.8877096, 50.1657712],
                    [7.8876964, 50.1657931],
                    [7.8866466, 50.1667972],
                    [7.8853719, 50.1674181],
                    [7.8851365, 50.1675792],
                    [7.8848177, 50.168235],
                    [7.8853671, 50.1689801],
                    [7.8856472, 50.1692807],
                    [7.885879, 50.1698513],
                    [7.8849616, 50.1700035]
                ]
            }
        },
        {
            "type": "Feature",
            "id": "way/53899591",
            "properties": {
                "admin_level": "4",
                "boundary": "administrative",
                "source": "Hessische Verwaltung für Bodenmanagement und Geoinformation - Digitale Verwaltungsgrenzen (Shapefile)",
                "id": "way/53899591"
            },
            "geometry": {
                "type": "LineString",
                "coordinates": [
                    [7.902433, 50.1584465],
                    [7.9009178, 50.1586323],
                    [7.8983589, 50.1590618]
                ]
            }
        },
        {
            "type": "Feature",
            "id": "way/53899660",
            "properties": {
                "admin_level": "4",
                "boundary": "administrative",
                "source": "Hessische Verwaltung für Bodenmanagement und Geoinformation - Digitale Verwaltungsgrenzen (Shapefile)",
                "id": "way/53899660"
            },
            "geometry": {
                "type": "LineString",
                "coordinates": [
                    [7.9139199, 50.1508846],
                    [7.9133284, 50.1511351],
                    [7.9126371, 50.1514442],
                    [7.9117143, 50.1518686],
                    [7.9116709, 50.152049]
                ]
            }
        },
        {
            "type": "Feature",
            "id": "way/53899662",
            "properties": {
                "admin_level": "4",
                "boundary": "administrative",
                "source": "Hessische Verwaltung für Bodenmanagement und Geoinformation - Digitale Verwaltungsgrenzen (Shapefile)",
                "id": "way/53899662"
            },
            "geometry": {
                "type": "LineString",
                "coordinates": [
                    [7.9175381, 50.1491302],
                    [7.916997, 50.1493881],
                    [7.9165864, 50.150383],
                    [7.9144375, 50.1506946],
                    [7.9139199, 50.1508846]
                ]
            }
        },
        {
            "type": "Feature",
            "id": "way/56701215",
            "properties": {
                "admin_level": "4",
                "boundary": "administrative",
                "source": "Hessische Verwaltung für Bodenmanagement und Geoinformation - Digitale Verwaltungsgrenzen (Shapefile)",
                "id": "way/56701215"
            },
            "geometry": {
                "type": "LineString",
                "coordinates": [
                    [7.8701541, 49.975779],
                    [7.8699609, 49.975866],
                    [7.8675464, 49.9784458],
                    [7.8652242, 49.9807388]
                ]
            }
        },
        {
            "type": "Feature",
            "id": "way/56701223",
            "properties": {
                "admin_level": "4",
                "boundary": "administrative",
                "source": "Hessische Verwaltung für Bodenmanagement und Geoinformation - Digitale Verwaltungsgrenzen",
                "id": "way/56701223"
            },
            "geometry": {
                "type": "LineString",
                "coordinates": [
                    [8.351656, 49.9048119],
                    [8.3518538, 49.9050613],
                    [8.3530344, 49.9070834],
                    [8.3536271, 49.90852],
                    [8.3542134, 49.9104636],
                    [8.3545883, 49.912574],
                    [8.3546805, 49.9138484],
                    [8.3546608, 49.9153446],
                    [8.3545105, 49.9166515],
                    [8.3543564, 49.9172897],
                    [8.3541417, 49.9182369],
                    [8.353598, 49.9197296],
                    [8.3525302, 49.9218064],
                    [8.3490394, 49.927942],
                    [8.3478354, 49.9302025]
                ]
            }
        },
        {
            "type": "Feature",
            "id": "way/56701231",
            "properties": {
                "admin_level": "4",
                "boundary": "administrative",
                "source": "Hessische Verwaltung für Bodenmanagement und Geoinformation - Digitale Verwaltungsgrenzen (Shapefile)",
                "id": "way/56701231"
            },
            "geometry": {
                "type": "LineString",
                "coordinates": [
                    [8.13163, 50.0247402],
                    [8.1303511, 50.0244609],
                    [8.129003, 50.0241541],
                    [8.1276836, 50.0238026],
                    [8.1256843, 50.0232391],
                    [8.1216176, 50.0220306],
                    [8.1201212, 50.0214439],
                    [8.1177753, 50.0207698],
                    [8.1110617, 50.0189469]
                ]
            }
        },
        {
            "type": "Feature",
            "id": "way/56701240",
            "properties": {
                "admin_level": "4",
                "boundary": "administrative",
                "source": "Hessische Verwaltung für Bodenmanagement und Geoinformation - Digitale Verwaltungsgrenzen (Shapefile)",
                "id": "way/56701240"
            },
            "geometry": {
                "type": "LineString",
                "coordinates": [
                    [7.9764772, 49.9802248],
                    [7.9764346, 49.9802093],
                    [7.9752103, 49.9797794],
                    [7.9739678, 49.9793712],
                    [7.9727084, 49.9789852],
                    [7.9714331, 49.9786214],
                    [7.9701428, 49.9782805],
                    [7.9688282, 49.9779809],
                    [7.9674856, 49.9777385],
                    [7.9661209, 49.9775543],
                    [7.9651469, 49.9774595],
                    [7.9647407, 49.9774271],
                    [7.9633546, 49.9773289],
                    [7.9624968, 49.9772774],
                    [7.9583041, 49.9770434],
                    [7.9577986, 49.977012],
                    [7.9564162, 49.9768939],
                    [7.9550455, 49.9767292],
                    [7.9536901, 49.9765181],
                    [7.9526419, 49.9763209],
                    [7.9465629, 49.9750885],
                    [7.945996, 49.9749783]
                ]
            }
        },
        {
            "type": "Feature",
            "id": "way/56701298",
            "properties": {
                "admin_level": "4",
                "boundary": "administrative",
                "source": "Hessische Verwaltung für Bodenmanagement und Geoinformation - Digitale Verwaltungsgrenzen",
                "id": "way/56701298"
            },
            "geometry": {
                "type": "LineString",
                "coordinates": [
                    [8.3777076, 49.8275361],
                    [8.3776345, 49.8280655],
                    [8.3775819, 49.8289637],
                    [8.3776006, 49.8298627],
                    [8.3776904, 49.8307598],
                    [8.3778514, 49.8316528],
                    [8.3780829, 49.8325393]
                ]
            }
        },
        {
            "type": "Feature",
            "id": "way/60550367",
            "properties": {
                "admin_level": "4",
                "boundary": "administrative",
                "source": "Hessische Verwaltung für Bodenmanagement und Geoinformation - Digitale Verwaltungsgrenzen (Shapefile)",
                "id": "way/60550367"
            },
            "geometry": {
                "type": "LineString",
                "coordinates": [
                    [8.1379268, 50.0256099],
                    [8.1346919, 50.0251991],
                    [8.1329794, 50.0249751],
                    [8.13163, 50.0247402]
                ]
            }
        },
        {
            "type": "Feature",
            "id": "way/73066616",
            "properties": {
                "admin_level": "4",
                "boundary": "administrative",
                "source": "Hessische Verwaltung für Bodenmanagement und Geoinformation - Digitale Verwaltungsgrenzen (Shapefile)",
                "id": "way/73066616"
            },
            "geometry": {
                "type": "LineString",
                "coordinates": [
                    [8.0658514, 50.3671693],
                    [8.0656107, 50.367287],
                    [8.064803, 50.3676101],
                    [8.0648102, 50.3676138],
                    [8.0639193, 50.3689745]
                ]
            }
        },
        {
            "type": "Feature",
            "id": "way/73066642",
            "properties": {
                "admin_level": "4",
                "boundary": "administrative",
                "source": "Hessische Verwaltung für Bodenmanagement und Geoinformation - Digitale Verwaltungsgrenzen (Shapefile)",
                "id": "way/73066642"
            },
            "geometry": {
                "type": "LineString",
                "coordinates": [
                    [8.0375623, 50.3847297],
                    [8.0374055, 50.3843886],
                    [8.0372682, 50.3838413],
                    [8.0371892, 50.3833998],
                    [8.0371798, 50.3831785],
                    [8.0371839, 50.3829756],
                    [8.0372693, 50.3824478],
                    [8.0370595, 50.3823988],
                    [8.0370597, 50.3823824],
                    [8.0343748, 50.3819473],
                    [8.0309224, 50.3816359],
                    [8.0308449, 50.3816471],
                    [8.0305062, 50.3816209]
                ]
            }
        },
        {
            "type": "Feature",
            "id": "way/73264681",
            "properties": {
                "admin_level": "4",
                "boundary": "administrative",
                "source": "Hessische Verwaltung für Bodenmanagement und Geoinformation - Digitale Verwaltungsgrenzen (Shapefile)",
                "id": "way/73264681"
            },
            "geometry": {
                "type": "LineString",
                "coordinates": [
                    [7.9895634, 50.4008157],
                    [7.9881118, 50.4022616],
                    [7.9876987, 50.402679],
                    [7.9870401, 50.4033603],
                    [7.986523, 50.4043108],
                    [7.9852609, 50.4056491],
                    [7.9846566, 50.4055606],
                    [7.984031, 50.4056586],
                    [7.9835236, 50.4064057],
                    [7.9831648, 50.4072179],
                    [7.9826857, 50.4082791],
                    [7.9825226, 50.4086191],
                    [7.9806663, 50.407877],
                    [7.9798715, 50.4075469],
                    [7.9790113, 50.4070437],
                    [7.9784646, 50.4064513],
                    [7.9782235, 50.4064611],
                    [7.9769166, 50.4064591],
                    [7.9751911, 50.4063733],
                    [7.9738439, 50.4062948],
                    [7.9723385, 50.4062793]
                ]
            }
        },
        {
            "type": "Feature",
            "id": "way/78048094",
            "properties": {
                "admin_level": "4",
                "boundary": "administrative",
                "source": "Hessische Verwaltung für Bodenmanagement und Geoinformation - Digitale Verwaltungsgrenzen (Shapefile)",
                "id": "way/78048094"
            },
            "geometry": {
                "type": "LineString",
                "coordinates": [
                    [8.0792319, 50.0067562],
                    [8.078867, 50.0066619],
                    [8.0733135, 50.0059249],
                    [8.0594747, 50.0052838],
                    [8.054657, 50.0050887]
                ]
            }
        },
        {
            "type": "Feature",
            "id": "way/78048102",
            "properties": {
                "admin_level": "4",
                "boundary": "administrative",
                "source": "Hessische Verwaltung für Bodenmanagement und Geoinformation - Digitale Verwaltungsgrenzen (Shapefile)",
                "id": "way/78048102"
            },
            "geometry": {
                "type": "LineString",
                "coordinates": [
                    [8.1110617, 50.0189469],
                    [8.1074955, 50.01728],
                    [8.1053963, 50.0163461]
                ]
            }
        },
        {
            "type": "Feature",
            "id": "way/79080438",
            "properties": {
                "admin_level": "4",
                "boundary": "administrative",
                "source": "http://wiki.openstreetmap.org/wiki/Import/Catalogue/Kreisgrenzen_Deutschland_2005",
                "id": "way/79080438"
            },
            "geometry": {
                "type": "LineString",
                "coordinates": [
                    [8.1901118, 50.0352817],
                    [8.1908687, 50.0352433],
                    [8.1950917, 50.0348737],
                    [8.1992025, 50.0346822],
                    [8.2034531, 50.0343262],
                    [8.2093748, 50.0334018],
                    [8.2117011, 50.0330416]
                ]
            }
        },
        {
            "type": "Feature",
            "id": "way/79081438",
            "properties": {
                "admin_level": "4",
                "boundary": "administrative",
                "source": "http://wiki.openstreetmap.org/wiki/Import/Catalogue/Kreisgrenzen_Deutschland_2005",
                "id": "way/79081438"
            },
            "geometry": {
                "type": "LineString",
                "coordinates": [
                    [8.2122547, 50.0329559],
                    [8.2153664, 50.0324831],
                    [8.2183774, 50.0318939],
                    [8.2234863, 50.0315625]
                ]
            }
        },
        {
            "type": "Feature",
            "id": "way/82129860",
            "properties": {
                "admin_level": "4",
                "boundary": "administrative",
                "source": "Hessische Verwaltung für Bodenmanagement und Geoinformation - Digitale Verwaltungsgrenzen",
                "id": "way/82129860"
            },
            "geometry": {
                "type": "LineString",
                "coordinates": [
                    [8.4172791, 49.7727523],
                    [8.4166191, 49.773494],
                    [8.4159995, 49.7742988],
                    [8.4154435, 49.7751227],
                    [8.4149524, 49.7759638],
                    [8.4145274, 49.7768198],
                    [8.4141701, 49.7776886],
                    [8.413881, 49.7785679],
                    [8.4136669, 49.7794561],
                    [8.4135856, 49.7803532],
                    [8.4135981, 49.7812523],
                    [8.4135295, 49.7821502],
                    [8.4133667, 49.7830429],
                    [8.4131103, 49.7839264]
                ]
            }
        },
        {
            "type": "Feature",
            "id": "way/82129866",
            "properties": {
                "admin_level": "4",
                "boundary": "administrative",
                "source": "Hessische Verwaltung für Bodenmanagement und Geoinformation - Digitale Verwaltungsgrenzen",
                "id": "way/82129866"
            },
            "geometry": {
                "type": "LineString",
                "coordinates": [
                    [8.4418386, 49.7656279],
                    [8.4410748, 49.7655974],
                    [8.4382981, 49.7655715],
                    [8.4363544, 49.7656066],
                    [8.4355252, 49.7656295],
                    [8.4341424, 49.7657084],
                    [8.4327679, 49.7658362],
                    [8.4314063, 49.7660123],
                    [8.4300619, 49.7662365],
                    [8.4287383, 49.7665079],
                    [8.4274397, 49.7668257],
                    [8.4261699, 49.7671892],
                    [8.4249351, 49.7675994],
                    [8.4237527, 49.76807],
                    [8.422633, 49.7686013],
                    [8.4215836, 49.7691897],
                    [8.4206107, 49.7698307],
                    [8.4196993, 49.7705089],
                    [8.4187082, 49.7713393],
                    [8.4175044, 49.772499],
                    [8.4172791, 49.7727523]
                ]
            }
        },
        {
            "type": "Feature",
            "id": "way/82314778",
            "properties": {
                "admin_level": "4",
                "boundary": "administrative",
                "source": "http://wiki.openstreetmap.org/wiki/Import/Catalogue/Kreisgrenzen_Deutschland_2005",
                "id": "way/82314778"
            },
            "geometry": {
                "type": "LineString",
                "coordinates": [
                    [8.2791407, 50.0037797],
                    [8.2856383, 49.9972328],
                    [8.2864041, 49.9965353]
                ]
            }
        },
        {
            "type": "Feature",
            "id": "way/82314783",
            "properties": {
                "admin_level": "4",
                "boundary": "administrative",
                "source": "http://wiki.openstreetmap.org/wiki/Import/Catalogue/Kreisgrenzen_Deutschland_2005",
                "id": "way/82314783"
            },
            "geometry": {
                "type": "LineString",
                "coordinates": [
                    [8.2716978, 50.0107597],
                    [8.2749672, 50.0078778],
                    [8.2762424, 50.0066294],
                    [8.2765316, 50.0063417],
                    [8.2791407, 50.0037797]
                ]
            }
        },
        {
            "type": "Feature",
            "id": "way/82314785",
            "properties": {
                "admin_level": "4",
                "boundary": "administrative",
                "source": "http://wiki.openstreetmap.org/wiki/Import/Catalogue/Kreisgrenzen_Deutschland_2005",
                "id": "way/82314785"
            },
            "geometry": {
                "type": "LineString",
                "coordinates": [
                    [8.2659251, 50.0146112],
                    [8.2705949, 50.0115265]
                ]
            }
        },
        {
            "type": "Feature",
            "id": "way/82314786",
            "properties": {
                "admin_level": "4",
                "boundary": "administrative",
                "source": "http://wiki.openstreetmap.org/wiki/Import/Catalogue/Kreisgrenzen_Deutschland_2005",
                "id": "way/82314786"
            },
            "geometry": {
                "type": "LineString",
                "coordinates": [
                    [8.254182, 50.0219361],
                    [8.2659251, 50.0146112]
                ]
            }
        },
        {
            "type": "Feature",
            "id": "way/82432360",
            "properties": {
                "admin_level": "4",
                "boundary": "administrative",
                "source": "Hessische Verwaltung für Bodenmanagement und Geoinformation - Digitale Verwaltungsgrenzen (Shapefile)",
                "id": "way/82432360"
            },
            "geometry": {
                "type": "LineString",
                "coordinates": [
                    [7.7847325, 50.048462],
                    [7.7836727, 50.0490035],
                    [7.782506, 50.0496466],
                    [7.7797712, 50.0509886],
                    [7.773364, 50.0568969],
                    [7.7724673, 50.0583311],
                    [7.7729706, 50.0637833],
                    [7.7734895, 50.0653839],
                    [7.7733654, 50.0662234],
                    [7.7734346, 50.067073]
                ]
            }
        },
        {
            "type": "Feature",
            "id": "way/82453072",
            "properties": {
                "admin_level": "4",
                "boundary": "administrative",
                "source": "Hessische Verwaltung für Bodenmanagement und Geoinformation - Digitale Verwaltungsgrenzen",
                "id": "way/82453072"
            },
            "geometry": {
                "type": "LineString",
                "coordinates": [
                    [8.3478354, 49.9302025],
                    [8.3463333, 49.933242],
                    [8.3462203, 49.9334985]
                ]
            }
        },
        {
            "type": "Feature",
            "id": "way/82453290",
            "properties": {
                "admin_level": "4",
                "boundary": "administrative",
                "source": "Hessische Verwaltung für Bodenmanagement und Geoinformation - Digitale Verwaltungsgrenzen (Shapefile)",
                "id": "way/82453290"
            },
            "geometry": {
                "type": "LineString",
                "coordinates": [
                    [8.0879261, 50.0091076],
                    [8.0843588, 50.0080815],
                    [8.0792319, 50.0067562]
                ]
            }
        },
        {
            "type": "Feature",
            "id": "way/83055639",
            "properties": {
                "admin_level": "4",
                "boundary": "administrative",
                "source": "Hessische Verwaltung für Bodenmanagement und Geoinformation - Digitale Verwaltungsgrenzen (Shapefile)",
                "id": "way/83055639"
            },
            "geometry": {
                "type": "LineString",
                "coordinates": [
                    [7.8305025, 50.021827],
                    [7.8301895, 50.0220372],
                    [7.8282413, 50.0235077],
                    [7.8262905, 50.0249019],
                    [7.8219372, 50.0276167],
                    [7.8189952, 50.0298448],
                    [7.8162442, 50.0325674],
                    [7.8147107, 50.0337465],
                    [7.812554, 50.035142],
                    [7.8122545, 50.0353436],
                    [7.8117555, 50.0356513],
                    [7.8112673, 50.03596],
                    [7.8110032, 50.0361077],
                    [7.8106222, 50.0362982],
                    [7.8104808, 50.0363626],
                    [7.8103606, 50.0364228],
                    [7.8101085, 50.0365797],
                    [7.8099127, 50.0367285],
                    [7.8097178, 50.036894],
                    [7.8095404, 50.0370627],
                    [7.8093359, 50.0372685]
                ]
            }
        },
        {
            "type": "Feature",
            "id": "way/83055652",
            "properties": {
                "admin_level": "4",
                "boundary": "administrative",
                "source": "Hessische Verwaltung für Bodenmanagement und Geoinformation - Digitale Verwaltungsgrenzen (Shapefile)",
                "id": "way/83055652"
            },
            "geometry": {
                "type": "LineString",
                "coordinates": [
                    [7.8652242, 49.9807388],
                    [7.8648308, 49.9811273],
                    [7.8646574, 49.9817931],
                    [7.8644902, 49.9821761],
                    [7.8643484, 49.982484],
                    [7.8637009, 49.9853251],
                    [7.8625679, 49.9883317],
                    [7.8621572, 49.9903255],
                    [7.8621542, 49.9908492],
                    [7.8621635, 49.9917486],
                    [7.8619753, 49.9929457],
                    [7.8616761, 49.9941169],
                    [7.8615551, 49.9953274],
                    [7.8602632, 49.9982053],
                    [7.8594264, 50.0003191],
                    [7.8588441, 50.0025525],
                    [7.8589528, 50.0046916],
                    [7.8586968, 50.0055602],
                    [7.8586219, 50.0058927],
                    [7.8585972, 50.0065018]
                ]
            }
        },
        {
            "type": "Feature",
            "id": "way/83055657",
            "properties": {
                "admin_level": "4",
                "boundary": "administrative",
                "source": "Hessische Verwaltung für Bodenmanagement und Geoinformation - Digitale Verwaltungsgrenzen (Shapefile)",
                "id": "way/83055657"
            },
            "geometry": {
                "type": "LineString",
                "coordinates": [
                    [7.8093359, 50.0372685],
                    [7.8091173, 50.0375032],
                    [7.8089574, 50.0376832],
                    [7.8086765, 50.038017],
                    [7.8083934, 50.038364],
                    [7.8082067, 50.0385706],
                    [7.808161, 50.0386128],
                    [7.8079794, 50.03884],
                    [7.8021243, 50.0407286],
                    [7.8010429, 50.0410233],
                    [7.8000268, 50.0412756],
                    [7.799693, 50.0413951],
                    [7.7957782, 50.0428657],
                    [7.7932114, 50.0438388],
                    [7.7925615, 50.0441546],
                    [7.7909024, 50.0450796]
                ]
            }
        },
        {
            "type": "Feature",
            "id": "way/83117705",
            "properties": {
                "admin_level": "4",
                "boundary": "administrative",
                "source": "Hessische Verwaltung für Bodenmanagement und Geoinformation - Digitale Verwaltungsgrenzen",
                "id": "way/83117705"
            },
            "geometry": {
                "type": "LineString",
                "coordinates": [
                    [8.3847208, 49.8535555],
                    [8.3844059, 49.85428],
                    [8.383942, 49.8551272],
                    [8.3833876, 49.8559513],
                    [8.3827243, 49.856741],
                    [8.3820237, 49.8574214],
                    [8.3810844, 49.8581906],
                    [8.3801418, 49.8588513],
                    [8.3791424, 49.8594761],
                    [8.3780895, 49.8600629],
                    [8.3765438, 49.8608045]
                ]
            }
        },
        {
            "type": "Feature",
            "id": "way/84918411",
            "properties": {
                "admin_level": "4",
                "boundary": "administrative",
                "source": "Hessische Verwaltung für Bodenmanagement und Geoinformation - Digitale Verwaltungsgrenzen",
                "id": "way/84918411"
            },
            "geometry": {
                "type": "LineString",
                "coordinates": [
                    [10.0567779, 50.6674227],
                    [10.0569571, 50.6671459],
                    [10.0570615, 50.6667813],
                    [10.0570149, 50.6662633],
                    [10.0570469, 50.6656687],
                    [10.0572323, 50.6651561],
                    [10.0575954, 50.6646897],
                    [10.0578318, 50.6644515],
                    [10.058362, 50.6641012],
                    [10.0588272, 50.6637153],
                    [10.0591035, 50.6634508],
                    [10.0596704, 50.6632196],
                    [10.0601061, 50.6624747],
                    [10.0605805, 50.6621376],
                    [10.0609142, 50.6618416],
                    [10.0615821, 50.6611423],
                    [10.0619321, 50.6609631],
                    [10.0623385, 50.6604956],
                    [10.0630961, 50.65983],
                    [10.0634148, 50.6592814],
                    [10.0640124, 50.6587968],
                    [10.0648073, 50.658971],
                    [10.065319, 50.6584906],
                    [10.0654397, 50.6580094],
                    [10.0663351, 50.6575014],
                    [10.0672216, 50.6571606]
                ]
            }
        },
        {
            "type": "Feature",
            "id": "way/84918453",
            "properties": {
                "admin_level": "4",
                "boundary": "administrative",
                "source": "Hessische Verwaltung für Bodenmanagement und Geoinformation - Digitale Verwaltungsgrenzen",
                "id": "way/84918453"
            },
            "geometry": {
                "type": "LineString",
                "coordinates": [
                    [10.074125, 50.643175],
                    [10.0747421, 50.6426907],
                    [10.0753576, 50.6422109],
                    [10.0760149, 50.6406041],
                    [10.0762089, 50.639782],
                    [10.0763203, 50.6395445],
                    [10.0769316, 50.6383052],
                    [10.0777026, 50.6376668],
                    [10.0781958, 50.6371627]
                ]
            }
        },
        {
            "type": "Feature",
            "id": "way/84918457",
            "properties": {
                "admin_level": "4",
                "boundary": "administrative",
                "source": "Hessische Verwaltung für Bodenmanagement und Geoinformation - Digitale Verwaltungsgrenzen",
                "id": "way/84918457"
            },
            "geometry": {
                "type": "LineString",
                "coordinates": [
                    [9.9477063, 50.6622784],
                    [9.9477986, 50.6623673],
                    [9.9477987, 50.6624819],
                    [9.9481731, 50.6625467],
                    [9.9483021, 50.6626262],
                    [9.948385, 50.6627919],
                    [9.948671, 50.6629515],
                    [9.948537, 50.6630525],
                    [9.9486552, 50.6631329],
                    [9.9487935, 50.6631964],
                    [9.9486544, 50.6632534],
                    [9.9487402, 50.663328],
                    [9.9486739, 50.6634502],
                    [9.9487077, 50.663501],
                    [9.9488705, 50.6635442],
                    [9.9488733, 50.6635602],
                    [9.9487547, 50.6636542],
                    [9.9488498, 50.6637218],
                    [9.9489229, 50.6638338]
                ]
            }
        },
        {
            "type": "Feature",
            "id": "way/84918477",
            "properties": {
                "admin_level": "4",
                "boundary": "administrative",
                "source": "Hessische Verwaltung für Bodenmanagement und Geoinformation - Digitale Verwaltungsgrenzen",
                "id": "way/84918477"
            },
            "geometry": {
                "type": "LineString",
                "coordinates": [
                    [9.9414957, 50.7391479],
                    [9.9411607, 50.7390683],
                    [9.9408019, 50.7389534],
                    [9.9408714, 50.7387634],
                    [9.9405018, 50.7386624],
                    [9.9400942, 50.7385212],
                    [9.9394321, 50.7381967],
                    [9.9389293, 50.7379005],
                    [9.9392292, 50.7375969],
                    [9.9393121, 50.737467],
                    [9.9393639, 50.7373398],
                    [9.9394132, 50.7371326],
                    [9.9393802, 50.7369059],
                    [9.9393218, 50.7366037],
                    [9.9392147, 50.7364577],
                    [9.9390753, 50.7363328],
                    [9.9388486, 50.736173],
                    [9.9385362, 50.7360199],
                    [9.9382331, 50.7358387],
                    [9.9377657, 50.7354988],
                    [9.9372179, 50.7349796],
                    [9.9366118, 50.7344681],
                    [9.9362519, 50.7342527],
                    [9.9359298, 50.7339731],
                    [9.937936, 50.7327328],
                    [9.9358726, 50.7313004],
                    [9.9376519, 50.7309487],
                    [9.9372744, 50.7306402],
                    [9.9365886, 50.7301919],
                    [9.9352891, 50.7293547],
                    [9.9357196, 50.728758],
                    [9.9353969, 50.7277981],
                    [9.935109, 50.7271846],
                    [9.9344177, 50.7264246],
                    [9.9340856, 50.726169],
                    [9.9345637, 50.725194],
                    [9.9352231, 50.7240443],
                    [9.9332304, 50.7233341],
                    [9.9307719, 50.7221511]
                ]
            }
        },
        {
            "type": "Feature",
            "id": "way/85186067",
            "properties": {
                "admin_level": "4",
                "boundary": "administrative",
                "source": "Hessische Verwaltung für Bodenmanagement und Geoinformation - Digitale Verwaltungsgrenzen",
                "id": "way/85186067"
            },
            "geometry": {
                "type": "LineString",
                "coordinates": [
                    [10.0813777, 50.6199058],
                    [10.080861, 50.6198718],
                    [10.0804806, 50.6198362],
                    [10.0798249, 50.6197612],
                    [10.0793497, 50.619859],
                    [10.0788494, 50.6199044],
                    [10.0788067, 50.6203192],
                    [10.0783961, 50.6203531],
                    [10.0780285, 50.6202979],
                    [10.0776896, 50.6202221],
                    [10.0771603, 50.620119],
                    [10.0765813, 50.6199745],
                    [10.0763635, 50.620141],
                    [10.0761357, 50.6203462],
                    [10.0757384, 50.6202467],
                    [10.0756106, 50.620024],
                    [10.0752466, 50.6198296],
                    [10.0754988, 50.6195819],
                    [10.0754253, 50.6195076],
                    [10.0752735, 50.6192341],
                    [10.0751431, 50.6190829],
                    [10.074201, 50.619436],
                    [10.0732727, 50.6197371],
                    [10.0731303, 50.6195651],
                    [10.0727319, 50.6196203],
                    [10.0722598, 50.6197748],
                    [10.0717143, 50.6201365],
                    [10.0710396, 50.6202758],
                    [10.0707812, 50.6204937],
                    [10.0704327, 50.6206293],
                    [10.0699511, 50.6208232],
                    [10.0694973, 50.6209191],
                    [10.0691547, 50.6210109],
                    [10.0687002, 50.6211711],
                    [10.0685229, 50.6212666],
                    [10.0681723, 50.6214744],
                    [10.0677539, 50.6216858],
                    [10.0675441, 50.6218264],
                    [10.0676471, 50.6218963],
                    [10.0674921, 50.6220878],
                    [10.0677448, 50.6221266],
                    [10.0676104, 50.6224258],
                    [10.0673302, 50.6227662],
                    [10.0674226, 50.6234014],
                    [10.0673778, 50.6237455],
                    [10.0672532, 50.624336],
                    [10.0669669, 50.6246896],
                    [10.0668805, 50.6250982],
                    [10.0662634, 50.6251436],
                    [10.0657114, 50.6252492],
                    [10.0651069, 50.6252807],
                    [10.0645174, 50.6252642],
                    [10.0639451, 50.6252906],
                    [10.0634929, 50.6253486],
                    [10.0635311, 50.6255327],
                    [10.0635795, 50.6257133],
                    [10.0631832, 50.6257911],
                    [10.0629139, 50.6258278],
                    [10.0620776, 50.6261643],
                    [10.0613111, 50.6263296],
                    [10.0605517, 50.6264408],
                    [10.0599499, 50.6265634],
                    [10.0596733, 50.6266772],
                    [10.0584087, 50.6265932],
                    [10.0577864, 50.626179],
                    [10.057056, 50.625891],
                    [10.0567302, 50.6255758],
                    [10.0563977, 50.6251234],
                    [10.0560566, 50.6247248],
                    [10.0558073, 50.6246196],
                    [10.0555289, 50.6242945],
                    [10.0552255, 50.6238755],
                    [10.054499, 50.6238918],
                    [10.0536891, 50.6239444],
                    [10.0529756, 50.6239149],
                    [10.0523407, 50.6237843],
                    [10.0517362, 50.6237725],
                    [10.0508856, 50.6237783],
                    [10.0502182, 50.6237118],
                    [10.048994, 50.6233512],
                    [10.0486541, 50.6231763],
                    [10.0483754, 50.6229865],
                    [10.0476358, 50.6227041],
                    [10.0474611, 50.6224864],
                    [10.0474584, 50.6223516],
                    [10.0471478, 50.6221841],
                    [10.0469692, 50.6220612],
                    [10.0465605, 50.6218265],
                    [10.0459873, 50.6215939],
                    [10.045408, 50.6212521],
                    [10.0453209, 50.6211899],
                    [10.0454302, 50.6210467],
                    [10.0458522, 50.6207921],
                    [10.046462, 50.6205142],
                    [10.0470081, 50.620196],
                    [10.0473505, 50.6198982],
                    [10.047732, 50.619408],
                    [10.0468096, 50.6189716],
                    [10.0464322, 50.618785],
                    [10.0461249, 50.6184681],
                    [10.0457704, 50.6180634],
                    [10.0450499, 50.6177004],
                    [10.0444443, 50.6171805],
                    [10.0435219, 50.616918],
                    [10.0425264, 50.616825],
                    [10.0419606, 50.616732],
                    [10.0412717, 50.6165513],
                    [10.0409102, 50.6162817],
                    [10.0399217, 50.6152051],
                    [10.0392513, 50.6146355],
                    [10.0387518, 50.6142226],
                    [10.0387197, 50.6141799],
                    [10.0384246, 50.6142561],
                    [10.0381032, 50.6143155],
                    [10.0378354, 50.6139989],
                    [10.0376469, 50.6136925],
                    [10.037582, 50.6135049],
                    [10.0374246, 50.6132718],
                    [10.037173, 50.6128252],
                    [10.0371002, 50.6125616],
                    [10.0372028, 50.6121553],
                    [10.0371363, 50.6119352],
                    [10.0370247, 50.6116532],
                    [10.0370199, 50.6113523],
                    [10.0370882, 50.6107574],
                    [10.0372438, 50.6104114],
                    [10.037481, 50.6100213],
                    [10.0376593, 50.6094167],
                    [10.0378952, 50.6091935],
                    [10.0381242, 50.6089195],
                    [10.0382089, 50.6084941],
                    [10.0384141, 50.6081931],
                    [10.0386694, 50.6078034],
                    [10.0389187, 50.607471],
                    [10.0391928, 50.6069687],
                    [10.0393588, 50.6067846],
                    [10.0394808, 50.6064651],
                    [10.0396019, 50.6060799],
                    [10.0399374, 50.6057278],
                    [10.0401423, 50.605342],
                    [10.0402704, 50.6050187],
                    [10.0403557, 50.6046925],
                    [10.0403593, 50.6044503],
                    [10.0407386, 50.6042036],
                    [10.0412569, 50.6039216],
                    [10.0416126, 50.6036755],
                    [10.0419077, 50.6033891],
                    [10.0421345, 50.6030973],
                    [10.0424233, 50.6028462],
                    [10.0427981, 50.6025909],
                    [10.0431241, 50.6023871],
                    [10.0435066, 50.6022312],
                    [10.0439964, 50.6020705],
                    [10.0445001, 50.6020211],
                    [10.0448737, 50.6019576],
                    [10.0455006, 50.6018273],
                    [10.0460541, 50.6016196],
                    [10.0463656, 50.6013168],
                    [10.0466151, 50.6010057],
                    [10.046954, 50.6006821],
                    [10.0470387, 50.6006226]
                ]
            }
        },
        {
            "type": "Feature",
            "id": "way/85186134",
            "properties": {
                "admin_level": "4",
                "boundary": "administrative",
                "source": "Hessische Verwaltung für Bodenmanagement und Geoinformation - Digitale Verwaltungsgrenzen",
                "id": "way/85186134"
            },
            "geometry": {
                "type": "LineString",
                "coordinates": [
                    [10.0489205, 50.5985997],
                    [10.0490021, 50.5983714],
                    [10.0489399, 50.5974696],
                    [10.0488208, 50.5965785],
                    [10.0488437, 50.5956763],
                    [10.0486381, 50.5954871],
                    [10.048149, 50.5952838],
                    [10.0478106, 50.5950532],
                    [10.0473415, 50.5943717],
                    [10.047564, 50.5933686],
                    [10.0478498, 50.592507],
                    [10.0484781, 50.5912869],
                    [10.0486935, 50.5904533],
                    [10.0488784, 50.5899193],
                    [10.0489103, 50.5896967],
                    [10.0489847, 50.5892826],
                    [10.0492439, 50.5887051],
                    [10.0492991, 50.588343],
                    [10.0491435, 50.5880446],
                    [10.048993, 50.5876281],
                    [10.0489583, 50.5871486],
                    [10.04919, 50.5864115],
                    [10.0494048, 50.5861117],
                    [10.0495567, 50.5856488],
                    [10.0496119, 50.5853423],
                    [10.0497231, 50.584529],
                    [10.048973, 50.5836313],
                    [10.0487174, 50.5833841],
                    [10.0485487, 50.5833091],
                    [10.0480492, 50.5831899],
                    [10.0472809, 50.5829124],
                    [10.0471428, 50.5825295],
                    [10.0471463, 50.5821682],
                    [10.0466382, 50.5818019],
                    [10.0462925, 50.5814821],
                    [10.0461286, 50.5813389],
                    [10.0459916, 50.5810451],
                    [10.0456364, 50.5803168],
                    [10.0457375, 50.5798865],
                    [10.0456268, 50.5797093],
                    [10.0458619, 50.5793518],
                    [10.0458541, 50.5784849],
                    [10.0459246, 50.5779654],
                    [10.0459827, 50.5774785],
                    [10.0457199, 50.5767578],
                    [10.0455837, 50.5763043],
                    [10.0453253, 50.5758656],
                    [10.045044, 50.5753208],
                    [10.0453155, 50.5745318],
                    [10.0453187, 50.5744377]
                ]
            }
        },
        {
            "type": "Feature",
            "id": "way/85279651",
            "properties": {
                "admin_level": "4",
                "boundary": "administrative",
                "source": "Hessische Verwaltung für Bodenmanagement und Geoinformation - Digitale Verwaltungsgrenzen",
                "id": "way/85279651"
            },
            "geometry": {
                "type": "LineString",
                "coordinates": [
                    [9.8856834, 50.6526752],
                    [9.8851833, 50.6523588],
                    [9.8848724, 50.652198],
                    [9.8843974, 50.6519257],
                    [9.884136, 50.6515935],
                    [9.8844119, 50.6514915],
                    [9.8842989, 50.6509814],
                    [9.8842964, 50.6506209],
                    [9.8840762, 50.6496667],
                    [9.8839652, 50.6492287],
                    [9.8838461, 50.6492269],
                    [9.8835225, 50.6487312],
                    [9.8833397, 50.6484923],
                    [9.8830658, 50.648177],
                    [9.8827364, 50.6478875],
                    [9.881428, 50.6469918],
                    [9.8813607, 50.6470121],
                    [9.8811508, 50.6468161],
                    [9.8809443, 50.6465997],
                    [9.8805748, 50.6460591],
                    [9.880341, 50.6458661],
                    [9.8799701, 50.645741],
                    [9.87962, 50.6453909],
                    [9.8793976, 50.6450811],
                    [9.8790851, 50.6449943],
                    [9.878481, 50.644744],
                    [9.8782446, 50.644601],
                    [9.8780265, 50.6443009],
                    [9.8779587, 50.6441137],
                    [9.8778861, 50.6435715],
                    [9.8781156, 50.6428707],
                    [9.8770341, 50.643487],
                    [9.8772613, 50.6428962],
                    [9.877434, 50.6423607],
                    [9.8774112, 50.6417973],
                    [9.8770354, 50.6417925],
                    [9.8769767, 50.6415502],
                    [9.8769608, 50.6410913],
                    [9.8770124, 50.6407326],
                    [9.8770912, 50.6400975],
                    [9.8772447, 50.6396604],
                    [9.8773507, 50.6386653],
                    [9.8780221, 50.6385969],
                    [9.878723, 50.6385128],
                    [9.8788056, 50.638432],
                    [9.8786895, 50.6373253],
                    [9.8786722, 50.6368472],
                    [9.8785193, 50.6362453],
                    [9.8789038, 50.6361566],
                    [9.8785822, 50.6352924],
                    [9.8785585, 50.6349368],
                    [9.8787163, 50.6347466],
                    [9.8791498, 50.6345429]
                ]
            }
        },
        {
            "type": "Feature",
            "id": "way/85281119",
            "properties": {
                "admin_level": "4",
                "boundary": "administrative",
                "source": "Hessische Verwaltung für Bodenmanagement und Geoinformation - Digitale Verwaltungsgrenzen",
                "id": "way/85281119"
            },
            "geometry": {
                "type": "LineString",
                "coordinates": [
                    [9.8817496, 50.6722692],
                    [9.8817498, 50.6722223],
                    [9.8817503, 50.6718187],
                    [9.8817822, 50.6715097],
                    [9.8819815, 50.6714984],
                    [9.8822097, 50.671304],
                    [9.8823376, 50.6709971],
                    [9.8818283, 50.6707587],
                    [9.8811136, 50.6704746],
                    [9.8805674, 50.6703461],
                    [9.8797333, 50.6705115],
                    [9.8796669, 50.6704794],
                    [9.8792236, 50.6703628],
                    [9.8789947, 50.67009],
                    [9.8792493, 50.6698428],
                    [9.8792521, 50.6698416],
                    [9.8797282, 50.6696374],
                    [9.8799937, 50.6696486],
                    [9.8803196, 50.6696696],
                    [9.8803626, 50.6697177],
                    [9.8809515, 50.6694004],
                    [9.8812889, 50.669234],
                    [9.8821252, 50.6687599],
                    [9.8818867, 50.6685232],
                    [9.8813676, 50.6683131],
                    [9.8807365, 50.6681528],
                    [9.8805012, 50.6679576],
                    [9.8803588, 50.667618],
                    [9.8801465, 50.6671576],
                    [9.8799789, 50.6666832],
                    [9.8797284, 50.6663119],
                    [9.8792807, 50.665942],
                    [9.8799801, 50.6655927],
                    [9.8804876, 50.6654382],
                    [9.8806702, 50.6651012],
                    [9.8809353, 50.6647747],
                    [9.8812792, 50.6644651],
                    [9.8813054, 50.6640938],
                    [9.8812442, 50.6637259],
                    [9.8814243, 50.6632128],
                    [9.8816759, 50.662885],
                    [9.8819707, 50.6625777],
                    [9.8822559, 50.6622941],
                    [9.8825884, 50.6619369]
                ]
            }
        },
        {
            "type": "Feature",
            "id": "way/85283898",
            "properties": {
                "admin_level": "4",
                "boundary": "administrative",
                "source": "Hessische Verwaltung für Bodenmanagement und Geoinformation - Digitale Verwaltungsgrenzen",
                "id": "way/85283898"
            },
            "geometry": {
                "type": "LineString",
                "coordinates": [
                    [9.9075068, 50.7032232],
                    [9.9076344, 50.7029689],
                    [9.9082761, 50.7016903],
                    [9.90877, 50.7010403],
                    [9.9097419, 50.7006181],
                    [9.9117959, 50.7004452],
                    [9.911794, 50.7003916],
                    [9.9127145, 50.7004047],
                    [9.9130507, 50.7003808],
                    [9.9130761, 50.7004452],
                    [9.9143904, 50.7002439],
                    [9.9143385, 50.6997868],
                    [9.9151593, 50.699758],
                    [9.9149589, 50.6994],
                    [9.9156445, 50.6992657],
                    [9.916107, 50.6991639],
                    [9.9162341, 50.699304],
                    [9.9165607, 50.6992733],
                    [9.9163338, 50.6989704],
                    [9.9170571, 50.6988836],
                    [9.9167704, 50.6986336],
                    [9.917665, 50.6985172],
                    [9.9176926, 50.6981642],
                    [9.9177623, 50.6979431],
                    [9.9178609, 50.6978262],
                    [9.9179959, 50.6977289],
                    [9.9182949, 50.6977517],
                    [9.9184459, 50.6975717],
                    [9.9181348, 50.6974642],
                    [9.9184038, 50.6970656],
                    [9.9194411, 50.697417],
                    [9.9201731, 50.6976145],
                    [9.920622, 50.6976933],
                    [9.921013, 50.6977096],
                    [9.9202739, 50.6971704],
                    [9.9203024, 50.6971224],
                    [9.9204995, 50.6967902],
                    [9.920772, 50.6962919],
                    [9.921113, 50.695684],
                    [9.9212912, 50.695305],
                    [9.9221816, 50.6954697],
                    [9.9226591, 50.6955446],
                    [9.9229845, 50.6956163],
                    [9.923538, 50.6957665],
                    [9.9238568, 50.6953273],
                    [9.9226851, 50.695069],
                    [9.9227798, 50.6948135],
                    [9.923048, 50.6942507],
                    [9.9209866, 50.6939633],
                    [9.9205694, 50.6938426],
                    [9.9201831, 50.6937515],
                    [9.9198345, 50.6936966],
                    [9.919267, 50.6936506],
                    [9.9191132, 50.6945577],
                    [9.9186376, 50.6944291],
                    [9.9182045, 50.6943899],
                    [9.9182214, 50.6942694],
                    [9.9166803, 50.6941974],
                    [9.9167168, 50.6940277],
                    [9.915642, 50.6939094],
                    [9.9150336, 50.6937154],
                    [9.9153504, 50.6933428],
                    [9.914879, 50.6930359],
                    [9.914844, 50.6925059],
                    [9.914863, 50.6924924],
                    [9.9147988, 50.692364],
                    [9.9147591, 50.6923404],
                    [9.9145171, 50.6922666],
                    [9.9143719, 50.6922672],
                    [9.9142393, 50.6919706],
                    [9.9142063, 50.6917307],
                    [9.9141063, 50.691473],
                    [9.9139294, 50.6908909],
                    [9.9139444, 50.6904905],
                    [9.9140258, 50.6901099],
                    [9.9136413, 50.6902364],
                    [9.912599, 50.6905126],
                    [9.9120233, 50.6907768],
                    [9.9119169, 50.6906203],
                    [9.9118525, 50.690452],
                    [9.9117989, 50.6899918],
                    [9.9117872, 50.6897194],
                    [9.9118286, 50.6891895],
                    [9.9118772, 50.6888395],
                    [9.9126651, 50.688343],
                    [9.9112441, 50.6875586],
                    [9.9094235, 50.6863579],
                    [9.9089247, 50.6860496],
                    [9.9078093, 50.6852773],
                    [9.9060688, 50.6841956],
                    [9.9040404, 50.6837074],
                    [9.9018868, 50.6841342],
                    [9.9008719, 50.683689],
                    [9.8996525, 50.6828863],
                    [9.9000288, 50.6826512],
                    [9.8996159, 50.6822854],
                    [9.8992395, 50.6822937],
                    [9.8986953, 50.6824647],
                    [9.8986205, 50.6826055],
                    [9.8971816, 50.6828322],
                    [9.8961626, 50.6829868],
                    [9.8955917, 50.683373],
                    [9.8944473, 50.6839369],
                    [9.8926412, 50.682591],
                    [9.8888403, 50.6778153],
                    [9.8888686, 50.6771755],
                    [9.888471, 50.676759],
                    [9.887496, 50.676298],
                    [9.8867847, 50.6757621],
                    [9.8858059, 50.6753674],
                    [9.885466, 50.674967],
                    [9.8851057, 50.6747016],
                    [9.8842797, 50.6743128],
                    [9.8836722, 50.6738334],
                    [9.8823804, 50.6738189],
                    [9.8816739, 50.673629],
                    [9.8812289, 50.6733713],
                    [9.8823298, 50.6729257],
                    [9.8826681, 50.6724802],
                    [9.8817496, 50.6722692]
                ]
            }
        },
        {
            "type": "Feature",
            "id": "way/85312160",
            "properties": {
                "admin_level": "4",
                "boundary": "administrative",
                "source": "Hessische Verwaltung für Bodenmanagement und Geoinformation - Digitale Verwaltungsgrenzen",
                "id": "way/85312160"
            },
            "geometry": {
                "type": "LineString",
                "coordinates": [
                    [9.9307719, 50.7221511],
                    [9.9307438, 50.7221311],
                    [9.9258761, 50.7186627],
                    [9.9240925, 50.7173535],
                    [9.9222523, 50.7161975],
                    [9.920663, 50.7152057]
                ]
            }
        },
        {
            "type": "Feature",
            "id": "way/85314374",
            "properties": {
                "admin_level": "4",
                "boundary": "administrative",
                "source": "Hessische Verwaltung für Bodenmanagement und Geoinformation - Digitale Verwaltungsgrenzen",
                "id": "way/85314374"
            },
            "geometry": {
                "type": "LineString",
                "coordinates": [
                    [9.9413924, 50.7417776],
                    [9.9409324, 50.7416476],
                    [9.9408135, 50.7415813],
                    [9.9406924, 50.7414922],
                    [9.9401996, 50.7415768],
                    [9.9404008, 50.7412202],
                    [9.9407029, 50.7407537],
                    [9.9407954, 50.7405206],
                    [9.9408512, 50.7401958],
                    [9.9411702, 50.7402362],
                    [9.9414957, 50.7391479]
                ]
            }
        },
        {
            "type": "Feature",
            "id": "way/93776857",
            "properties": {
                "admin_level": "4",
                "boundary": "administrative",
                "source": "Hessische Verwaltung für Bodenmanagement und Geoinformation - Digitale Verwaltungsgrenzen",
                "id": "way/93776857"
            },
            "geometry": {
                "type": "LineString",
                "coordinates": [
                    [9.9381932, 50.7564576],
                    [9.9393806, 50.7558347],
                    [9.9389086, 50.7551634],
                    [9.9388145, 50.7547471],
                    [9.9389079, 50.7545067],
                    [9.9388095, 50.7539806],
                    [9.9383424, 50.7533242],
                    [9.9390957, 50.7529835],
                    [9.9393912, 50.7527312],
                    [9.9395372, 50.7523276],
                    [9.9393487, 50.7519386],
                    [9.9392706, 50.7500571],
                    [9.9396531, 50.7494555],
                    [9.9395666, 50.7489314],
                    [9.9397425, 50.7483862],
                    [9.9397281, 50.7481265],
                    [9.9401882, 50.7474768],
                    [9.9407002, 50.7475164],
                    [9.9406267, 50.7472652],
                    [9.9405975, 50.746941],
                    [9.9404215, 50.7465471],
                    [9.9403605, 50.7463339],
                    [9.9404737, 50.7459451],
                    [9.9398551, 50.7455178],
                    [9.9395406, 50.7449788],
                    [9.9390447, 50.7442687],
                    [9.9386827, 50.7438402],
                    [9.9386483, 50.743592],
                    [9.9398731, 50.7433667],
                    [9.9406097, 50.7433535],
                    [9.9406432, 50.7431735],
                    [9.9408656, 50.7431952],
                    [9.9410574, 50.7426245],
                    [9.9413924, 50.7417776]
                ]
            }
        },
        {
            "type": "Feature",
            "id": "way/95329909",
            "properties": {
                "admin_level": "4",
                "boundary": "administrative",
                "source": "Hessische Verwaltung für Bodenmanagement und Geoinformation - Digitale Verwaltungsgrenzen (Shapefile)",
                "id": "way/95329909"
            },
            "geometry": {
                "type": "LineString",
                "coordinates": [
                    [7.9324598, 50.1438804],
                    [7.932306, 50.1439443],
                    [7.9320043, 50.1440283],
                    [7.9306686, 50.1445801],
                    [7.9306254, 50.1447099],
                    [7.9304494, 50.1447445],
                    [7.9304646, 50.144849],
                    [7.930358, 50.1449029],
                    [7.9301859, 50.1448534],
                    [7.9300332, 50.1449281],
                    [7.9300409, 50.1450116],
                    [7.929833, 50.1451596],
                    [7.9295028, 50.1451909],
                    [7.9293149, 50.145226],
                    [7.929042, 50.1451836],
                    [7.9278665, 50.1451705],
                    [7.9271715, 50.1452714],
                    [7.9270114, 50.1454234],
                    [7.9263561, 50.1458043],
                    [7.9260748, 50.1457952],
                    [7.9256509, 50.145958],
                    [7.9251813, 50.1461718],
                    [7.9248719, 50.1463463],
                    [7.9243363, 50.1464817],
                    [7.92411, 50.1466186],
                    [7.9235877, 50.1467125],
                    [7.9232719, 50.1467173],
                    [7.9229901, 50.1466623],
                    [7.9226913, 50.1467172],
                    [7.9223519, 50.1468039],
                    [7.9218941, 50.1468965],
                    [7.9216356, 50.1471018],
                    [7.9211786, 50.1471698],
                    [7.9209657, 50.1472457],
                    [7.9208341, 50.147344],
                    [7.9195197, 50.1480975],
                    [7.9185776, 50.1489132],
                    [7.9175381, 50.1491302]
                ]
            }
        },
        {
            "type": "Feature",
            "id": "way/95337528",
            "properties": {
                "admin_level": "4",
                "boundary": "administrative",
                "source": "Hessische Verwaltung für Bodenmanagement und Geoinformation - Digitale Verwaltungsgrenzen (Shapefile)",
                "id": "way/95337528"
            },
            "geometry": {
                "type": "LineString",
                "coordinates": [
                    [7.8880098, 50.1754724],
                    [7.8878877, 50.1754376],
                    [7.887396, 50.1759738],
                    [7.8870691, 50.1762978],
                    [7.8864777, 50.1760842],
                    [7.8864621, 50.1760756],
                    [7.8864358, 50.1760863],
                    [7.8849447, 50.1761766],
                    [7.8846254, 50.1769588],
                    [7.8844548, 50.1772112],
                    [7.8838263, 50.1783008],
                    [7.883479, 50.1788738],
                    [7.8835957, 50.1788886],
                    [7.8842723, 50.1789954],
                    [7.8841824, 50.1792648],
                    [7.8839495, 50.1797379],
                    [7.8838001, 50.1800934],
                    [7.8838388, 50.1803321],
                    [7.8838914, 50.1804045],
                    [7.8838573, 50.1805249]
                ]
            }
        },
        {
            "type": "Feature",
            "id": "way/95338643",
            "properties": {
                "admin_level": "4",
                "boundary": "administrative",
                "source": "Hessische Verwaltung für Bodenmanagement und Geoinformation - Digitale Verwaltungsgrenzen (Shapefile)",
                "id": "way/95338643"
            },
            "geometry": {
                "type": "LineString",
                "coordinates": [
                    [7.9067271, 50.1914196],
                    [7.9068102, 50.1914265],
                    [7.9071274, 50.1914527],
                    [7.9075567, 50.1915907],
                    [7.9077828, 50.1918635],
                    [7.9077901, 50.1920477],
                    [7.9081024, 50.1924345],
                    [7.9084206, 50.1925355],
                    [7.9087876, 50.1927365],
                    [7.9095645, 50.1929368],
                    [7.9097143, 50.1929632],
                    [7.9102914, 50.1932864],
                    [7.910791, 50.1941598],
                    [7.9110978, 50.1945076],
                    [7.9116137, 50.1948345],
                    [7.9123191, 50.1950682],
                    [7.9125595, 50.1951901],
                    [7.9128753, 50.1954042]
                ]
            }
        },
        {
            "type": "Feature",
            "id": "way/95340808",
            "properties": {
                "admin_level": "4",
                "boundary": "administrative",
                "source": "Hessische Verwaltung für Bodenmanagement und Geoinformation - Digitale Verwaltungsgrenzen (Shapefile)",
                "id": "way/95340808"
            },
            "geometry": {
                "type": "LineString",
                "coordinates": [
                    [7.9128753, 50.1954042],
                    [7.9130944, 50.1956451],
                    [7.9130711, 50.1962133],
                    [7.912028, 50.1973167],
                    [7.9108957, 50.198378],
                    [7.9090524, 50.1990879],
                    [7.9090264, 50.199142],
                    [7.9089533, 50.1992024],
                    [7.9085583, 50.1991087],
                    [7.9077589, 50.1993557],
                    [7.9073988, 50.1998589],
                    [7.9075258, 50.2003777],
                    [7.9075738, 50.2008757],
                    [7.9066031, 50.2016354]
                ]
            }
        },
        {
            "type": "Feature",
            "id": "way/95341196",
            "properties": {
                "admin_level": "4",
                "boundary": "administrative",
                "source": "Hessische Verwaltung für Bodenmanagement und Geoinformation - Digitale Verwaltungsgrenzen (Shapefile)",
                "id": "way/95341196"
            },
            "geometry": {
                "type": "LineString",
                "coordinates": [
                    [7.9326545, 50.2087225],
                    [7.9336323, 50.208913],
                    [7.9355476, 50.2091846],
                    [7.9388554, 50.2099323],
                    [7.9403143, 50.2096724],
                    [7.9408626, 50.2095115],
                    [7.9413045, 50.2092971],
                    [7.9420914, 50.2089293],
                    [7.9471826, 50.2100343]
                ]
            }
        },
        {
            "type": "Feature",
            "id": "way/95341463",
            "properties": {
                "admin_level": "4",
                "boundary": "administrative",
                "source": "Hessische Verwaltung für Bodenmanagement und Geoinformation - Digitale Verwaltungsgrenzen (Shapefile)",
                "id": "way/95341463"
            },
            "geometry": {
                "type": "LineString",
                "coordinates": [
                    [7.9471826, 50.2100343],
                    [7.9470069, 50.2103809],
                    [7.9464805, 50.211379],
                    [7.9468296, 50.2120472],
                    [7.9474763, 50.2122985],
                    [7.9482642, 50.2126694],
                    [7.9495859, 50.2133697],
                    [7.9507201, 50.2137076],
                    [7.9513622, 50.2140285],
                    [7.9514179, 50.2142072]
                ]
            }
        },
        {
            "type": "Feature",
            "id": "way/95417516",
            "properties": {
                "admin_level": "4",
                "boundary": "administrative",
                "source": "Hessische Verwaltung für Bodenmanagement und Geoinformation - Digitale Verwaltungsgrenzen (Shapefile)",
                "id": "way/95417516"
            },
            "geometry": {
                "type": "LineString",
                "coordinates": [
                    [8.1582727, 50.0298138],
                    [8.1570576, 50.0294616],
                    [8.1544749, 50.0287118],
                    [8.1523095, 50.0280397],
                    [8.1506422, 50.027614],
                    [8.1493217, 50.0273121],
                    [8.1480009, 50.0270327],
                    [8.1466517, 50.0267756],
                    [8.1453162, 50.026532],
                    [8.1428513, 50.0262351],
                    [8.1379268, 50.0256099]
                ]
            }
        },
        {
            "type": "Feature",
            "id": "way/95423273",
            "properties": {
                "admin_level": "4",
                "boundary": "administrative",
                "source": "Hessische Verwaltung für Bodenmanagement und Geoinformation - Digitale Verwaltungsgrenzen (Shapefile)",
                "id": "way/95423273"
            },
            "geometry": {
                "type": "LineString",
                "coordinates": [
                    [8.1053963, 50.0163461],
                    [8.1019468, 50.0142651],
                    [8.0973062, 50.0121118],
                    [8.0914283, 50.010115],
                    [8.0879261, 50.0091076]
                ]
            }
        },
        {
            "type": "Feature",
            "id": "way/95468913",
            "properties": {
                "admin_level": "4",
                "boundary": "administrative",
                "source": "Hessische Verwaltung für Bodenmanagement und Geoinformation - Digitale Verwaltungsgrenzen (Shapefile)",
                "id": "way/95468913"
            },
            "geometry": {
                "type": "LineString",
                "coordinates": [
                    [8.0277636, 49.9992671],
                    [8.0271091, 49.9990309],
                    [8.0190172, 49.9955146]
                ]
            }
        },
        {
            "type": "Feature",
            "id": "way/95469491",
            "properties": {
                "admin_level": "4",
                "boundary": "administrative",
                "source": "Hessische Verwaltung für Bodenmanagement und Geoinformation - Digitale Verwaltungsgrenzen (Shapefile)",
                "id": "way/95469491"
            },
            "geometry": {
                "type": "LineString",
                "coordinates": [
                    [8.0190172, 49.9955146],
                    [8.0143902, 49.9935068],
                    [8.0127299, 49.9928174],
                    [8.0120409, 49.9925354],
                    [8.0108582, 49.992059],
                    [8.0096658, 49.9915905],
                    [8.0084699, 49.991129],
                    [8.0072653, 49.9906757],
                    [8.0060538, 49.9902311],
                    [8.0043516, 49.9896192],
                    [8.0036131, 49.98936],
                    [8.0023728, 49.988948],
                    [8.0011146, 49.9885593],
                    [7.9940072, 49.9864451],
                    [7.9935181, 49.9862981],
                    [7.9922629, 49.9859054],
                    [7.9910217, 49.9854949],
                    [7.9897954, 49.9850667],
                    [7.9852761, 49.9834245]
                ]
            }
        },
        {
            "type": "Feature",
            "id": "way/95772385",
            "properties": {
                "admin_level": "4",
                "boundary": "administrative",
                "source": "Hessische Verwaltung für Bodenmanagement und Geoinformation - Digitale Verwaltungsgrenzen (Shapefile)",
                "id": "way/95772385"
            },
            "geometry": {
                "type": "LineString",
                "coordinates": [
                    [7.7909024, 50.0450796],
                    [7.7905688, 50.0452656],
                    [7.7896841, 50.0457366],
                    [7.7889434, 50.04616],
                    [7.7847325, 50.048462]
                ]
            }
        },
        {
            "type": "Feature",
            "id": "way/95772774",
            "properties": {
                "admin_level": "4",
                "boundary": "administrative",
                "source": "Hessische Verwaltung für Bodenmanagement und Geoinformation - Digitale Verwaltungsgrenzen (Shapefile)",
                "id": "way/95772774"
            },
            "geometry": {
                "type": "LineString",
                "coordinates": [
                    [7.8208157, 50.0811203],
                    [7.8208519, 50.0814332],
                    [7.8209256, 50.081619],
                    [7.8209934, 50.0817316],
                    [7.8211696, 50.0819359],
                    [7.821225, 50.0820587],
                    [7.8213006, 50.0821539],
                    [7.8213661, 50.0823376],
                    [7.8215296, 50.0825859],
                    [7.8215697, 50.0827338],
                    [7.8215559, 50.0827981],
                    [7.8214897, 50.0829289],
                    [7.8214979, 50.0829409],
                    [7.8214991, 50.0829569],
                    [7.8213814, 50.0831278],
                    [7.8213907, 50.0832871],
                    [7.8213577, 50.0834535],
                    [7.8213575, 50.0835005],
                    [7.8212992, 50.0836389],
                    [7.8213006, 50.083879],
                    [7.8213209, 50.0839874],
                    [7.8212927, 50.0843496],
                    [7.8213051, 50.0844466],
                    [7.821297, 50.0845562],
                    [7.8217232, 50.0841966],
                    [7.8217668, 50.0841837],
                    [7.8230177, 50.0832647],
                    [7.8251302, 50.0824633],
                    [7.8254654, 50.0823891],
                    [7.8264226, 50.0819754],
                    [7.8271082, 50.0817342],
                    [7.8281778, 50.0816517],
                    [7.8292858, 50.0817427],
                    [7.8299782, 50.0816422],
                    [7.830872, 50.0818139],
                    [7.8316229, 50.0818272]
                ]
            }
        },
        {
            "type": "Feature",
            "id": "way/95773747",
            "properties": {
                "admin_level": "4",
                "boundary": "administrative",
                "source": "Hessische Verwaltung für Bodenmanagement und Geoinformation - Digitale Verwaltungsgrenzen (Shapefile)",
                "id": "way/95773747"
            },
            "geometry": {
                "type": "LineString",
                "coordinates": [
                    [7.8316229, 50.0818272],
                    [7.8322477, 50.0823369],
                    [7.8325643, 50.0825886],
                    [7.8333052, 50.0831909],
                    [7.8341162, 50.0830792],
                    [7.8345174, 50.0831692],
                    [7.8356869, 50.0835309],
                    [7.8373559, 50.0839695],
                    [7.8385168, 50.084981],
                    [7.8376022, 50.085227],
                    [7.8379104, 50.0858016],
                    [7.8381756, 50.0862094],
                    [7.8383466, 50.0861768],
                    [7.8387646, 50.086587],
                    [7.8389353, 50.086853],
                    [7.8389116, 50.0871533],
                    [7.8387298, 50.087599],
                    [7.8380256, 50.0874367],
                    [7.8382485, 50.0869603],
                    [7.8382452, 50.0868762],
                    [7.8381237, 50.086679],
                    [7.8377304, 50.0862943],
                    [7.8373993, 50.0863588],
                    [7.837731, 50.0866631],
                    [7.8378586, 50.0868434],
                    [7.837875, 50.0870178],
                    [7.8377421, 50.0873707],
                    [7.837363, 50.0877602],
                    [7.8368921, 50.0880533],
                    [7.8368142, 50.0882919],
                    [7.8361004, 50.0884331],
                    [7.8355513, 50.0885629],
                    [7.8353897, 50.0886398],
                    [7.835649, 50.0889857],
                    [7.8360297, 50.0894137],
                    [7.8363193, 50.0897071],
                    [7.8366148, 50.0899669],
                    [7.8367116, 50.0905407],
                    [7.8355373, 50.0908476],
                    [7.8349206, 50.0912673],
                    [7.8352335, 50.0916125],
                    [7.8353128, 50.0917519],
                    [7.8355397, 50.0922549],
                    [7.8351198, 50.0923529],
                    [7.8346312, 50.0923261],
                    [7.8344655, 50.0922722],
                    [7.8341226, 50.0922117],
                    [7.8335963, 50.0920586],
                    [7.8332154, 50.0924684],
                    [7.8341464, 50.0927328],
                    [7.8350746, 50.0929763],
                    [7.8353037, 50.09325],
                    [7.8360887, 50.0937287],
                    [7.8355179, 50.0939479],
                    [7.8352604, 50.0938894],
                    [7.8350531, 50.0939773],
                    [7.8348811, 50.0939741],
                    [7.8345729, 50.0941072],
                    [7.8346084, 50.0942732],
                    [7.8347461, 50.0943024],
                    [7.8349756, 50.0943334],
                    [7.8350371, 50.094488],
                    [7.8352811, 50.0947136],
                    [7.835215, 50.0948746],
                    [7.8356369, 50.0950904],
                    [7.8354671, 50.0952749],
                    [7.8352101, 50.0954383],
                    [7.8349292, 50.0953114],
                    [7.8347926, 50.0953548],
                    [7.834586, 50.0951539],
                    [7.8344574, 50.0951952],
                    [7.8343814, 50.0951209],
                    [7.8343, 50.0951135],
                    [7.8339451, 50.0947522],
                    [7.8336702, 50.0948054],
                    [7.8334394, 50.0946618],
                    [7.8332171, 50.0944898],
                    [7.8330238, 50.0942929],
                    [7.832924, 50.0941391],
                    [7.8326003, 50.0943029],
                    [7.832198, 50.094238],
                    [7.8320175, 50.0940566],
                    [7.8316272, 50.0936889],
                    [7.8310048, 50.0928505],
                    [7.8308048, 50.0929542]
                ]
            }
        },
        {
            "type": "Feature",
            "id": "way/95773748",
            "properties": {
                "admin_level": "4",
                "boundary": "administrative",
                "source": "Hessische Verwaltung für Bodenmanagement und Geoinformation - Digitale Verwaltungsgrenzen (Shapefile)",
                "id": "way/95773748"
            },
            "geometry": {
                "type": "LineString",
                "coordinates": [
                    [7.8459906, 50.1137618],
                    [7.8462738, 50.115262],
                    [7.846568, 50.1172788],
                    [7.8470983, 50.1208047],
                    [7.8470464, 50.1222762],
                    [7.847235, 50.1236699]
                ]
            }
        },
        {
            "type": "Feature",
            "id": "way/95887169",
            "properties": {
                "admin_level": "4",
                "boundary": "administrative",
                "source": "Hessische Verwaltung für Bodenmanagement und Geoinformation - Digitale Verwaltungsgrenzen (Shapefile)",
                "id": "way/95887169"
            },
            "geometry": {
                "type": "LineString",
                "coordinates": [
                    [7.8844495, 50.1142235],
                    [7.885344, 50.1145246],
                    [7.8858815, 50.1146639],
                    [7.8862374, 50.1148438],
                    [7.8862085, 50.1151715],
                    [7.8866333, 50.115543],
                    [7.8878936, 50.1161195],
                    [7.8889374, 50.1165969],
                    [7.8906195, 50.1170076],
                    [7.8909941, 50.1172374],
                    [7.8916234, 50.1181407],
                    [7.8920089, 50.118306],
                    [7.892783, 50.1187979],
                    [7.8931432, 50.118989],
                    [7.893704, 50.1191356],
                    [7.8939919, 50.1192164],
                    [7.894443, 50.1195067],
                    [7.8952209, 50.1198862],
                    [7.8954326, 50.1200992],
                    [7.8962323, 50.1203233],
                    [7.8965819, 50.1206229],
                    [7.8966692, 50.1208028],
                    [7.8968543, 50.1207761],
                    [7.8968287, 50.1211673],
                    [7.8977159, 50.1217595],
                    [7.8994843, 50.1220754],
                    [7.9006787, 50.1223764],
                    [7.9023843, 50.1221327],
                    [7.9045184, 50.1216295],
                    [7.9080982, 50.1196638],
                    [7.9113543, 50.1166255],
                    [7.9126156, 50.1156488],
                    [7.9130448, 50.1155408],
                    [7.9138976, 50.1146364],
                    [7.9151866, 50.1135887],
                    [7.916557, 50.1122192],
                    [7.9179683, 50.1110659],
                    [7.9185066, 50.1102862],
                    [7.9190912, 50.1097435],
                    [7.9198508, 50.1087623],
                    [7.9200828, 50.1077161],
                    [7.9203187, 50.1065976],
                    [7.9206239, 50.1050379],
                    [7.9205178, 50.1036852],
                    [7.9247474, 50.10156],
                    [7.9253841, 50.1012123],
                    [7.9254261, 50.1011854]
                ]
            }
        },
        {
            "type": "Feature",
            "id": "way/103630744",
            "properties": {
                "admin_level": "4",
                "boundary": "administrative",
                "id": "way/103630744"
            },
            "geometry": {
                "type": "LineString",
                "coordinates": [
                    [8.3553408, 50.8620244],
                    [8.3556134, 50.8619078],
                    [8.3584059, 50.8607129],
                    [8.3603028, 50.8611763],
                    [8.3621978, 50.8616447],
                    [8.3652191, 50.8623537],
                    [8.3660639, 50.86254],
                    [8.3671101, 50.862951],
                    [8.3682275, 50.8636709],
                    [8.3692155, 50.8645174],
                    [8.3675577, 50.8673157],
                    [8.3666006, 50.8681389],
                    [8.366474, 50.8685146],
                    [8.3670038, 50.8693241],
                    [8.368035, 50.8700886],
                    [8.3678433, 50.8707874],
                    [8.3683361, 50.8716745],
                    [8.3693288, 50.8725179],
                    [8.3698312, 50.8729253],
                    [8.3706976, 50.8734982],
                    [8.3712336, 50.8739684],
                    [8.3717355, 50.8743069],
                    [8.3734972, 50.8745602],
                    [8.3778342, 50.8753147],
                    [8.3801496, 50.8755957],
                    [8.3851704, 50.8758324],
                    [8.3857531, 50.8765248],
                    [8.3863813, 50.8772871]
                ]
            }
        },
        {
            "type": "Feature",
            "id": "way/104523360",
            "properties": {
                "admin_level": "4",
                "boundary": "administrative",
                "source": "ALKIS Hessen + Shapefiles",
                "id": "way/104523360"
            },
            "geometry": {
                "type": "LineString",
                "coordinates": [
                    [8.0377747, 50.2491212],
                    [8.0379112, 50.2489743],
                    [8.0363751, 50.2474697],
                    [8.0355319, 50.2466349],
                    [8.0349951, 50.2456967],
                    [8.0368497, 50.2445323],
                    [8.0389327, 50.2455978],
                    [8.0439516, 50.2425795],
                    [8.0455465, 50.2435985],
                    [8.0470191, 50.2442428],
                    [8.0482097, 50.2445035],
                    [8.0496611, 50.2446566]
                ]
            }
        },
        {
            "type": "Feature",
            "id": "way/104527261",
            "properties": {
                "admin_level": "4",
                "boundary": "administrative",
                "source": "Hessische Verwaltung für Bodenmanagement und Geoinformation - Digitale Verwaltungsgrenzen (Shapefile)",
                "id": "way/104527261"
            },
            "geometry": {
                "type": "LineString",
                "coordinates": [
                    [8.0315612, 50.2557971],
                    [8.0303342, 50.2553603],
                    [8.0251706, 50.2535255],
                    [8.0214941, 50.2583042]
                ]
            }
        },
        {
            "type": "Feature",
            "id": "way/104731687",
            "properties": {
                "admin_level": "4",
                "boundary": "administrative",
                "source": "Hessische Verwaltung für Bodenmanagement und Geoinformation - Digitale Verwaltungsgrenzen (Shapefile)",
                "id": "way/104731687"
            },
            "geometry": {
                "type": "LineString",
                "coordinates": [
                    [8.0788657, 50.2605184],
                    [8.0792485, 50.2605164],
                    [8.0794783, 50.2606392],
                    [8.080054, 50.2605483],
                    [8.0804413, 50.2606088],
                    [8.0806801, 50.260568],
                    [8.0809749, 50.2606149],
                    [8.0813664, 50.2605123],
                    [8.0820519, 50.2606236],
                    [8.0825773, 50.26057],
                    [8.0831349, 50.260798],
                    [8.0831836, 50.2608832],
                    [8.0835163, 50.2610846],
                    [8.0837855, 50.26121],
                    [8.0838756, 50.2614271],
                    [8.084161, 50.2614831],
                    [8.0841012, 50.2615334],
                    [8.0845226, 50.2619659],
                    [8.085408, 50.262446],
                    [8.0860622, 50.2626036],
                    [8.0862706, 50.2628373],
                    [8.0867492, 50.263037],
                    [8.0868946, 50.2631227],
                    [8.0872748, 50.2632312],
                    [8.0874844, 50.2635276],
                    [8.0880055, 50.2636099],
                    [8.0882515, 50.2638105],
                    [8.0891278, 50.2641115],
                    [8.0896172, 50.2643362],
                    [8.0911128, 50.2651263],
                    [8.0917447, 50.2654509],
                    [8.0933534, 50.2649403],
                    [8.0943858, 50.26484],
                    [8.0935091, 50.2636293],
                    [8.0958602, 50.262647],
                    [8.1017512, 50.2601974],
                    [8.1030615, 50.2596562],
                    [8.106151, 50.2605961]
                ]
            }
        },
        {
            "type": "Feature",
            "id": "way/104735651",
            "properties": {
                "admin_level": "4",
                "boundary": "administrative",
                "source": "Hessische Verwaltung für Bodenmanagement und Geoinformation - Digitale Verwaltungsgrenzen (Shapefile)",
                "id": "way/104735651"
            },
            "geometry": {
                "type": "LineString",
                "coordinates": [
                    [8.106151, 50.2605961],
                    [8.1065088, 50.2607054],
                    [8.1069754, 50.260847]
                ]
            }
        },
        {
            "type": "Feature",
            "id": "way/104735812",
            "properties": {
                "admin_level": "4",
                "boundary": "administrative",
                "source": "ALKIS Hessen + Shapefiles",
                "id": "way/104735812"
            },
            "geometry": {
                "type": "LineString",
                "coordinates": [
                    [8.111327, 50.2705614],
                    [8.1113236, 50.2703292],
                    [8.1112795, 50.2703276],
                    [8.1113186, 50.2701475],
                    [8.111185, 50.2697375],
                    [8.1111609, 50.2697213],
                    [8.1112048, 50.269591],
                    [8.1111343, 50.2694499],
                    [8.1115367, 50.2693725],
                    [8.1116088, 50.2691841],
                    [8.1116248, 50.2690197],
                    [8.1115883, 50.2689556],
                    [8.1096894, 50.2656226],
                    [8.1087443, 50.263941],
                    [8.1082609, 50.2630938],
                    [8.1077728, 50.2622521],
                    [8.1069754, 50.260847]
                ]
            }
        },
        {
            "type": "Feature",
            "id": "way/116386785",
            "properties": {
                "admin_level": "4",
                "boundary": "administrative",
                "source": "Hessische Verwaltung für Bodenmanagement und Geoinformation - Digitale Verwaltungsgrenzen",
                "id": "way/116386785"
            },
            "geometry": {
                "type": "LineString",
                "coordinates": [
                    [8.3584341, 49.8637046],
                    [8.357504, 49.8639257],
                    [8.3559034, 49.8645018],
                    [8.3548604, 49.8650512],
                    [8.3545265, 49.8652661],
                    [8.3543009, 49.8654181],
                    [8.3537769, 49.8658451],
                    [8.3530402, 49.8665662],
                    [8.3472348, 49.87241],
                    [8.34555, 49.8743241],
                    [8.3443082, 49.8761576],
                    [8.343499, 49.8776347],
                    [8.3432812, 49.8781057]
                ]
            }
        },
        {
            "type": "Feature",
            "id": "way/192764616",
            "properties": {
                "admin_level": "4",
                "boundary": "administrative",
                "source": "Hessische Verwaltung für Bodenmanagement und Geoinformation - Digitale Verwaltungsgrenzen",
                "id": "way/192764616"
            },
            "geometry": {
                "type": "LineString",
                "coordinates": [
                    [10.0412698, 50.5111116],
                    [10.0413657, 50.5106412],
                    [10.0417131, 50.5102455],
                    [10.0420482, 50.5095828],
                    [10.0420853, 50.5085585],
                    [10.0419236, 50.5081692],
                    [10.0417745, 50.5078309],
                    [10.0412891, 50.5071576],
                    [10.0399424, 50.5059171],
                    [10.0397097, 50.5054714],
                    [10.0395453, 50.5048812],
                    [10.0393792, 50.5041124],
                    [10.0392035, 50.5035345],
                    [10.0390818, 50.5029449],
                    [10.0390795, 50.5026479],
                    [10.0390366, 50.5020886],
                    [10.038989, 50.5019522],
                    [10.0388632, 50.5016329]
                ]
            }
        },
        {
            "type": "Feature",
            "id": "way/192775644",
            "properties": {
                "admin_level": "4",
                "boundary": "administrative",
                "source": "Hessische Verwaltung für Bodenmanagement und Geoinformation - Digitale Verwaltungsgrenzen",
                "id": "way/192775644"
            },
            "geometry": {
                "type": "LineString",
                "coordinates": [
                    [10.0371063, 50.4999398],
                    [10.0370855, 50.4999186],
                    [10.0375236, 50.4996679],
                    [10.0377466, 50.499405],
                    [10.0380204, 50.4991391],
                    [10.0382935, 50.498943],
                    [10.0385894, 50.4989198],
                    [10.0389496, 50.4987361],
                    [10.0391292, 50.498536],
                    [10.0391705, 50.4983804],
                    [10.0392196, 50.498319],
                    [10.0393214, 50.4982711],
                    [10.0394294, 50.4980044],
                    [10.0395307, 50.4979241],
                    [10.0397451, 50.4978274],
                    [10.0397776, 50.4975784],
                    [10.0398127, 50.4971539],
                    [10.040119, 50.496578],
                    [10.0401225, 50.4962216],
                    [10.0401765, 50.4960518],
                    [10.0404362, 50.4958107],
                    [10.0406711, 50.4955658],
                    [10.040718, 50.495413],
                    [10.0407987, 50.4953349],
                    [10.0410117, 50.4953095],
                    [10.0411358, 50.4952425],
                    [10.0411976, 50.4951446],
                    [10.0409062, 50.4948034],
                    [10.0406598, 50.4946165],
                    [10.0402206, 50.4942944],
                    [10.0397536, 50.4938456],
                    [10.0393856, 50.4932979],
                    [10.0389157, 50.4933308],
                    [10.038204, 50.4933583],
                    [10.0380105, 50.493361],
                    [10.0376732, 50.4931932],
                    [10.0373333, 50.4930076],
                    [10.0371282, 50.4928074],
                    [10.0377412, 50.4923764],
                    [10.0382912, 50.4920038],
                    [10.037959, 50.4917302],
                    [10.0367358, 50.4916277],
                    [10.0358605, 50.4915267],
                    [10.0357002, 50.4913777],
                    [10.0361185, 50.4909331],
                    [10.0353325, 50.4906765],
                    [10.0354193, 50.4905457],
                    [10.0348591, 50.4903723],
                    [10.0343303, 50.4901755],
                    [10.0343973, 50.4900817],
                    [10.0342505, 50.4894747],
                    [10.0342971, 50.4893805],
                    [10.0344288, 50.4887648],
                    [10.0344968, 50.4885334],
                    [10.0346519, 50.4882887],
                    [10.0348711, 50.4880135],
                    [10.0352053, 50.48784],
                    [10.0355183, 50.4877457],
                    [10.0358674, 50.4876505],
                    [10.0363863, 50.4875288],
                    [10.0355849, 50.4872794],
                    [10.034799, 50.4870692],
                    [10.034004, 50.4868695],
                    [10.0332295, 50.4866856],
                    [10.0332281, 50.4866855],
                    [10.0324431, 50.4865377],
                    [10.0319994, 50.486488],
                    [10.0312527, 50.4864339],
                    [10.0319461, 50.4862213],
                    [10.0322232, 50.4858113],
                    [10.0327222, 50.4851983],
                    [10.0321763, 50.4850024],
                    [10.032224, 50.484597],
                    [10.0332729, 50.4848431],
                    [10.0334295, 50.4844214],
                    [10.0335964, 50.4844468],
                    [10.0333625, 50.4830199],
                    [10.0334605, 50.4828988],
                    [10.0336032, 50.4826752],
                    [10.0330922, 50.4825417],
                    [10.0332186, 50.4823491],
                    [10.032852, 50.4823147],
                    [10.0330836, 50.4818682],
                    [10.0335212, 50.4811675],
                    [10.0327937, 50.4809334],
                    [10.0321581, 50.4806858],
                    [10.0316921, 50.4804785],
                    [10.0309764, 50.4801917],
                    [10.030879, 50.4804532],
                    [10.0300354, 50.4801283]
                ]
            }
        },
        {
            "type": "Feature",
            "id": "way/192775738",
            "properties": {
                "admin_level": "4",
                "boundary": "administrative",
                "source": "Hessische Verwaltung für Bodenmanagement und Geoinformation - Digitale Verwaltungsgrenzen",
                "id": "way/192775738"
            },
            "geometry": {
                "type": "LineString",
                "coordinates": [
                    [10.0300354, 50.4801283],
                    [10.0299064, 50.4800786],
                    [10.0281933, 50.4794467],
                    [10.0257556, 50.47781],
                    [10.0230967, 50.4763673],
                    [10.0217831, 50.4751984],
                    [10.0210791, 50.4737394],
                    [10.0206342, 50.4713107],
                    [10.0204703, 50.4697099],
                    [10.0197343, 50.4684011],
                    [10.0188168, 50.467483],
                    [10.0184091, 50.4665057],
                    [10.0176258, 50.4666195],
                    [10.0170177, 50.4666968],
                    [10.0164734, 50.4667753],
                    [10.0158313, 50.4668614],
                    [10.013917, 50.4665707],
                    [10.0122808, 50.4658604],
                    [10.011749, 50.465644],
                    [10.0103834, 50.4653787],
                    [10.0081214, 50.4649546],
                    [10.0072796, 50.4647925],
                    [10.0060559, 50.4645778],
                    [10.0050295, 50.4642059],
                    [10.0042547, 50.4636692],
                    [10.003757, 50.4630984],
                    [10.003199, 50.4627978],
                    [10.0025803, 50.4625494],
                    [10.0015744, 50.4622784],
                    [10.0004414, 50.4620134],
                    [9.999321, 50.461728],
                    [9.9988117, 50.4615347],
                    [9.9982572, 50.4613834],
                    [9.9971591, 50.461194]
                ]
            }
        },
        {
            "type": "Feature",
            "id": "way/192775776",
            "properties": {
                "admin_level": "4",
                "boundary": "administrative",
                "source": "Hessische Verwaltung für Bodenmanagement und Geoinformation - Digitale Verwaltungsgrenzen",
                "id": "way/192775776"
            },
            "geometry": {
                "type": "LineString",
                "coordinates": [
                    [9.9971591, 50.461194],
                    [9.9970285, 50.4611714],
                    [9.9964862, 50.4605486],
                    [9.9966664, 50.4604943],
                    [9.9963787, 50.4593124],
                    [9.9963054, 50.4589825],
                    [9.9962066, 50.4586464],
                    [9.9960128, 50.4581813],
                    [9.995615, 50.4576455],
                    [9.9954606, 50.4574742],
                    [9.9951626, 50.4571911],
                    [9.9929194, 50.4553108],
                    [9.992891, 50.4552322],
                    [9.9930272, 50.454766],
                    [9.9930664, 50.4545597],
                    [9.9932315, 50.4541161],
                    [9.9933336, 50.4539771],
                    [9.9936711, 50.4536359],
                    [9.9937443, 50.4535488],
                    [9.9938535, 50.4534682],
                    [9.9939359, 50.453434],
                    [9.9936131, 50.4531518],
                    [9.9932725, 50.4529096],
                    [9.9927025, 50.452586]
                ]
            }
        },
        {
            "type": "Feature",
            "id": "way/192797730",
            "properties": {
                "admin_level": "4",
                "boundary": "administrative",
                "source": "Hessische Verwaltung für Bodenmanagement und Geoinformation - Digitale Verwaltungsgrenzen",
                "id": "way/192797730"
            },
            "geometry": {
                "type": "LineString",
                "coordinates": [
                    [9.9880005, 50.4454435],
                    [9.9877691, 50.4452771],
                    [9.987729, 50.4451962],
                    [9.9873485, 50.4449561],
                    [9.9872707, 50.4446958],
                    [9.9869779, 50.4444482],
                    [9.9868264, 50.4443317],
                    [9.9863651, 50.4439478],
                    [9.9860703, 50.4437962],
                    [9.9856006, 50.4436679],
                    [9.9852689, 50.4435387],
                    [9.9851822, 50.4434248],
                    [9.985014, 50.443505],
                    [9.9847684, 50.4434931],
                    [9.98438, 50.4435027],
                    [9.9834183, 50.443571],
                    [9.983519, 50.4431574],
                    [9.98349, 50.4429752],
                    [9.9834211, 50.4428177],
                    [9.9828422, 50.4428842],
                    [9.9827841, 50.4432243],
                    [9.982556, 50.4431953],
                    [9.9824327, 50.4429003],
                    [9.9822944, 50.4426032],
                    [9.9821137, 50.4422998],
                    [9.9815231, 50.4423409],
                    [9.9796802, 50.4423244],
                    [9.9795376, 50.4423421],
                    [9.979327, 50.4423189],
                    [9.9787464, 50.4423106],
                    [9.978631, 50.442295],
                    [9.9777608, 50.4417175],
                    [9.9768577, 50.4410987],
                    [9.9766121, 50.4409092],
                    [9.9759866, 50.4404911],
                    [9.9751495, 50.4399878],
                    [9.9746034, 50.4395284],
                    [9.9740665, 50.4391026],
                    [9.9735933, 50.4387823],
                    [9.9732696, 50.438453],
                    [9.9732614, 50.4380386],
                    [9.9731277, 50.4376418],
                    [9.9729518, 50.4372178],
                    [9.9727489, 50.4368355],
                    [9.9727487, 50.4365007],
                    [9.9725711, 50.43631],
                    [9.9724432, 50.4362411],
                    [9.9721318, 50.4360021],
                    [9.9718629, 50.4358436],
                    [9.9715648, 50.4357838],
                    [9.9714166, 50.435716],
                    [9.971073, 50.4355038],
                    [9.970968, 50.4354242],
                    [9.9706408, 50.4353508],
                    [9.9699132, 50.435155],
                    [9.9691877, 50.4349541],
                    [9.9686621, 50.4356604],
                    [9.9683171, 50.4358524],
                    [9.9685147, 50.4354379],
                    [9.9687113, 50.4351385],
                    [9.9679496, 50.4348771],
                    [9.9673776, 50.4346411],
                    [9.9669919, 50.4344182],
                    [9.9662117, 50.433846],
                    [9.9659375, 50.4336087],
                    [9.9656715, 50.4333513],
                    [9.9652618, 50.4329211],
                    [9.9648733, 50.4325392],
                    [9.964758, 50.4325703],
                    [9.9641236, 50.43189],
                    [9.9639604, 50.4317953],
                    [9.9634549, 50.4311647],
                    [9.9626092, 50.430182],
                    [9.9621349, 50.4295115],
                    [9.9618576, 50.4289968],
                    [9.9618229, 50.4288688],
                    [9.9618243, 50.4285336],
                    [9.9619405, 50.4281663],
                    [9.9620061, 50.428036],
                    [9.9623104, 50.4277792],
                    [9.9624241, 50.4275433],
                    [9.9624947, 50.4273232],
                    [9.9625087, 50.4266104]
                ]
            }
        },
        {
            "type": "Feature",
            "id": "way/193189982",
            "properties": {
                "admin_level": "4",
                "boundary": "administrative",
                "source": "Hessische Verwaltung für Bodenmanagement und Geoinformation - Digitale Verwaltungsgrenzen",
                "id": "way/193189982"
            },
            "geometry": {
                "type": "LineString",
                "coordinates": [
                    [9.6235576, 50.2290105],
                    [9.6232841, 50.2287278],
                    [9.62252, 50.2281521],
                    [9.6223558, 50.2278883],
                    [9.6219795, 50.2276786],
                    [9.6213684, 50.2276302],
                    [9.6214375, 50.2275213],
                    [9.6211319, 50.2268186],
                    [9.6204965, 50.2265854]
                ]
            }
        },
        {
            "type": "Feature",
            "id": "way/193189983",
            "properties": {
                "admin_level": "4",
                "boundary": "administrative",
                "source": "Hessische Verwaltung für Bodenmanagement und Geoinformation - Digitale Verwaltungsgrenzen",
                "id": "way/193189983"
            },
            "geometry": {
                "type": "LineString",
                "coordinates": [
                    [9.7033127, 50.2806953],
                    [9.7020938, 50.2801911],
                    [9.700571, 50.2799576],
                    [9.6991027, 50.2797273],
                    [9.6976228, 50.2794253],
                    [9.6960843, 50.2793693],
                    [9.6947254, 50.2788712],
                    [9.6935515, 50.2782082],
                    [9.6922472, 50.2778654]
                ]
            }
        },
        {
            "type": "Feature",
            "id": "way/193189985",
            "properties": {
                "admin_level": "4",
                "boundary": "administrative",
                "source": "Hessische Verwaltung für Bodenmanagement und Geoinformation - Digitale Verwaltungsgrenzen",
                "id": "way/193189985"
            },
            "geometry": {
                "type": "LineString",
                "coordinates": [
                    [9.7746245, 50.422072],
                    [9.7745346, 50.4220481],
                    [9.7743649, 50.4220237],
                    [9.7742979, 50.4220406],
                    [9.7738618, 50.4224211],
                    [9.7735023, 50.4228003],
                    [9.7735089, 50.4228442],
                    [9.7737818, 50.4230437],
                    [9.7732813, 50.4233389],
                    [9.7731626, 50.42353],
                    [9.7732057, 50.4238283],
                    [9.7732863, 50.4240379],
                    [9.7731844, 50.4241863],
                    [9.7729319, 50.4243089],
                    [9.7726209, 50.4243469],
                    [9.7723703, 50.4245772],
                    [9.772163, 50.4246488],
                    [9.7720046, 50.4247975],
                    [9.7717765, 50.4249215],
                    [9.7714362, 50.4250186],
                    [9.769879, 50.4256507],
                    [9.7676922, 50.425801],
                    [9.766644, 50.4256797],
                    [9.765052, 50.4250751],
                    [9.7630126, 50.4250055],
                    [9.7618366, 50.4253505],
                    [9.7613806, 50.4252724],
                    [9.7608973, 50.4251091],
                    [9.7607262, 50.4250168],
                    [9.7602506, 50.4249613],
                    [9.7602281, 50.4248692],
                    [9.7603016, 50.4245738],
                    [9.7598302, 50.4244347],
                    [9.7592842, 50.4240738],
                    [9.7588051, 50.4233438],
                    [9.7584977, 50.4228008],
                    [9.7586821, 50.4223934],
                    [9.7579743, 50.4209821],
                    [9.7575923, 50.4202771],
                    [9.7574495, 50.420048],
                    [9.757277, 50.4196448],
                    [9.7572818, 50.419575],
                    [9.7571947, 50.4195091],
                    [9.7571742, 50.4192672],
                    [9.7570406, 50.4190626],
                    [9.7570209, 50.419015],
                    [9.7570195, 50.4189435],
                    [9.7569501, 50.4188613],
                    [9.7568402, 50.4187739],
                    [9.7568002, 50.4187843],
                    [9.7567289, 50.4185336],
                    [9.7566529, 50.4184625],
                    [9.7566146, 50.4183445],
                    [9.7565617, 50.4182879],
                    [9.7564491, 50.4181166],
                    [9.7563451, 50.4180278],
                    [9.7562591, 50.4179916],
                    [9.7561279, 50.4178712],
                    [9.7560804, 50.4177909],
                    [9.7559766, 50.4176987],
                    [9.7558674, 50.4176581],
                    [9.7557318, 50.4175299],
                    [9.7556466, 50.4173466],
                    [9.7554245, 50.4172581],
                    [9.7553036, 50.4172836],
                    [9.7551689, 50.4172434],
                    [9.754865, 50.4172394],
                    [9.7547337, 50.4172509],
                    [9.7545798, 50.4173081],
                    [9.7542507, 50.4175541],
                    [9.7541825, 50.4174881]
                ]
            }
        },
        {
            "type": "Feature",
            "id": "way/193189986",
            "properties": {
                "admin_level": "4",
                "boundary": "administrative",
                "source": "Hessische Verwaltung für Bodenmanagement und Geoinformation - Digitale Verwaltungsgrenzen",
                "id": "way/193189986"
            },
            "geometry": {
                "type": "LineString",
                "coordinates": [
                    [9.6670649, 50.2384566],
                    [9.6669717, 50.2383299],
                    [9.6668251, 50.2378666],
                    [9.6668021, 50.2376092],
                    [9.6662888, 50.2370431],
                    [9.6654264, 50.2365636],
                    [9.6652355, 50.2358729],
                    [9.6647193, 50.2351649],
                    [9.6642789, 50.2346034],
                    [9.6635617, 50.2340649],
                    [9.6624359, 50.2339728],
                    [9.6609423, 50.233639],
                    [9.659374, 50.2331894],
                    [9.658087, 50.2330598],
                    [9.6562191, 50.2326629]
                ]
            }
        },
        {
            "type": "Feature",
            "id": "way/193189988",
            "properties": {
                "admin_level": "4",
                "boundary": "administrative",
                "source": "Hessische Verwaltung für Bodenmanagement und Geoinformation - Digitale Verwaltungsgrenzen",
                "id": "way/193189988"
            },
            "geometry": {
                "type": "LineString",
                "coordinates": [
                    [9.6678728, 50.2395542],
                    [9.6670649, 50.2384566]
                ]
            }
        },
        {
            "type": "Feature",
            "id": "way/193189990",
            "properties": {
                "admin_level": "4",
                "boundary": "administrative",
                "source": "Hessische Verwaltung für Bodenmanagement und Geoinformation - Digitale Verwaltungsgrenzen",
                "id": "way/193189990"
            },
            "geometry": {
                "type": "LineString",
                "coordinates": [
                    [9.6922472, 50.2778654],
                    [9.6921385, 50.2778368],
                    [9.6905971, 50.2776263],
                    [9.6890295, 50.2776194],
                    [9.6874774, 50.2775922],
                    [9.6859371, 50.2778263],
                    [9.6844586, 50.2781638],
                    [9.6830423, 50.2785684],
                    [9.6815278, 50.2782858],
                    [9.6804328, 50.2775958],
                    [9.6791177, 50.2770551],
                    [9.6778053, 50.2765064],
                    [9.6765542, 50.2758995],
                    [9.6737797, 50.2749221],
                    [9.6730891, 50.2744804]
                ]
            }
        },
        {
            "type": "Feature",
            "id": "way/193189991",
            "properties": {
                "admin_level": "4",
                "boundary": "administrative",
                "source": "Hessische Verwaltung für Bodenmanagement und Geoinformation - Digitale Verwaltungsgrenzen",
                "id": "way/193189991"
            },
            "geometry": {
                "type": "LineString",
                "coordinates": [
                    [9.7330014, 50.3561446],
                    [9.7330064, 50.356116],
                    [9.7330935, 50.3556143],
                    [9.7332611, 50.354903],
                    [9.7333876, 50.3544254],
                    [9.7332304, 50.353793],
                    [9.7333174, 50.3531663],
                    [9.7336936, 50.3525511],
                    [9.7337757, 50.3522681],
                    [9.7333877, 50.3519824],
                    [9.7330834, 50.3517715],
                    [9.7336287, 50.3512564],
                    [9.7342325, 50.3507029],
                    [9.7349204, 50.3504752],
                    [9.7361287, 50.3503025],
                    [9.7367818, 50.3505768],
                    [9.7376331, 50.3501796],
                    [9.7383396, 50.349905],
                    [9.7394196, 50.3499624],
                    [9.7404947, 50.3492168],
                    [9.7411941, 50.348284],
                    [9.7420717, 50.3477947],
                    [9.7426322, 50.3471552],
                    [9.7431073, 50.3468396],
                    [9.7435411, 50.3463361]
                ]
            }
        },
        {
            "type": "Feature",
            "id": "way/193189992",
            "properties": {
                "admin_level": "4",
                "boundary": "administrative",
                "source": "Hessische Verwaltung für Bodenmanagement und Geoinformation - Digitale Verwaltungsgrenzen",
                "id": "way/193189992"
            },
            "geometry": {
                "type": "LineString",
                "coordinates": [
                    [9.7435411, 50.3463361],
                    [9.7437927, 50.3457765],
                    [9.7438178, 50.3452465],
                    [9.7439027, 50.3446436],
                    [9.7445231, 50.3438572],
                    [9.7452497, 50.3429673],
                    [9.7460353, 50.3422273],
                    [9.7469345, 50.3417338],
                    [9.747413, 50.3408361],
                    [9.7474531, 50.3401829],
                    [9.7472433, 50.3395077],
                    [9.7466793, 50.339004],
                    [9.7464751, 50.3383969],
                    [9.7460467, 50.3373933],
                    [9.7460893, 50.3364583],
                    [9.7457567, 50.3356198],
                    [9.7458623, 50.3347985],
                    [9.7457194, 50.3340463],
                    [9.7453958, 50.3330699],
                    [9.7449519, 50.3322612],
                    [9.7442413, 50.3311011],
                    [9.7442974, 50.3298214],
                    [9.7442245, 50.3283975],
                    [9.7444948, 50.3279493],
                    [9.744808, 50.3274653]
                ]
            }
        },
        {
            "type": "Feature",
            "id": "way/193189993",
            "properties": {
                "admin_level": "4",
                "boundary": "administrative",
                "source": "Hessische Verwaltung für Bodenmanagement und Geoinformation - Digitale Verwaltungsgrenzen",
                "id": "way/193189993"
            },
            "geometry": {
                "type": "LineString",
                "coordinates": [
                    [9.8713331, 50.4094428],
                    [9.8705356, 50.4095244],
                    [9.8702553, 50.4093221],
                    [9.8693195, 50.4087017],
                    [9.8698505, 50.4082223],
                    [9.8691616, 50.4075147],
                    [9.8668001, 50.406349],
                    [9.8669042, 50.4058237],
                    [9.8650245, 50.4044403],
                    [9.8646915, 50.404276],
                    [9.8648658, 50.4034166],
                    [9.8646412, 50.4026625],
                    [9.864433, 50.4018057],
                    [9.8642687, 50.4010481],
                    [9.8634906, 50.4004481],
                    [9.8628369, 50.3996966],
                    [9.8622113, 50.3992923],
                    [9.8617188, 50.3986769],
                    [9.8609511, 50.3980986],
                    [9.8604677, 50.3978329],
                    [9.8600299, 50.397544],
                    [9.859057, 50.3977554],
                    [9.8581605, 50.3979622],
                    [9.8573625, 50.3981304],
                    [9.8564541, 50.3983439],
                    [9.8547037, 50.3987379],
                    [9.8538322, 50.3989292],
                    [9.8509648, 50.3995755],
                    [9.8507063, 50.399166],
                    [9.8504321, 50.3992837],
                    [9.8499454, 50.3995824],
                    [9.8497579, 50.3996479],
                    [9.8494421, 50.399777],
                    [9.8493708, 50.3997895],
                    [9.8492817, 50.3997998],
                    [9.8491886, 50.3997966],
                    [9.8490931, 50.3997784],
                    [9.8489452, 50.3997427],
                    [9.8488217, 50.399685],
                    [9.8486839, 50.3996308],
                    [9.8483857, 50.3995434],
                    [9.8482162, 50.3995046],
                    [9.8481871, 50.3994649],
                    [9.8480307, 50.3993607],
                    [9.8474336, 50.3994308],
                    [9.8471934, 50.3993335],
                    [9.8473239, 50.3997378],
                    [9.8475275, 50.3999352],
                    [9.8476432, 50.3999933],
                    [9.8477199, 50.4001212],
                    [9.8477829, 50.400292],
                    [9.8477195, 50.400429],
                    [9.8476277, 50.4004777],
                    [9.847248, 50.4005944],
                    [9.8471137, 50.4006651],
                    [9.8470141, 50.4007359],
                    [9.8465109, 50.4010058],
                    [9.8462824, 50.4010805],
                    [9.8459447, 50.4011015],
                    [9.8453902, 50.4014757],
                    [9.8451129, 50.401739],
                    [9.8448494, 50.4020213],
                    [9.8445381, 50.4024414],
                    [9.8441769, 50.4024758],
                    [9.8439659, 50.4026216],
                    [9.8437677, 50.4027408],
                    [9.8436441, 50.4028403],
                    [9.8434703, 50.4030391],
                    [9.8426571, 50.4034173],
                    [9.8420742, 50.403726],
                    [9.8420363, 50.4037064],
                    [9.8412469, 50.4040752],
                    [9.8409091, 50.4042544],
                    [9.8406698, 50.4041181],
                    [9.840311, 50.4043487],
                    [9.8401709, 50.4044184],
                    [9.8394571, 50.4048848],
                    [9.838321, 50.4054388],
                    [9.8381862, 50.4054831],
                    [9.837882, 50.4056233],
                    [9.8381407, 50.405017],
                    [9.8380773, 50.4050152],
                    [9.8374423, 50.4050892],
                    [9.8370271, 50.4051033],
                    [9.8364711, 50.4053605],
                    [9.8348681, 50.4055017],
                    [9.834693, 50.4055782],
                    [9.8346948, 50.4057471],
                    [9.833775, 50.406046],
                    [9.8331013, 50.4060665],
                    [9.8326883, 50.406036],
                    [9.8322136, 50.4059128],
                    [9.8313874, 50.4061267],
                    [9.8308566, 50.4062494],
                    [9.8304857, 50.4063877],
                    [9.8298105, 50.4064295],
                    [9.8288574, 50.4064532],
                    [9.828397, 50.4064478],
                    [9.8275408, 50.4064589],
                    [9.827144, 50.4064773],
                    [9.8266959, 50.4065308],
                    [9.8264778, 50.4066704],
                    [9.8260152, 50.4064139],
                    [9.8259227, 50.406392],
                    [9.8253428, 50.406511],
                    [9.8251434, 50.4064537],
                    [9.8249009, 50.4062591],
                    [9.824683, 50.4059508],
                    [9.824611, 50.405601],
                    [9.8244923, 50.4053321],
                    [9.8240039, 50.4053673],
                    [9.8234567, 50.4055677],
                    [9.8225606, 50.4060322],
                    [9.8221658, 50.4063564],
                    [9.8222997, 50.4066383],
                    [9.8217785, 50.4066448],
                    [9.8215199, 50.4071456],
                    [9.8213422, 50.4075975],
                    [9.8213404, 50.4080375],
                    [9.8208779, 50.4078635],
                    [9.819952, 50.407846],
                    [9.8196653, 50.4078289],
                    [9.8193768, 50.4079885],
                    [9.819248, 50.4084897],
                    [9.8191666, 50.4090889],
                    [9.8185196, 50.4093128],
                    [9.8180068, 50.4096414],
                    [9.817574, 50.4099974],
                    [9.8167112, 50.4105778],
                    [9.8163941, 50.4108435],
                    [9.8162842, 50.4107647],
                    [9.8148842, 50.4110542],
                    [9.8142264, 50.4117949],
                    [9.8137876, 50.4124352],
                    [9.8135743, 50.4124803],
                    [9.811118, 50.4121088],
                    [9.8110967, 50.4122891],
                    [9.8106516, 50.4122343],
                    [9.8104083, 50.4123606],
                    [9.8096721, 50.4123303],
                    [9.8090331, 50.4123135],
                    [9.8079238, 50.4122991],
                    [9.8081011, 50.4128391],
                    [9.8082411, 50.4130322],
                    [9.8082912, 50.4132124],
                    [9.8083026, 50.4133424],
                    [9.8085569, 50.4133507],
                    [9.8084624, 50.4136416],
                    [9.8084449, 50.413844],
                    [9.8085717, 50.4142074],
                    [9.8086289, 50.4145713],
                    [9.8088005, 50.4149195],
                    [9.8095807, 50.4154425],
                    [9.8105548, 50.4159716],
                    [9.8111217, 50.4166543]
                ]
            }
        },
        {
            "type": "Feature",
            "id": "way/193189999",
            "properties": {
                "admin_level": "4",
                "boundary": "administrative",
                "source": "Hessische Verwaltung für Bodenmanagement und Geoinformation - Digitale Verwaltungsgrenzen",
                "id": "way/193189999"
            },
            "geometry": {
                "type": "LineString",
                "coordinates": [
                    [9.6562191, 50.2326629],
                    [9.6546453, 50.2323637],
                    [9.6539838, 50.2324821],
                    [9.6528672, 50.2327697],
                    [9.6522008, 50.2330205],
                    [9.6509885, 50.2336886],
                    [9.6506551, 50.2338082],
                    [9.6498392, 50.2342455],
                    [9.6483847, 50.2347803],
                    [9.6471857, 50.2351227],
                    [9.6462247, 50.2351678],
                    [9.6447283, 50.2349583],
                    [9.6433432, 50.2350141],
                    [9.6423116, 50.2349729],
                    [9.6408904, 50.2348567],
                    [9.6391722, 50.2349756],
                    [9.6368077, 50.2351907],
                    [9.636014, 50.2351441],
                    [9.6355881, 50.2349489],
                    [9.6350707, 50.2348574],
                    [9.6340942, 50.2344435],
                    [9.6336079, 50.2339511],
                    [9.6330078, 50.2336574],
                    [9.6328863, 50.2335979],
                    [9.6323138, 50.2331702],
                    [9.6319979, 50.2328201],
                    [9.631272, 50.2323189],
                    [9.630037, 50.2317335],
                    [9.6281934, 50.2311394],
                    [9.6265546, 50.2305111],
                    [9.6255166, 50.230312],
                    [9.6250896, 50.2302681],
                    [9.6241699, 50.2297779],
                    [9.6237286, 50.2293809],
                    [9.6235576, 50.2290105]
                ]
            }
        },
        {
            "type": "Feature",
            "id": "way/193190000",
            "properties": {
                "admin_level": "4",
                "boundary": "administrative",
                "source": "Hessische Verwaltung für Bodenmanagement und Geoinformation - Digitale Verwaltungsgrenzen",
                "id": "way/193190000"
            },
            "geometry": {
                "type": "LineString",
                "coordinates": [
                    [9.6730891, 50.2744804],
                    [9.6726742, 50.274215],
                    [9.6714225, 50.2736415],
                    [9.6701183, 50.2734101],
                    [9.6699322, 50.273377],
                    [9.6693579, 50.2731395],
                    [9.6685489, 50.272805],
                    [9.6671579, 50.2723511],
                    [9.6658915, 50.271787],
                    [9.6654051, 50.2716327],
                    [9.6644833, 50.2713403],
                    [9.6632457, 50.2710262],
                    [9.6630198, 50.2709689],
                    [9.6620112, 50.2710109],
                    [9.6605137, 50.2711663],
                    [9.659008, 50.2713988],
                    [9.6575044, 50.2715384],
                    [9.6560009, 50.2715587]
                ]
            }
        },
        {
            "type": "Feature",
            "id": "way/193190001",
            "properties": {
                "admin_level": "4",
                "boundary": "administrative",
                "source": "Hessische Verwaltung für Bodenmanagement und Geoinformation - Digitale Verwaltungsgrenzen",
                "id": "way/193190001"
            },
            "geometry": {
                "type": "LineString",
                "coordinates": [
                    [9.6158424, 50.224099],
                    [9.614871, 50.2241242],
                    [9.6142387, 50.2241332],
                    [9.6131309, 50.2240665],
                    [9.6122762, 50.2239598],
                    [9.6116708, 50.2238479],
                    [9.6108114, 50.2237359],
                    [9.6099255, 50.2235602],
                    [9.6091468, 50.2234101],
                    [9.6083847, 50.2232191],
                    [9.6076166, 50.2230636],
                    [9.6073258, 50.2230273],
                    [9.6069869, 50.2229473],
                    [9.6065727, 50.2227875],
                    [9.6057509, 50.2223991],
                    [9.6045476, 50.2218084],
                    [9.6041794, 50.2218037],
                    [9.6031121, 50.2221389],
                    [9.6021935, 50.2223058],
                    [9.6016176, 50.2222897],
                    [9.6005698, 50.2224903],
                    [9.599772, 50.2225407],
                    [9.5989218, 50.2226447],
                    [9.5981942, 50.2228039],
                    [9.5971143, 50.2230056],
                    [9.597109, 50.2227585],
                    [9.5968859, 50.2227759],
                    [9.5968307, 50.2226695],
                    [9.5958547, 50.2226075]
                ]
            }
        },
        {
            "type": "Feature",
            "id": "way/193190004",
            "properties": {
                "admin_level": "4",
                "boundary": "administrative",
                "source": "Hessische Verwaltung für Bodenmanagement und Geoinformation - Digitale Verwaltungsgrenzen",
                "id": "way/193190004"
            },
            "geometry": {
                "type": "LineString",
                "coordinates": [
                    [9.7275236, 50.294969],
                    [9.7267141, 50.294793],
                    [9.7261453, 50.2947409],
                    [9.7256119, 50.2947024],
                    [9.7251191, 50.2945084],
                    [9.7236789, 50.2944801],
                    [9.7231158, 50.2945795],
                    [9.722621, 50.2947678],
                    [9.7221467, 50.2947119],
                    [9.7219476, 50.2946931],
                    [9.7216671, 50.294728],
                    [9.7215249, 50.2947394],
                    [9.7212162, 50.2947323],
                    [9.7210577, 50.2947535],
                    [9.7209949, 50.2947554],
                    [9.7209708, 50.2946428],
                    [9.719742, 50.2949085],
                    [9.7193412, 50.2947923],
                    [9.7191655, 50.2943081],
                    [9.7190792, 50.2937368],
                    [9.7190544, 50.2934814],
                    [9.7191239, 50.2933245],
                    [9.7194609, 50.2928062],
                    [9.7195978, 50.2925781],
                    [9.7197372, 50.2922862],
                    [9.7198336, 50.2920518],
                    [9.7198703, 50.2919865],
                    [9.7197745, 50.2916495],
                    [9.7194286, 50.2915615],
                    [9.7191427, 50.2915509],
                    [9.7191695, 50.2917911],
                    [9.7190011, 50.2921713],
                    [9.7188993, 50.2922801],
                    [9.7187093, 50.2925882],
                    [9.7186151, 50.2927319],
                    [9.7182389, 50.2924991],
                    [9.7172062, 50.292462],
                    [9.7161401, 50.2923902],
                    [9.7155823, 50.2923107],
                    [9.7146232, 50.2921506]
                ]
            }
        },
        {
            "type": "Feature",
            "id": "way/193190005",
            "properties": {
                "admin_level": "4",
                "boundary": "administrative",
                "source": "Hessische Verwaltung für Bodenmanagement und Geoinformation - Digitale Verwaltungsgrenzen",
                "id": "way/193190005"
            },
            "geometry": {
                "type": "LineString",
                "coordinates": [
                    [9.6425762, 50.255642],
                    [9.6431504, 50.2550678],
                    [9.6417643, 50.2544615],
                    [9.6376774, 50.2526515],
                    [9.6374577, 50.2520356],
                    [9.6371939, 50.2513769],
                    [9.6375032, 50.2506784],
                    [9.6378269, 50.2502553],
                    [9.6384834, 50.2496862],
                    [9.6388032, 50.2491415],
                    [9.6391081, 50.2486406],
                    [9.6394803, 50.2480113],
                    [9.6402588, 50.247729],
                    [9.6413728, 50.2476632],
                    [9.6424512, 50.2475592],
                    [9.6433237, 50.2474219],
                    [9.6443553, 50.2473191],
                    [9.6454656, 50.2471431],
                    [9.6468911, 50.246832],
                    [9.6477599, 50.2464974],
                    [9.6493643, 50.2463255],
                    [9.650275, 50.2458084],
                    [9.6509003, 50.2455193],
                    [9.6517286, 50.245037],
                    [9.6530742, 50.244441],
                    [9.6541207, 50.2440798],
                    [9.6551581, 50.2437522],
                    [9.6564725, 50.243412],
                    [9.6575422, 50.2431687],
                    [9.6588592, 50.2428435],
                    [9.6603624, 50.2423377],
                    [9.6616557, 50.2419349],
                    [9.6627137, 50.2416491],
                    [9.6636537, 50.2414081],
                    [9.6644108, 50.2411176],
                    [9.6651448, 50.2408023],
                    [9.6659402, 50.2404805],
                    [9.6669096, 50.240072],
                    [9.6678728, 50.2395542]
                ]
            }
        },
        {
            "type": "Feature",
            "id": "way/193190006",
            "properties": {
                "admin_level": "4",
                "boundary": "administrative",
                "source": "Hessische Verwaltung für Bodenmanagement und Geoinformation - Digitale Verwaltungsgrenzen",
                "id": "way/193190006"
            },
            "geometry": {
                "type": "LineString",
                "coordinates": [
                    [9.7479103, 50.3254468],
                    [9.747894, 50.3254274],
                    [9.7481094, 50.3253663],
                    [9.7483215, 50.3252079],
                    [9.7484652, 50.32517],
                    [9.7488228, 50.3250475],
                    [9.7487462, 50.3249555],
                    [9.7485784, 50.3247334],
                    [9.7485493, 50.324617],
                    [9.7483811, 50.3243698],
                    [9.7481275, 50.323954],
                    [9.7474022, 50.3229314],
                    [9.7466701, 50.3218596],
                    [9.7457762, 50.3221036],
                    [9.7451756, 50.3215944],
                    [9.7441749, 50.3209557],
                    [9.7442144, 50.3208178],
                    [9.7438457, 50.3198956],
                    [9.7440239, 50.3191506],
                    [9.7441473, 50.3184616],
                    [9.7449295, 50.3173732],
                    [9.7457383, 50.3172843],
                    [9.746594, 50.316755],
                    [9.7466158, 50.3159211],
                    [9.7466994, 50.3149399],
                    [9.7469172, 50.3143876],
                    [9.7476317, 50.3142364],
                    [9.7474105, 50.3133535],
                    [9.7468307, 50.3126569],
                    [9.7461478, 50.3117074],
                    [9.7459151, 50.3111135],
                    [9.7458783, 50.3103987],
                    [9.7449679, 50.310225],
                    [9.7438652, 50.3098734],
                    [9.7435126, 50.3097521],
                    [9.7436338, 50.3091808],
                    [9.7438025, 50.308325],
                    [9.7434331, 50.3076701],
                    [9.7433171, 50.3075119],
                    [9.7431436, 50.3073254],
                    [9.7426585, 50.3069243],
                    [9.741888, 50.3063922],
                    [9.7412779, 50.3059385],
                    [9.7417289, 50.3057142],
                    [9.7410416, 50.3054367],
                    [9.7408327, 50.3055802],
                    [9.7407376, 50.3054972],
                    [9.7406734, 50.3054157],
                    [9.7406415, 50.3053535],
                    [9.7405944, 50.3053011],
                    [9.7404704, 50.3052991],
                    [9.7402034, 50.3052622],
                    [9.7400576, 50.3052595],
                    [9.7399161, 50.3052655],
                    [9.7396395, 50.3053027],
                    [9.7395045, 50.3053316],
                    [9.7393524, 50.3053847],
                    [9.7393285, 50.305386],
                    [9.7392164, 50.3052996],
                    [9.7384228, 50.3045429],
                    [9.7388744, 50.3038609],
                    [9.7390738, 50.3032246],
                    [9.7393309, 50.3024531],
                    [9.7384064, 50.3021555],
                    [9.7377089, 50.3019808],
                    [9.7369959, 50.30178],
                    [9.7367676, 50.3014521],
                    [9.7354956, 50.300713],
                    [9.7350625, 50.2998798],
                    [9.7348569, 50.299458],
                    [9.7344206, 50.2991476],
                    [9.733363, 50.2988426],
                    [9.7323677, 50.2986108],
                    [9.7314136, 50.2981743],
                    [9.7307262, 50.2977998],
                    [9.7301141, 50.2973711],
                    [9.7301904, 50.2971699],
                    [9.7299391, 50.2965932],
                    [9.7298475, 50.2963239],
                    [9.7295962, 50.295907],
                    [9.7287103, 50.2953743],
                    [9.7278799, 50.295105],
                    [9.7275034, 50.2950126],
                    [9.7275236, 50.294969]
                ]
            }
        },
        {
            "type": "Feature",
            "id": "way/193190008",
            "properties": {
                "admin_level": "4",
                "boundary": "administrative",
                "source": "Hessische Verwaltung für Bodenmanagement und Geoinformation - Digitale Verwaltungsgrenzen",
                "id": "way/193190008"
            },
            "geometry": {
                "type": "LineString",
                "coordinates": [
                    [9.8110589, 50.418633],
                    [9.8106072, 50.4192486],
                    [9.8102047, 50.4198792],
                    [9.809926, 50.4202444],
                    [9.809674, 50.4206144],
                    [9.8091553, 50.4213575],
                    [9.8082356, 50.4220809],
                    [9.8074064, 50.4225252],
                    [9.8068509, 50.4221316]
                ]
            }
        },
        {
            "type": "Feature",
            "id": "way/193190009",
            "properties": {
                "admin_level": "4",
                "boundary": "administrative",
                "source": "Hessische Verwaltung für Bodenmanagement und Geoinformation - Digitale Verwaltungsgrenzen",
                "id": "way/193190009"
            },
            "geometry": {
                "type": "LineString",
                "coordinates": [
                    [9.64815, 50.2633457],
                    [9.6481436, 50.2633204],
                    [9.6480732, 50.2630429],
                    [9.6482269, 50.262674],
                    [9.6483685, 50.2624201],
                    [9.6486067, 50.262263],
                    [9.6486263, 50.2621722],
                    [9.6483905, 50.2618086],
                    [9.6479414, 50.2616129],
                    [9.647769, 50.2616438],
                    [9.6476901, 50.2618322],
                    [9.647265, 50.2618529],
                    [9.6470087, 50.2615711],
                    [9.646819, 50.2615117],
                    [9.6470346, 50.2612306],
                    [9.6467083, 50.2610412],
                    [9.6463569, 50.2609291],
                    [9.6466041, 50.260514],
                    [9.6465598, 50.2602964],
                    [9.6459809, 50.260124],
                    [9.6459208, 50.260014],
                    [9.6463455, 50.2595313],
                    [9.64616, 50.2591665],
                    [9.6454731, 50.2589029],
                    [9.6455624, 50.2586699],
                    [9.6458291, 50.2586677],
                    [9.6459459, 50.2585261],
                    [9.6458627, 50.2583372],
                    [9.6455699, 50.2582455],
                    [9.6449112, 50.2578933],
                    [9.6446015, 50.257812],
                    [9.6435851, 50.25782],
                    [9.6427985, 50.2579004],
                    [9.642456, 50.2575242],
                    [9.6423734, 50.2570616],
                    [9.641649, 50.256561],
                    [9.6417811, 50.2564176],
                    [9.6424613, 50.2557439],
                    [9.6425762, 50.255642]
                ]
            }
        },
        {
            "type": "Feature",
            "id": "way/193228822",
            "properties": {
                "admin_level": "4",
                "boundary": "administrative",
                "source": "Hessische Verwaltung für Bodenmanagement und Geoinformation - Digitale Verwaltungsgrenzen",
                "id": "way/193228822"
            },
            "geometry": {
                "type": "LineString",
                "coordinates": [
                    [9.5013447, 50.2431423],
                    [9.5010524, 50.2428766],
                    [9.5009554, 50.2427885],
                    [9.500644, 50.2424734],
                    [9.5006063, 50.2424353],
                    [9.4997652, 50.2416166],
                    [9.4985337, 50.2403606],
                    [9.4986853, 50.2396157],
                    [9.5001578, 50.2389508],
                    [9.5011708, 50.238502],
                    [9.499232, 50.2355301],
                    [9.498276, 50.2341851],
                    [9.4977437, 50.233476],
                    [9.4973258, 50.2309641],
                    [9.496285, 50.2292693],
                    [9.4950967, 50.22747],
                    [9.4946811, 50.22673],
                    [9.4958508, 50.2253454],
                    [9.4973553, 50.2242762],
                    [9.498903, 50.2235192],
                    [9.4999289, 50.2231142],
                    [9.5011997, 50.2224639]
                ]
            }
        },
        {
            "type": "Feature",
            "id": "way/193228824",
            "properties": {
                "admin_level": "4",
                "boundary": "administrative",
                "source": "Hessische Verwaltung für Bodenmanagement und Geoinformation - Digitale Verwaltungsgrenzen",
                "id": "way/193228824"
            },
            "geometry": {
                "type": "LineString",
                "coordinates": [
                    [9.5741991, 50.2318363],
                    [9.5738086, 50.2319144],
                    [9.5722064, 50.2317028]
                ]
            }
        },
        {
            "type": "Feature",
            "id": "way/193228825",
            "properties": {
                "admin_level": "4",
                "boundary": "administrative",
                "source": "Hessische Verwaltung für Bodenmanagement und Geoinformation - Digitale Verwaltungsgrenzen",
                "id": "way/193228825"
            },
            "geometry": {
                "type": "LineString",
                "coordinates": [
                    [9.5958547, 50.2226075],
                    [9.5956365, 50.2230341],
                    [9.5956132, 50.2235627],
                    [9.5952197, 50.2241489],
                    [9.5944431, 50.2246027],
                    [9.5940576, 50.2249641],
                    [9.5934994, 50.2245456],
                    [9.5924474, 50.2238061],
                    [9.591842, 50.2235628],
                    [9.5909328, 50.2234045],
                    [9.5893237, 50.223298],
                    [9.5876492, 50.2232298],
                    [9.5862007, 50.2233113],
                    [9.5841243, 50.222305],
                    [9.5828903, 50.221331],
                    [9.5818526, 50.2218717],
                    [9.5811616, 50.2228742],
                    [9.5800535, 50.2237297],
                    [9.5798205, 50.2248125],
                    [9.5800438, 50.2261117],
                    [9.5798481, 50.2271126],
                    [9.5795944, 50.2279108],
                    [9.5788933, 50.2287242],
                    [9.5778014, 50.2297387],
                    [9.5771459, 50.2306288],
                    [9.5765765, 50.2319197],
                    [9.5764117, 50.232134],
                    [9.5758694, 50.2326175],
                    [9.5749569, 50.232814]
                ]
            }
        },
        {
            "type": "Feature",
            "id": "way/193228828",
            "properties": {
                "admin_level": "4",
                "boundary": "administrative",
                "source": "Hessische Verwaltung für Bodenmanagement und Geoinformation - Digitale Verwaltungsgrenzen",
                "id": "way/193228828"
            },
            "geometry": {
                "type": "LineString",
                "coordinates": [
                    [9.5281124, 50.1680402],
                    [9.5283626, 50.1674279],
                    [9.5286023, 50.1668815],
                    [9.5293815, 50.1650328],
                    [9.5295847, 50.1645762],
                    [9.529873, 50.1638578],
                    [9.5306568, 50.1620122],
                    [9.5307552, 50.1617644],
                    [9.5311601, 50.16086]
                ]
            }
        },
        {
            "type": "Feature",
            "id": "way/193228830",
            "properties": {
                "admin_level": "4",
                "boundary": "administrative",
                "source": "Hessische Verwaltung für Bodenmanagement und Geoinformation - Digitale Verwaltungsgrenzen",
                "id": "way/193228830"
            },
            "geometry": {
                "type": "LineString",
                "coordinates": [
                    [9.5718423, 50.2317558],
                    [9.5710605, 50.2318695],
                    [9.5698959, 50.2320374],
                    [9.5683657, 50.2317449],
                    [9.5668755, 50.2314491],
                    [9.5654989, 50.2309758],
                    [9.5628364, 50.2300287],
                    [9.5616084, 50.2297395],
                    [9.5591413, 50.2291684],
                    [9.5560484, 50.2285479],
                    [9.5546367, 50.2284743],
                    [9.5531675, 50.2283891],
                    [9.5517824, 50.2282798],
                    [9.55035, 50.2281593],
                    [9.5494644, 50.2275431],
                    [9.548589, 50.2268503],
                    [9.5477063, 50.2261934],
                    [9.5466318, 50.2254083],
                    [9.545354, 50.2248041],
                    [9.5422298, 50.2243163],
                    [9.5411835, 50.2248837],
                    [9.5390848, 50.2260039],
                    [9.5384701, 50.2262779],
                    [9.5378731, 50.2265495],
                    [9.5370411, 50.2276071],
                    [9.5379639, 50.2300552],
                    [9.5377595, 50.2307955],
                    [9.5373349, 50.2322844],
                    [9.5367691, 50.2326399],
                    [9.5362121, 50.23299],
                    [9.5350801, 50.2337013],
                    [9.5332665, 50.2346746],
                    [9.5289449, 50.234372],
                    [9.5281736, 50.234318],
                    [9.5274014, 50.2342607],
                    [9.5266609, 50.2342058],
                    [9.5259161, 50.2341506],
                    [9.5251566, 50.2340943],
                    [9.523138, 50.2338071],
                    [9.5223671, 50.2337036],
                    [9.5210254, 50.2335784],
                    [9.5198225, 50.2335587],
                    [9.5188719, 50.2335802],
                    [9.5178705, 50.2337097],
                    [9.51683, 50.2338173],
                    [9.5159372, 50.233941],
                    [9.515249, 50.2340665],
                    [9.5144824, 50.2342064],
                    [9.5112715, 50.2356709],
                    [9.5097236, 50.2363813],
                    [9.5081072, 50.2384312],
                    [9.5076627, 50.2389865],
                    [9.5061891, 50.2402339],
                    [9.5056318, 50.2407056],
                    [9.5052593, 50.2410208],
                    [9.504512, 50.2415256],
                    [9.5039242, 50.2419227],
                    [9.5030823, 50.2425505],
                    [9.5026221, 50.2428883],
                    [9.5013447, 50.2431423]
                ]
            }
        },
        {
            "type": "Feature",
            "id": "way/193393780",
            "properties": {
                "admin_level": "4",
                "boundary": "administrative",
                "source": "Hessische Verwaltung für Bodenmanagement und Geoinformation - Digitale Verwaltungsgrenzen",
                "id": "way/193393780"
            },
            "geometry": {
                "type": "LineString",
                "coordinates": [
                    [9.4212127, 50.0847347],
                    [9.4211229, 50.0847697],
                    [9.4210369, 50.0847201],
                    [9.419673, 50.0843759],
                    [9.4187268, 50.0841437],
                    [9.4177142, 50.0838849],
                    [9.4157264, 50.0833695],
                    [9.4127419, 50.0833278],
                    [9.4109506, 50.0843553],
                    [9.4079439, 50.0860587],
                    [9.4054205, 50.0870606],
                    [9.4046491, 50.087595]
                ]
            }
        },
        {
            "type": "Feature",
            "id": "way/193393781",
            "properties": {
                "admin_level": "4",
                "boundary": "administrative",
                "source": "Hessische Verwaltung für Bodenmanagement und Geoinformation - Digitale Verwaltungsgrenzen",
                "id": "way/193393781"
            },
            "geometry": {
                "type": "LineString",
                "coordinates": [
                    [9.501781, 50.2221323],
                    [9.5022995, 50.2213224],
                    [9.5027182, 50.220699],
                    [9.5031687, 50.2200045],
                    [9.5033226, 50.218908],
                    [9.5036332, 50.2182568],
                    [9.5039239, 50.2176826],
                    [9.5045541, 50.2164031],
                    [9.5055546, 50.214322],
                    [9.5022846, 50.2121391]
                ]
            }
        },
        {
            "type": "Feature",
            "id": "way/193393784",
            "properties": {
                "admin_level": "4",
                "boundary": "administrative",
                "source": "Hessische Verwaltung für Bodenmanagement und Geoinformation - Digitale Verwaltungsgrenzen",
                "id": "way/193393784"
            },
            "geometry": {
                "type": "LineString",
                "coordinates": [
                    [9.5022846, 50.2121391],
                    [9.5027319, 50.2109591],
                    [9.5030413, 50.2101635],
                    [9.5035881, 50.2086763],
                    [9.5044528, 50.2080198],
                    [9.5051824, 50.2074834],
                    [9.5072593, 50.2069976],
                    [9.5079111, 50.2059688],
                    [9.5106969, 50.2016423],
                    [9.5123361, 50.201017],
                    [9.5160263, 50.1995888],
                    [9.5160912, 50.1995783]
                ]
            }
        },
        {
            "type": "Feature",
            "id": "way/193393798",
            "properties": {
                "admin_level": "4",
                "boundary": "administrative",
                "source": "Hessische Verwaltung für Bodenmanagement und Geoinformation - Digitale Verwaltungsgrenzen",
                "id": "way/193393798"
            },
            "geometry": {
                "type": "LineString",
                "coordinates": [
                    [9.5160912, 50.1995783],
                    [9.5158564, 50.1990157],
                    [9.5160338, 50.1988458],
                    [9.5155621, 50.197443],
                    [9.5155645, 50.1973514],
                    [9.5154441, 50.1964838],
                    [9.5155508, 50.196511],
                    [9.5155822, 50.1963529],
                    [9.5157641, 50.1963646],
                    [9.5156467, 50.19613],
                    [9.5154978, 50.1957262],
                    [9.5152517, 50.1955516],
                    [9.5153978, 50.1954526],
                    [9.5159604, 50.1950384],
                    [9.5161216, 50.1948707],
                    [9.5162052, 50.194727],
                    [9.5162006, 50.1946491]
                ]
            }
        },
        {
            "type": "Feature",
            "id": "way/193393806",
            "properties": {
                "admin_level": "4",
                "boundary": "administrative",
                "source": "Hessische Verwaltung für Bodenmanagement und Geoinformation - Digitale Verwaltungsgrenzen",
                "id": "way/193393806"
            },
            "geometry": {
                "type": "LineString",
                "coordinates": [
                    [9.4639729, 50.0909445],
                    [9.4621574, 50.0908712]
                ]
            }
        },
        {
            "type": "Feature",
            "id": "way/193393807",
            "properties": {
                "admin_level": "4",
                "boundary": "administrative",
                "source": "Hessische Verwaltung für Bodenmanagement und Geoinformation - Digitale Verwaltungsgrenzen",
                "id": "way/193393807"
            },
            "geometry": {
                "type": "LineString",
                "coordinates": [
                    [9.5011997, 50.2224639],
                    [9.501781, 50.2221323]
                ]
            }
        },
        {
            "type": "Feature",
            "id": "way/193393808",
            "properties": {
                "admin_level": "4",
                "boundary": "administrative",
                "source": "Hessische Verwaltung für Bodenmanagement und Geoinformation - Digitale Verwaltungsgrenzen",
                "id": "way/193393808"
            },
            "geometry": {
                "type": "LineString",
                "coordinates": [
                    [9.5131151, 50.1937141],
                    [9.5129664, 50.1938346],
                    [9.5126552, 50.1940498],
                    [9.5126065, 50.1940237]
                ]
            }
        },
        {
            "type": "Feature",
            "id": "way/193393809",
            "properties": {
                "admin_level": "4",
                "boundary": "administrative",
                "source": "Hessische Verwaltung für Bodenmanagement und Geoinformation - Digitale Verwaltungsgrenzen",
                "id": "way/193393809"
            },
            "geometry": {
                "type": "LineString",
                "coordinates": [
                    [9.4214667, 50.0849726],
                    [9.4212127, 50.0847347]
                ]
            }
        },
        {
            "type": "Feature",
            "id": "way/193393810",
            "properties": {
                "admin_level": "4",
                "boundary": "administrative",
                "source": "Hessische Verwaltung für Bodenmanagement und Geoinformation - Digitale Verwaltungsgrenzen",
                "id": "way/193393810"
            },
            "geometry": {
                "type": "LineString",
                "coordinates": [
                    [9.4621574, 50.0908712],
                    [9.4618217, 50.0905487],
                    [9.4609527, 50.0897371],
                    [9.4603287, 50.089719],
                    [9.4593045, 50.0896699],
                    [9.4582514, 50.089628],
                    [9.4565406, 50.0898107],
                    [9.455649, 50.0899021],
                    [9.453947, 50.0900861],
                    [9.4516871, 50.0902344],
                    [9.4506415, 50.0903152],
                    [9.4497631, 50.0901642],
                    [9.4480289, 50.0898978],
                    [9.4453484, 50.0898138],
                    [9.4453059, 50.0897869]
                ]
            }
        },
        {
            "type": "Feature",
            "id": "way/193393820",
            "properties": {
                "admin_level": "4",
                "boundary": "administrative",
                "source": "Hessische Verwaltung für Bodenmanagement und Geoinformation - Digitale Verwaltungsgrenzen",
                "id": "way/193393820"
            },
            "geometry": {
                "type": "LineString",
                "coordinates": [
                    [9.5126065, 50.1940237],
                    [9.5117333, 50.194056],
                    [9.5102902, 50.1940951],
                    [9.5080352, 50.1954144],
                    [9.504357, 50.1939934],
                    [9.5033959, 50.1934416],
                    [9.5023733, 50.1935245],
                    [9.5016426, 50.1931352]
                ]
            }
        },
        {
            "type": "Feature",
            "id": "way/193393823",
            "properties": {
                "admin_level": "4",
                "boundary": "administrative",
                "source": "Hessische Verwaltung für Bodenmanagement und Geoinformation - Digitale Verwaltungsgrenzen",
                "id": "way/193393823"
            },
            "geometry": {
                "type": "LineString",
                "coordinates": [
                    [9.5162006, 50.1946491],
                    [9.516039, 50.1946475]
                ]
            }
        },
        {
            "type": "Feature",
            "id": "way/193393826",
            "properties": {
                "admin_level": "4",
                "boundary": "administrative",
                "source": "Hessische Verwaltung für Bodenmanagement und Geoinformation - Digitale Verwaltungsgrenzen",
                "id": "way/193393826"
            },
            "geometry": {
                "type": "LineString",
                "coordinates": [
                    [9.5142678, 50.1939751],
                    [9.5133979, 50.1938375],
                    [9.5131151, 50.1937141]
                ]
            }
        },
        {
            "type": "Feature",
            "id": "way/193393829",
            "properties": {
                "admin_level": "4",
                "boundary": "administrative",
                "source": "Hessische Verwaltung für Bodenmanagement und Geoinformation - Digitale Verwaltungsgrenzen",
                "id": "way/193393829"
            },
            "geometry": {
                "type": "LineString",
                "coordinates": [
                    [9.5193512, 50.1060242],
                    [9.5192091, 50.1058547],
                    [9.5189425, 50.1055366],
                    [9.5181099, 50.104571],
                    [9.5171319, 50.1030225],
                    [9.5161054, 50.1018996],
                    [9.5147734, 50.1004246],
                    [9.5141742, 50.1001012],
                    [9.5129743, 50.0994633],
                    [9.5132407, 50.0989212],
                    [9.5134404, 50.0984972],
                    [9.5140163, 50.0975039],
                    [9.5142993, 50.0970047],
                    [9.5137783, 50.0959797],
                    [9.5133779, 50.0951732],
                    [9.5129314, 50.0942994],
                    [9.5098097, 50.0944306],
                    [9.5073452, 50.0950091],
                    [9.5064353, 50.0952421],
                    [9.505649, 50.0954499],
                    [9.5037108, 50.0959279],
                    [9.5024984, 50.0963914],
                    [9.5016283, 50.0967133],
                    [9.4999926, 50.0971473],
                    [9.4973853, 50.0952342],
                    [9.4957545, 50.0946993],
                    [9.4947265, 50.0945971],
                    [9.4936546, 50.0944957],
                    [9.4923935, 50.0944328],
                    [9.4910379, 50.094351],
                    [9.4899639, 50.0942913],
                    [9.4880945, 50.0941555],
                    [9.486066, 50.094689],
                    [9.4837325, 50.0954164],
                    [9.4812158, 50.0952356],
                    [9.4784447, 50.094824],
                    [9.4760833, 50.0938132],
                    [9.473882, 50.0930375],
                    [9.4713162, 50.0922891],
                    [9.4687336, 50.0922459],
                    [9.4661066, 50.0918108],
                    [9.4652763, 50.0914577],
                    [9.4645835, 50.0911513],
                    [9.4639729, 50.0909445]
                ]
            }
        },
        {
            "type": "Feature",
            "id": "way/193393838",
            "properties": {
                "admin_level": "4",
                "boundary": "administrative",
                "source": "Hessische Verwaltung für Bodenmanagement und Geoinformation - Digitale Verwaltungsgrenzen",
                "id": "way/193393838"
            },
            "geometry": {
                "type": "LineString",
                "coordinates": [
                    [9.5311509, 50.1608492],
                    [9.5283464, 50.1575698],
                    [9.5277794, 50.1566147],
                    [9.5265159, 50.1556518],
                    [9.5258127, 50.1549897],
                    [9.5253973, 50.1542174],
                    [9.5247476, 50.1532393],
                    [9.5232527, 50.1519378],
                    [9.5227162, 50.151286],
                    [9.522382, 50.1504785],
                    [9.5213314, 50.1498659],
                    [9.5198454, 50.1494818],
                    [9.5189282, 50.1489323],
                    [9.5173053, 50.1486512],
                    [9.5157718, 50.1487978],
                    [9.5141926, 50.1487117],
                    [9.5126707, 50.1485796],
                    [9.5100158, 50.1479456],
                    [9.5094145, 50.1474854],
                    [9.5087951, 50.1470007],
                    [9.5079736, 50.1461216],
                    [9.5073644, 50.1454567],
                    [9.5077058, 50.1442832],
                    [9.5080662, 50.1430794],
                    [9.5079996, 50.1412482],
                    [9.5081989, 50.1393108],
                    [9.5083733, 50.1377366],
                    [9.5084621, 50.1370036],
                    [9.5097019, 50.1327957],
                    [9.5103007, 50.1309352],
                    [9.5108031, 50.1293055],
                    [9.5112778, 50.1277963],
                    [9.5115241, 50.1269857]
                ]
            }
        },
        {
            "type": "Feature",
            "id": "way/193393843",
            "properties": {
                "admin_level": "4",
                "boundary": "administrative",
                "source": "Hessische Verwaltung für Bodenmanagement und Geoinformation - Digitale Verwaltungsgrenzen",
                "id": "way/193393843"
            },
            "geometry": {
                "type": "LineString",
                "coordinates": [
                    [9.516039, 50.1946475],
                    [9.5157679, 50.1948643],
                    [9.5154426, 50.1949432],
                    [9.5151714, 50.1948296],
                    [9.5143042, 50.1943044],
                    [9.51432, 50.1939834],
                    [9.5142678, 50.1939751]
                ]
            }
        },
        {
            "type": "Feature",
            "id": "way/193393847",
            "properties": {
                "admin_level": "4",
                "boundary": "administrative",
                "source": "Hessische Verwaltung für Bodenmanagement und Geoinformation - Digitale Verwaltungsgrenzen",
                "id": "way/193393847"
            },
            "geometry": {
                "type": "LineString",
                "coordinates": [
                    [9.5050447, 50.1692002],
                    [9.5171353, 50.1674275],
                    [9.5242941, 50.1673548],
                    [9.5280949, 50.1680453],
                    [9.5281124, 50.1680402]
                ]
            }
        },
        {
            "type": "Feature",
            "id": "way/193405138",
            "properties": {
                "admin_level": "4",
                "boundary": "administrative",
                "source": "Hessische Verwaltung für Bodenmanagement und Geoinformation - Digitale Verwaltungsgrenzen",
                "id": "way/193405138"
            },
            "geometry": {
                "type": "LineString",
                "coordinates": [
                    [9.376186, 50.1294319],
                    [9.3762045, 50.129626],
                    [9.3764168, 50.1305154]
                ]
            }
        },
        {
            "type": "Feature",
            "id": "way/193405141",
            "properties": {
                "admin_level": "4",
                "boundary": "administrative",
                "source": "Hessische Verwaltung für Bodenmanagement und Geoinformation - Digitale Verwaltungsgrenzen",
                "id": "way/193405141"
            },
            "geometry": {
                "type": "LineString",
                "coordinates": [
                    [9.4046491, 50.087595],
                    [9.4026527, 50.0889783],
                    [9.4020955, 50.089367],
                    [9.4001234, 50.0914466],
                    [9.3983452, 50.0933318],
                    [9.3957214, 50.0962953],
                    [9.3945899, 50.0975864],
                    [9.3938493, 50.0995481],
                    [9.3926613, 50.1024189],
                    [9.3904487, 50.1050857],
                    [9.3879865, 50.108717],
                    [9.3866904, 50.1106195],
                    [9.3861303, 50.1123185]
                ]
            }
        },
        {
            "type": "Feature",
            "id": "way/193405147",
            "properties": {
                "admin_level": "4",
                "boundary": "administrative",
                "source": "Hessische Verwaltung für Bodenmanagement und Geoinformation - Digitale Verwaltungsgrenzen",
                "id": "way/193405147"
            },
            "geometry": {
                "type": "LineString",
                "coordinates": [
                    [9.3740037, 50.1308382],
                    [9.373591, 50.1308886],
                    [9.3709452, 50.1314091],
                    [9.3696985, 50.1316485],
                    [9.3669947, 50.1312428],
                    [9.3649624, 50.1309241],
                    [9.3642435, 50.1309695],
                    [9.361163, 50.1312394],
                    [9.3579478, 50.1311113],
                    [9.3564456, 50.1310739],
                    [9.3549237, 50.131036],
                    [9.3526001, 50.1307009],
                    [9.3517629, 50.1305843],
                    [9.349545, 50.1307549],
                    [9.3471769, 50.1310834],
                    [9.3446949, 50.1312074],
                    [9.3430772, 50.1313043],
                    [9.3422846, 50.1313518],
                    [9.3400653, 50.1322602],
                    [9.3384652, 50.1338291],
                    [9.3375783, 50.1351962],
                    [9.3365182, 50.1368813],
                    [9.3337272, 50.1386331],
                    [9.3303813, 50.1403642],
                    [9.328256, 50.1409215],
                    [9.3272733, 50.1411741],
                    [9.324761, 50.1408162],
                    [9.3234006, 50.1406183],
                    [9.3214052, 50.1395261],
                    [9.3211763, 50.139316]
                ]
            }
        },
        {
            "type": "Feature",
            "id": "way/193405164",
            "properties": {
                "admin_level": "4",
                "boundary": "administrative",
                "source": "Hessische Verwaltung für Bodenmanagement und Geoinformation - Digitale Verwaltungsgrenzen",
                "id": "way/193405164"
            },
            "geometry": {
                "type": "LineString",
                "coordinates": [
                    [9.3764168, 50.1305154],
                    [9.3751269, 50.1307011],
                    [9.3740037, 50.1308382]
                ]
            }
        },
        {
            "type": "Feature",
            "id": "way/193773929",
            "properties": {
                "admin_level": "4",
                "boundary": "administrative",
                "source": "Hessische Verwaltung für Bodenmanagement und Geoinformation - Digitale Verwaltungsgrenzen",
                "id": "way/193773929"
            },
            "geometry": {
                "type": "LineString",
                "coordinates": [
                    [9.2116447, 50.1446946],
                    [9.2116078, 50.1438573],
                    [9.2114298, 50.1437142],
                    [9.2112875, 50.1436715],
                    [9.2109943, 50.1435675],
                    [9.2110284, 50.143433],
                    [9.2109468, 50.1433777],
                    [9.2108499, 50.1433581],
                    [9.210641, 50.1432696],
                    [9.2105962, 50.1432197],
                    [9.2106518, 50.1431764],
                    [9.210619, 50.1431175],
                    [9.2106712, 50.1430696],
                    [9.2105346, 50.143059],
                    [9.2105661, 50.1429703],
                    [9.2104353, 50.142976],
                    [9.2103593, 50.1428967],
                    [9.2102331, 50.1428169],
                    [9.2101434, 50.1428317],
                    [9.2101205, 50.142934],
                    [9.2099791, 50.1429293],
                    [9.2098308, 50.1428028],
                    [9.2096208, 50.1428057],
                    [9.2094903, 50.1428816],
                    [9.2093968, 50.1428276],
                    [9.209242, 50.1428365],
                    [9.2091723, 50.1428939],
                    [9.2090265, 50.1428743],
                    [9.2089294, 50.1428189],
                    [9.2090297, 50.1427787],
                    [9.2090658, 50.1427429],
                    [9.2090028, 50.1427293],
                    [9.2089244, 50.1427405],
                    [9.2088521, 50.1427568],
                    [9.2086689, 50.1426773],
                    [9.2084986, 50.1427564],
                    [9.2085598, 50.1428425],
                    [9.208504, 50.1428573],
                    [9.2083499, 50.1428585],
                    [9.2081784, 50.1427628],
                    [9.2080137, 50.1427775],
                    [9.2079562, 50.1427236],
                    [9.2078232, 50.142698],
                    [9.2076826, 50.1426634],
                    [9.2075552, 50.142685],
                    [9.2075393, 50.1427642],
                    [9.2074478, 50.142708],
                    [9.2073396, 50.1426811],
                    [9.2072323, 50.1427331],
                    [9.2070577, 50.1427292],
                    [9.2069878, 50.1427599],
                    [9.2068711, 50.1427371],
                    [9.2067704, 50.1426206],
                    [9.206668, 50.1426862],
                    [9.2065138, 50.1426905],
                    [9.2064275, 50.1426583],
                    [9.2063972, 50.1426754],
                    [9.2063053, 50.1426948],
                    [9.2061828, 50.142643],
                    [9.2060217, 50.1426727],
                    [9.2059286, 50.1427265],
                    [9.2058903, 50.1426861],
                    [9.2056824, 50.1426759],
                    [9.205646, 50.142593],
                    [9.2054757, 50.1425778],
                    [9.2054361, 50.1426122],
                    [9.2051956, 50.1425784],
                    [9.205077, 50.1426208],
                    [9.2049333, 50.1425436],
                    [9.2048895, 50.1423733],
                    [9.2047204, 50.1423523],
                    [9.2045658, 50.1422475],
                    [9.2045029, 50.1422429],
                    [9.2043964, 50.1421391],
                    [9.2041792, 50.1421012],
                    [9.2041271, 50.1421596],
                    [9.2040084, 50.1421676],
                    [9.2038898, 50.142057],
                    [9.2037456, 50.1420531],
                    [9.2037185, 50.1420051],
                    [9.2035878, 50.1420131],
                    [9.2035535, 50.1419474],
                    [9.2034382, 50.1419255],
                    [9.2031522, 50.1418296],
                    [9.2030448, 50.1415352],
                    [9.2028486, 50.1414336],
                    [9.2028362, 50.141328],
                    [9.2027152, 50.1413033],
                    [9.2026743, 50.1413277],
                    [9.2025632, 50.1412977],
                    [9.2024152, 50.1412536],
                    [9.2023287, 50.1411847],
                    [9.2022409, 50.1411556],
                    [9.2021384, 50.1411645],
                    [9.2020019, 50.1411553],
                    [9.2019259, 50.1410678],
                    [9.2017479, 50.1409481],
                    [9.2016692, 50.1410525],
                    [9.2016964, 50.1411377],
                    [9.2015983, 50.1411733],
                    [9.2014773, 50.1411509],
                    [9.201348, 50.1411752],
                    [9.2012009, 50.1411497],
                    [9.2011146, 50.1411541],
                    [9.2010593, 50.1411105],
                    [9.2009008, 50.1410732],
                    [9.2007341, 50.1411042],
                    [9.2006584, 50.1410855],
                    [9.2006334, 50.1410398],
                    [9.2005613, 50.1410374],
                    [9.200445, 50.1411233],
                    [9.2004197, 50.1411694],
                    [9.2003499, 50.1412084],
                    [9.2002509, 50.1412096],
                    [9.2001185, 50.1411768],
                    [9.1999029, 50.141186],
                    [9.199813, 50.1411614],
                    [9.1997676, 50.1410902],
                    [9.1996507, 50.1410406],
                    [9.1995595, 50.14106],
                    [9.1994535, 50.1410666],
                    [9.1993347, 50.141056],
                    [9.1992786, 50.1410066],
                    [9.1991711, 50.140996],
                    [9.1989266, 50.1410464],
                    [9.1987982, 50.1411083],
                    [9.1987822, 50.1411717],
                    [9.1986762, 50.1411783],
                    [9.1985949, 50.1411166],
                    [9.198453, 50.1410689],
                    [9.1983648, 50.14095],
                    [9.1981615, 50.1408877],
                    [9.1981322, 50.1408197],
                    [9.197958, 50.1407678],
                    [9.1977565, 50.1407833],
                    [9.1976538, 50.1407754],
                    [9.1974853, 50.14072],
                    [9.1974418, 50.140637],
                    [9.1973366, 50.1405653],
                    [9.1971912, 50.1405029],
                    [9.1969684, 50.1405338],
                    [9.1967897, 50.1405058],
                    [9.1968348, 50.1404642],
                    [9.196553, 50.1404075],
                    [9.1964591, 50.1403774],
                    [9.1965603, 50.1403314],
                    [9.1964674, 50.1402601],
                    [9.1961008, 50.1401315],
                    [9.1960732, 50.1400541],
                    [9.195877, 50.1400598],
                    [9.195756, 50.139845],
                    [9.1957167, 50.139805],
                    [9.1956255, 50.1397512],
                    [9.1956111, 50.1396831],
                    [9.1955685, 50.1396734],
                    [9.1955491, 50.1396509],
                    [9.1955472, 50.139633],
                    [9.1954998, 50.1396308],
                    [9.1954598, 50.1396106],
                    [9.1953929, 50.1395423],
                    [9.1953468, 50.1395067],
                    [9.1953284, 50.1394761],
                    [9.1952735, 50.1394334],
                    [9.1951747, 50.1393932],
                    [9.1951379, 50.1393573],
                    [9.1950925, 50.1392932],
                    [9.1950559, 50.1391919],
                    [9.1950106, 50.1391664],
                    [9.1950207, 50.1391424],
                    [9.1949891, 50.1391218],
                    [9.194957, 50.1390866],
                    [9.1949777, 50.1390534],
                    [9.1948184, 50.1386653],
                    [9.1947465, 50.1385837],
                    [9.1944521, 50.1387219],
                    [9.1943379, 50.1386674],
                    [9.1942575, 50.1386453]
                ]
            }
        },
        {
            "type": "Feature",
            "id": "way/193773931",
            "properties": {
                "admin_level": "4",
                "boundary": "administrative",
                "source": "Hessische Verwaltung für Bodenmanagement und Geoinformation - Digitale Verwaltungsgrenzen",
                "id": "way/193773931"
            },
            "geometry": {
                "type": "LineString",
                "coordinates": [
                    [9.0266203, 49.9551492],
                    [9.0266948, 49.9550865],
                    [9.0259581, 49.9543654],
                    [9.0258491, 49.9541634],
                    [9.0250542, 49.9535123],
                    [9.0246794, 49.9528639],
                    [9.024133, 49.9523266],
                    [9.0233822, 49.9513901],
                    [9.0225503, 49.950426],
                    [9.0217232, 49.9499921],
                    [9.0212877, 49.9495832]
                ]
            }
        },
        {
            "type": "Feature",
            "id": "way/193773932",
            "properties": {
                "admin_level": "4",
                "boundary": "administrative",
                "source": "Hessische Verwaltung für Bodenmanagement und Geoinformation - Digitale Verwaltungsgrenzen",
                "id": "way/193773932"
            },
            "geometry": {
                "type": "LineString",
                "coordinates": [
                    [9.1529358, 50.0927369],
                    [9.1525953, 50.0925261],
                    [9.1523912, 50.092338],
                    [9.1515275, 50.0918579],
                    [9.1507345, 50.0914036],
                    [9.1498105, 50.0908844],
                    [9.1487146, 50.0902561],
                    [9.1484617, 50.0909993],
                    [9.1481163, 50.0912944],
                    [9.1477123, 50.0915623],
                    [9.1476165, 50.0915573]
                ]
            }
        },
        {
            "type": "Feature",
            "id": "way/193773934",
            "properties": {
                "admin_level": "4",
                "boundary": "administrative",
                "source": "ALKIS Hessen + Shapefiles",
                "id": "way/193773934"
            },
            "geometry": {
                "type": "LineString",
                "coordinates": [
                    [9.1028953, 49.6605624],
                    [9.1031245, 49.6604248],
                    [9.1033483, 49.6604259],
                    [9.1035747, 49.6602147],
                    [9.1037253, 49.6601212],
                    [9.1038073, 49.6600262],
                    [9.1037834, 49.660007],
                    [9.1031082, 49.6591218],
                    [9.1030645, 49.6587136],
                    [9.1029359, 49.6582876],
                    [9.1028155, 49.657909],
                    [9.1025498, 49.6573038],
                    [9.1020138, 49.6564865],
                    [9.1016854, 49.6560738],
                    [9.1014174, 49.6557181],
                    [9.1011272, 49.6551163],
                    [9.1008854, 49.6548394],
                    [9.1007695, 49.6544998],
                    [9.0999907, 49.6538836],
                    [9.0995342, 49.6534254],
                    [9.0997196, 49.6525935],
                    [9.1000293, 49.6513688],
                    [9.1001432, 49.6511207],
                    [9.1004252, 49.6506378],
                    [9.100678, 49.6501874],
                    [9.1008309, 49.6496709],
                    [9.1008622, 49.6493921],
                    [9.1008888, 49.6490499],
                    [9.1008183, 49.6489043],
                    [9.1006606, 49.6486578],
                    [9.1002695, 49.6479343],
                    [9.0993744, 49.6468054],
                    [9.0991464, 49.6464493],
                    [9.0991798, 49.6461128],
                    [9.0992812, 49.6456717],
                    [9.0993807, 49.6452818],
                    [9.1000273, 49.644798],
                    [9.1004746, 49.6443786],
                    [9.1010467, 49.6440234],
                    [9.1015801, 49.6434277],
                    [9.1020254, 49.6428171],
                    [9.1021906, 49.6426021],
                    [9.1019011, 49.6417064],
                    [9.1008137, 49.6408343],
                    [9.1000234, 49.6404438],
                    [9.0986892, 49.6398491],
                    [9.098065, 49.6395312],
                    [9.0971881, 49.6389099],
                    [9.0959406, 49.6377939],
                    [9.0952689, 49.6374449],
                    [9.0943999, 49.6370328],
                    [9.0938725, 49.6367376],
                    [9.0934393, 49.6365021],
                    [9.0930601, 49.6361622],
                    [9.0926167, 49.6357557],
                    [9.0923795, 49.6353599],
                    [9.0918756, 49.6351568],
                    [9.0909606, 49.6350114],
                    [9.0904028, 49.6351774],
                    [9.0899344, 49.6352824],
                    [9.0893228, 49.6354623],
                    [9.0893569, 49.6352406],
                    [9.0890209, 49.635358],
                    [9.0887551, 49.6354456],
                    [9.0880649, 49.6356539],
                    [9.0872699, 49.6356357],
                    [9.0866076, 49.6355394],
                    [9.0860047, 49.6356758],
                    [9.0853941, 49.6351467],
                    [9.084579, 49.6347497],
                    [9.0839246, 49.6342516],
                    [9.0833599, 49.633916],
                    [9.0831862, 49.6338059],
                    [9.0823397, 49.6334435],
                    [9.0815453, 49.6330445],
                    [9.0808482, 49.6325591],
                    [9.0805206, 49.6319356],
                    [9.0803601, 49.6313029],
                    [9.0802785, 49.6306187],
                    [9.080019, 49.6299794],
                    [9.0799461, 49.6297689],
                    [9.0797823, 49.6293325],
                    [9.0790781, 49.6288733],
                    [9.0788558, 49.6287569],
                    [9.0783428, 49.6284141],
                    [9.0776515, 49.6279235],
                    [9.0773233, 49.6275757],
                    [9.0766345, 49.6271933],
                    [9.0760871, 49.6268191],
                    [9.0757352, 49.6264464],
                    [9.0753875, 49.6259305],
                    [9.0745217, 49.625444],
                    [9.0737892, 49.6249822],
                    [9.0730275, 49.6245467],
                    [9.0721358, 49.6242312],
                    [9.071949, 49.6241851],
                    [9.071232, 49.6239377],
                    [9.0703791, 49.6235948],
                    [9.0696123, 49.6231612],
                    [9.0689136, 49.6226777],
                    [9.0684711, 49.6220757],
                    [9.0685556, 49.6214142],
                    [9.0683503, 49.6207644],
                    [9.0677353, 49.6202357],
                    [9.0670173, 49.6197689],
                    [9.0663392, 49.6191931],
                    [9.0663159, 49.6192015],
                    [9.0662632, 49.6191163],
                    [9.0662766, 49.6190541],
                    [9.0661981, 49.6190129]
                ]
            }
        },
        {
            "type": "Feature",
            "id": "way/193773935",
            "properties": {
                "admin_level": "4",
                "boundary": "administrative",
                "source": "ALKIS Hessen + Shapefiles",
                "id": "way/193773935"
            },
            "geometry": {
                "type": "LineString",
                "coordinates": [
                    [9.0378022, 49.8426151],
                    [9.0395266, 49.8412372],
                    [9.0401654, 49.8407087],
                    [9.0415676, 49.8399294],
                    [9.0418024, 49.8405835],
                    [9.0424891, 49.8413645],
                    [9.0425578, 49.8430431],
                    [9.0425045, 49.8437034],
                    [9.0433867, 49.8440325],
                    [9.0439923, 49.8432816],
                    [9.0451129, 49.8425834],
                    [9.0455037, 49.8421958],
                    [9.0469441, 49.8420456],
                    [9.0501841, 49.8420867],
                    [9.0511498, 49.842651],
                    [9.0518873, 49.8430922],
                    [9.0525, 49.8438913],
                    [9.0534224, 49.8450369],
                    [9.0540631, 49.8455355],
                    [9.0558468, 49.8453545],
                    [9.0579177, 49.8455992],
                    [9.0601073, 49.8461689],
                    [9.0606285, 49.8455248],
                    [9.0602558, 49.8454101],
                    [9.0590641, 49.8450706],
                    [9.0588489, 49.8450129],
                    [9.0586791, 49.8449887],
                    [9.0584247, 49.8449784],
                    [9.0584132, 49.8448796],
                    [9.0584762, 49.8447017],
                    [9.057076, 49.8446513],
                    [9.0566654, 49.8446087],
                    [9.0563546, 49.8444975],
                    [9.0564753, 49.8443252],
                    [9.0560035, 49.8441541],
                    [9.0562903, 49.8437346],
                    [9.0561291, 49.843689],
                    [9.0564684, 49.843211],
                    [9.0549936, 49.8428414],
                    [9.0546343, 49.8429554],
                    [9.0539905, 49.8427605],
                    [9.0545307, 49.841535],
                    [9.0534599, 49.8411948],
                    [9.054399, 49.8403112],
                    [9.0537786, 49.8400894],
                    [9.0531198, 49.8398632],
                    [9.0538513, 49.8392384],
                    [9.0552203, 49.8400157],
                    [9.0577942, 49.8409968],
                    [9.0584128, 49.8412701],
                    [9.0588719, 49.8410757],
                    [9.0592937, 49.8410123],
                    [9.0597715, 49.8406403],
                    [9.0590671, 49.8401075],
                    [9.0584713, 49.8396644],
                    [9.0589994, 49.8392462],
                    [9.0590612, 49.8388551],
                    [9.0593119, 49.8387068],
                    [9.0585198, 49.8378733],
                    [9.0582387, 49.8373373],
                    [9.0578553, 49.8368247],
                    [9.0580217, 49.8367119],
                    [9.0570247, 49.8358283],
                    [9.0566616, 49.8354482],
                    [9.0568958, 49.8353377],
                    [9.0567311, 49.8349578],
                    [9.056139, 49.8345584],
                    [9.0563791, 49.8342544],
                    [9.0584503, 49.8327149],
                    [9.0597538, 49.8325094],
                    [9.0626576, 49.8320336],
                    [9.0639684, 49.8317982],
                    [9.0651965, 49.8318319],
                    [9.0669184, 49.8322809],
                    [9.0703508, 49.8333178],
                    [9.070583, 49.8335364],
                    [9.0708593, 49.8343997],
                    [9.0706067, 49.8348223],
                    [9.0713266, 49.8363532],
                    [9.0728469, 49.8372031],
                    [9.0744346, 49.8381596],
                    [9.0753576, 49.8395594],
                    [9.0762748, 49.8406091],
                    [9.0773741, 49.8419891],
                    [9.078643, 49.842872],
                    [9.0803795, 49.8434536],
                    [9.0828021, 49.8453346],
                    [9.0843312, 49.8467841],
                    [9.0852609, 49.8476753]
                ]
            }
        },
        {
            "type": "Feature",
            "id": "way/193773936",
            "properties": {
                "admin_level": "4",
                "boundary": "administrative",
                "source": "ALKIS Hessen + Shapefiles",
                "id": "way/193773936"
            },
            "geometry": {
                "type": "LineString",
                "coordinates": [
                    [9.0852609, 49.8476753],
                    [9.0854528, 49.8474016],
                    [9.085769, 49.846788],
                    [9.0861998, 49.8461584],
                    [9.0865029, 49.8452517],
                    [9.0868088, 49.8444848],
                    [9.0876046, 49.8434309],
                    [9.0890534, 49.8421498],
                    [9.0895763, 49.8415788],
                    [9.0898487, 49.8411286],
                    [9.0894372, 49.8407725],
                    [9.0888012, 49.8404176],
                    [9.0878952, 49.8400658],
                    [9.0870129, 49.8398212],
                    [9.0866681, 49.8396434],
                    [9.0864562, 49.8396343],
                    [9.0855828, 49.8396785],
                    [9.0853936, 49.8396099],
                    [9.0843462, 49.8394931],
                    [9.0835898, 49.8392968],
                    [9.0834826, 49.8393144],
                    [9.0833636, 49.8393014],
                    [9.083234, 49.8391704],
                    [9.0824718, 49.8390292],
                    [9.0823745, 49.8389472],
                    [9.0821885, 49.8387473],
                    [9.0819283, 49.8386448],
                    [9.0816167, 49.8385583],
                    [9.0814621, 49.8383943],
                    [9.0810891, 49.8382189],
                    [9.0809132, 49.8381654],
                    [9.0806983, 49.8378089],
                    [9.0804806, 49.8377633],
                    [9.0804887, 49.8374367],
                    [9.0802978, 49.8373801],
                    [9.0803081, 49.8372558],
                    [9.0801962, 49.8371622],
                    [9.0796669, 49.8368134],
                    [9.079514, 49.8367525],
                    [9.0793255, 49.8366059],
                    [9.0789466, 49.8361858],
                    [9.0788224, 49.8360589],
                    [9.0787391, 49.835626],
                    [9.0785621, 49.8354974],
                    [9.0785688, 49.8353438],
                    [9.0784787, 49.835148],
                    [9.0784349, 49.8350212],
                    [9.0780349, 49.8349082],
                    [9.0779048, 49.8347582],
                    [9.0778486, 49.8346223],
                    [9.0778827, 49.8344836],
                    [9.078025, 49.8343408],
                    [9.0780283, 49.8342603]
                ]
            }
        },
        {
            "type": "Feature",
            "id": "way/193773940",
            "properties": {
                "admin_level": "4",
                "boundary": "administrative",
                "source": "ALKIS Hessen + Shapefiles",
                "id": "way/193773940"
            },
            "geometry": {
                "type": "LineString",
                "coordinates": [
                    [9.1420923, 49.7321706],
                    [9.1420248, 49.7316848],
                    [9.1416536, 49.7312476],
                    [9.141394, 49.7306835],
                    [9.1410303, 49.7303903],
                    [9.1411608, 49.7298435],
                    [9.1409957, 49.7293918],
                    [9.1408274, 49.7290452],
                    [9.1405827, 49.7287514],
                    [9.1403741, 49.7284297],
                    [9.1401223, 49.7281943],
                    [9.1399827, 49.7279126],
                    [9.1397849, 49.7277091],
                    [9.139546, 49.7272339],
                    [9.1390873, 49.7268636]
                ]
            }
        },
        {
            "type": "Feature",
            "id": "way/193773948",
            "properties": {
                "admin_level": "4",
                "boundary": "administrative",
                "source": "ALKIS Hessen + Shapefiles",
                "id": "way/193773948"
            },
            "geometry": {
                "type": "LineString",
                "coordinates": [
                    [9.1081977, 49.7979969],
                    [9.1099766, 49.7979238],
                    [9.111809, 49.7978264],
                    [9.1129703, 49.7977849],
                    [9.115806, 49.797459],
                    [9.1168613, 49.7972827],
                    [9.1187863, 49.7970254],
                    [9.1206142, 49.7967981],
                    [9.1225702, 49.7966441],
                    [9.124996, 49.7962317],
                    [9.1278377, 49.7958137],
                    [9.1293104, 49.7954813],
                    [9.1300789, 49.7952986],
                    [9.1314655, 49.7948979],
                    [9.1318163, 49.7945471],
                    [9.1321529, 49.7941926],
                    [9.1312189, 49.7937699],
                    [9.1303069, 49.7935349],
                    [9.129449, 49.7929813],
                    [9.1296651, 49.7925527],
                    [9.1297132, 49.7918397],
                    [9.1298638, 49.7908808],
                    [9.1300897, 49.7897965],
                    [9.1300143, 49.7890084],
                    [9.1290832, 49.7877271],
                    [9.1296222, 49.7871367],
                    [9.1305346, 49.7863979],
                    [9.1314352, 49.7858699],
                    [9.1320438, 49.7852466],
                    [9.1325707, 49.7847151],
                    [9.1339783, 49.7837194],
                    [9.1344757, 49.7832513],
                    [9.1344844, 49.7832424],
                    [9.1345681, 49.7823042],
                    [9.1334923, 49.7810643],
                    [9.1324729, 49.7805611],
                    [9.1313751, 49.78003],
                    [9.1302656, 49.7792449],
                    [9.1293218, 49.7783347],
                    [9.1285644, 49.7774212],
                    [9.1277894, 49.7763992],
                    [9.12647, 49.7761787],
                    [9.1244153, 49.7764142],
                    [9.1232468, 49.7767339],
                    [9.1223473, 49.7762655],
                    [9.1215423, 49.7759286],
                    [9.1208518, 49.7756567],
                    [9.1197557, 49.7755538],
                    [9.1192988, 49.7752154],
                    [9.1191104, 49.7745836],
                    [9.1182114, 49.7740253],
                    [9.1173248, 49.7737356],
                    [9.1156283, 49.7737475],
                    [9.1144586, 49.7737654],
                    [9.1132641, 49.773789],
                    [9.1133679, 49.7732729],
                    [9.1129987, 49.7727356],
                    [9.112551, 49.7721133],
                    [9.1129803, 49.7711088],
                    [9.1127226, 49.770349],
                    [9.112044, 49.7694371],
                    [9.1125395, 49.7688634]
                ]
            }
        },
        {
            "type": "Feature",
            "id": "way/193773963",
            "properties": {
                "admin_level": "4",
                "boundary": "administrative",
                "source": "Hessische Verwaltung für Bodenmanagement und Geoinformation - Digitale Verwaltungsgrenzen",
                "id": "way/193773963"
            },
            "geometry": {
                "type": "LineString",
                "coordinates": [
                    [9.0319964, 50.0340602],
                    [9.0316236, 50.0325384],
                    [9.0310393, 50.0306197],
                    [9.0306493, 50.0294856],
                    [9.0302458, 50.02874],
                    [9.0300228, 50.0278818],
                    [9.0298818, 50.0271498],
                    [9.0298037, 50.0266704]
                ]
            }
        },
        {
            "type": "Feature",
            "id": "way/193773966",
            "properties": {
                "admin_level": "4",
                "boundary": "administrative",
                "source": "ALKIS Hessen + Shapefiles",
                "id": "way/193773966"
            },
            "geometry": {
                "type": "LineString",
                "coordinates": [
                    [9.1057417, 49.6969703],
                    [9.1051778, 49.6968259],
                    [9.1046045, 49.6966947],
                    [9.103418, 49.6964032],
                    [9.1023178, 49.696302],
                    [9.1017437, 49.6961905],
                    [9.1003986, 49.6959457],
                    [9.098055, 49.6958826],
                    [9.096767, 49.6961331],
                    [9.0951975, 49.6960936],
                    [9.092334, 49.6949167],
                    [9.0896464, 49.6931719]
                ]
            }
        },
        {
            "type": "Feature",
            "id": "way/193773968",
            "properties": {
                "admin_level": "4",
                "boundary": "administrative",
                "source": "Hessische Verwaltung für Bodenmanagement und Geoinformation - Digitale Verwaltungsgrenzen",
                "id": "way/193773968"
            },
            "geometry": {
                "type": "LineString",
                "coordinates": [
                    [9.0298037, 50.0266704],
                    [9.0297674, 50.0264476],
                    [9.0297468, 50.0261808],
                    [9.0297269, 50.0255542],
                    [9.0297433, 50.0251775],
                    [9.0297807, 50.024728],
                    [9.0298335, 50.0243684],
                    [9.0299156, 50.0239306],
                    [9.0300226, 50.0232518],
                    [9.0301869, 50.0226836],
                    [9.0303513, 50.0222178],
                    [9.0304975, 50.0217269],
                    [9.0309154, 50.0207496],
                    [9.0311412, 50.0202398],
                    [9.0327144, 50.0170658],
                    [9.033417, 50.0162133],
                    [9.0337725, 50.0158068],
                    [9.034616, 50.0148877],
                    [9.0348711, 50.0146242],
                    [9.036738, 50.0129037],
                    [9.0386102, 50.0110942],
                    [9.0392654, 50.0105033],
                    [9.0394453, 50.0103657]
                ]
            }
        },
        {
            "type": "Feature",
            "id": "way/193773969",
            "properties": {
                "admin_level": "4",
                "boundary": "administrative",
                "source": "Hessische Verwaltung für Bodenmanagement und Geoinformation - Digitale Verwaltungsgrenzen",
                "id": "way/193773969"
            },
            "geometry": {
                "type": "LineString",
                "coordinates": [
                    [9.1903833, 50.1284124],
                    [9.1903918, 50.1283599],
                    [9.1904008, 50.1282578],
                    [9.1903457, 50.128134],
                    [9.1904327, 50.1280136],
                    [9.1903811, 50.1278103],
                    [9.1902571, 50.1277211],
                    [9.1903174, 50.1276572],
                    [9.1902452, 50.1273309],
                    [9.1902094, 50.1272379],
                    [9.1902085, 50.1271677],
                    [9.1901973, 50.1271225],
                    [9.1902674, 50.1269982],
                    [9.1901004, 50.1265703],
                    [9.1899062, 50.1262827],
                    [9.1896889, 50.1261186],
                    [9.1896924, 50.1260936],
                    [9.1895603, 50.1258542],
                    [9.189407, 50.1257556],
                    [9.1892185, 50.1255471],
                    [9.1890109, 50.1254233],
                    [9.1887708, 50.1253819],
                    [9.1884175, 50.1249907],
                    [9.1879439, 50.1247008],
                    [9.1878773, 50.1245796],
                    [9.1876281, 50.1244924],
                    [9.1867791, 50.1239622],
                    [9.1864062, 50.1238541],
                    [9.186083, 50.1237998],
                    [9.185482, 50.1238002],
                    [9.1850937, 50.1235097],
                    [9.1846723, 50.1234324],
                    [9.1836743, 50.1230419],
                    [9.1834589, 50.1229925],
                    [9.1829195, 50.1228443],
                    [9.1825974, 50.1227322],
                    [9.181904, 50.1223437],
                    [9.181643, 50.1221665],
                    [9.181079, 50.12167],
                    [9.1798853, 50.1211427],
                    [9.1794678, 50.1211133],
                    [9.1786192, 50.1209629],
                    [9.1780747, 50.1206189],
                    [9.1767928, 50.1197616],
                    [9.176381, 50.1196211],
                    [9.1742055, 50.1193821],
                    [9.174244, 50.1184773],
                    [9.1740607, 50.1183015],
                    [9.1739999, 50.1181982],
                    [9.1737669, 50.1180005],
                    [9.1735494, 50.1177791],
                    [9.1735842, 50.1175462],
                    [9.173542, 50.1174544],
                    [9.17357, 50.1173347],
                    [9.1735099, 50.1172902],
                    [9.1735319, 50.1171965],
                    [9.1735034, 50.1171379],
                    [9.173423, 50.1170381],
                    [9.1733293, 50.116951],
                    [9.1732528, 50.116801],
                    [9.1731988, 50.1167719],
                    [9.1731755, 50.1167203],
                    [9.1732063, 50.1165315],
                    [9.173101, 50.1164341],
                    [9.1730275, 50.1164092],
                    [9.1729684, 50.1161785],
                    [9.1730049, 50.115886],
                    [9.1733979, 50.1154184],
                    [9.1736689, 50.1152123],
                    [9.1740285, 50.1149614],
                    [9.1742818, 50.1147326],
                    [9.1746967, 50.1141944],
                    [9.1747958, 50.1140824]
                ]
            }
        },
        {
            "type": "Feature",
            "id": "way/193773978",
            "properties": {
                "admin_level": "4",
                "boundary": "administrative",
                "source": "Hessische Verwaltung für Bodenmanagement und Geoinformation - Digitale Verwaltungsgrenzen",
                "id": "way/193773978"
            },
            "geometry": {
                "type": "LineString",
                "coordinates": [
                    [9.0715298, 50.1194922],
                    [9.0700673, 50.1188775],
                    [9.0686341, 50.118272],
                    [9.065685, 50.1170446],
                    [9.0642186, 50.1168472],
                    [9.062716, 50.1167027],
                    [9.0601774, 50.1164705],
                    [9.0566692, 50.1165612],
                    [9.0560503, 50.1165522],
                    [9.052995, 50.1156337],
                    [9.0515176, 50.1156485],
                    [9.0500216, 50.1156372],
                    [9.0481737, 50.1157293],
                    [9.0467463, 50.1157136],
                    [9.0446, 50.1152919],
                    [9.0422269, 50.1149382],
                    [9.0365462, 50.1142623]
                ]
            }
        },
        {
            "type": "Feature",
            "id": "way/193773979",
            "properties": {
                "admin_level": "4",
                "boundary": "administrative",
                "source": "Hessische Verwaltung für Bodenmanagement und Geoinformation - Digitale Verwaltungsgrenzen",
                "id": "way/193773979"
            },
            "geometry": {
                "type": "LineString",
                "coordinates": [
                    [9.0212877, 49.9495832],
                    [9.021009, 49.949231],
                    [9.0202143, 49.9481482],
                    [9.0199692, 49.9480478],
                    [9.0190708, 49.946842],
                    [9.0202148, 49.9466187],
                    [9.0249327, 49.9456434],
                    [9.0254306, 49.9456528],
                    [9.0253675, 49.9448423],
                    [9.0254615, 49.9438088],
                    [9.0256065, 49.9431244],
                    [9.02544, 49.9413236],
                    [9.0253748, 49.9406694],
                    [9.0254648, 49.9400919],
                    [9.0256357, 49.9391608],
                    [9.0257286, 49.9387746]
                ]
            }
        },
        {
            "type": "Feature",
            "id": "way/193773980",
            "properties": {
                "admin_level": "4",
                "boundary": "administrative",
                "source": "Hessische Verwaltung für Bodenmanagement und Geoinformation - Digitale Verwaltungsgrenzen",
                "id": "way/193773980"
            },
            "geometry": {
                "type": "LineString",
                "coordinates": [
                    [9.0503093, 49.8662363],
                    [9.0493773, 49.8661109],
                    [9.0479833, 49.8661815],
                    [9.0465042, 49.8663746],
                    [9.0451027, 49.8670578],
                    [9.0435497, 49.8679381],
                    [9.0432917, 49.8676438],
                    [9.0429068, 49.8671832],
                    [9.0421033, 49.8663182],
                    [9.0381714, 49.8655491],
                    [9.0378243, 49.8659252],
                    [9.0366767, 49.8672168],
                    [9.0357948, 49.8670577],
                    [9.0332187, 49.86658],
                    [9.033226, 49.866517],
                    [9.0335061, 49.8657074],
                    [9.033739, 49.8650884],
                    [9.0343415, 49.8638092],
                    [9.0341299, 49.8623439]
                ]
            }
        },
        {
            "type": "Feature",
            "id": "way/193774009",
            "properties": {
                "admin_level": "4",
                "boundary": "administrative",
                "source": "ALKIS Hessen + Shapefiles",
                "id": "way/193774009"
            },
            "geometry": {
                "type": "LineString",
                "coordinates": [
                    [9.1492946, 49.7434444],
                    [9.1491718, 49.7432725],
                    [9.1505795, 49.7426753],
                    [9.1501236, 49.7421851],
                    [9.1497114, 49.7420547],
                    [9.1492946, 49.7418129],
                    [9.1485719, 49.7413554],
                    [9.1482156, 49.7409154],
                    [9.147967, 49.7406762],
                    [9.1478317, 49.7404247],
                    [9.1475477, 49.7401962],
                    [9.1471562, 49.7397619],
                    [9.1462373, 49.7393253],
                    [9.1456155, 49.7388418],
                    [9.1447359, 49.7382941],
                    [9.1442743, 49.7376229],
                    [9.1438177, 49.7369911],
                    [9.1431362, 49.7356657],
                    [9.142738, 49.7348669],
                    [9.1424487, 49.7340536],
                    [9.1424495, 49.7337022],
                    [9.1425659, 49.7333585],
                    [9.1425864, 49.7330399],
                    [9.1423714, 49.7325901],
                    [9.1420923, 49.7321706]
                ]
            }
        },
        {
            "type": "Feature",
            "id": "way/193774063",
            "properties": {
                "admin_level": "4",
                "boundary": "administrative",
                "source": "ALKIS Hessen + Shapefiles",
                "id": "way/193774063"
            },
            "geometry": {
                "type": "LineString",
                "coordinates": [
                    [9.131536, 49.7536153],
                    [9.1317673, 49.7535184],
                    [9.13255, 49.7531835],
                    [9.1349238, 49.7521335],
                    [9.1358105, 49.7517357],
                    [9.1364714, 49.7514332],
                    [9.1380544, 49.750736],
                    [9.139634, 49.7500297],
                    [9.1404067, 49.7496828],
                    [9.1411846, 49.7493271],
                    [9.1427134, 49.7486],
                    [9.1434651, 49.748232],
                    [9.144231, 49.7478483],
                    [9.1449636, 49.7474675],
                    [9.1445844, 49.7467127],
                    [9.1441751, 49.7459219],
                    [9.1437359, 49.7451447],
                    [9.1445091, 49.7444798],
                    [9.1466461, 49.7440064],
                    [9.1471943, 49.7441191],
                    [9.148279, 49.7436668],
                    [9.1492946, 49.7434444]
                ]
            }
        },
        {
            "type": "Feature",
            "id": "way/193774124",
            "properties": {
                "admin_level": "4",
                "boundary": "administrative",
                "source": "ALKIS Hessen + Shapefiles",
                "id": "way/193774124"
            },
            "geometry": {
                "type": "LineString",
                "coordinates": [
                    [9.0875816, 49.798636],
                    [9.0879761, 49.7980488],
                    [9.0883556, 49.797458],
                    [9.0894622, 49.7966722],
                    [9.0903315, 49.7960306],
                    [9.0904789, 49.7955738],
                    [9.0904688, 49.7946487],
                    [9.0901596, 49.7934259],
                    [9.0902575, 49.7924559],
                    [9.0904037, 49.7915465],
                    [9.0906194, 49.7907479],
                    [9.0915933, 49.7905271],
                    [9.0927956, 49.7902644],
                    [9.094284, 49.7900754],
                    [9.0956463, 49.7912855],
                    [9.0966974, 49.792087],
                    [9.0989021, 49.7928459],
                    [9.100019, 49.7931802],
                    [9.1010064, 49.7935571]
                ]
            }
        },
        {
            "type": "Feature",
            "id": "way/193774139",
            "properties": {
                "admin_level": "4",
                "boundary": "administrative",
                "source": "Hessische Verwaltung für Bodenmanagement und Geoinformation - Digitale Verwaltungsgrenzen",
                "id": "way/193774139"
            },
            "geometry": {
                "type": "LineString",
                "coordinates": [
                    [9.0098714, 50.1056692],
                    [9.0098673, 50.1056667],
                    [9.0091046, 50.1051918],
                    [9.0070882, 50.1023956],
                    [9.0045522, 50.0991305],
                    [9.0038953, 50.0983154],
                    [9.0029237, 50.0974482]
                ]
            }
        },
        {
            "type": "Feature",
            "id": "way/193774141",
            "properties": {
                "admin_level": "4",
                "boundary": "administrative",
                "source": "Hessische Verwaltung für Bodenmanagement und Geoinformation - Digitale Verwaltungsgrenzen",
                "id": "way/193774141"
            },
            "geometry": {
                "type": "LineString",
                "coordinates": [
                    [9.1942575, 50.1386453],
                    [9.1940326, 50.1385835],
                    [9.1937847, 50.1385223],
                    [9.1936405, 50.1384972],
                    [9.1933585, 50.1384644],
                    [9.1933417, 50.1384932],
                    [9.1933851, 50.1385502],
                    [9.1933756, 50.1385709],
                    [9.1932562, 50.1386246],
                    [9.1932443, 50.1386494],
                    [9.1931708, 50.1386895],
                    [9.1930848, 50.1386819],
                    [9.1930588, 50.1386931],
                    [9.1929859, 50.1386953],
                    [9.1928709, 50.1386538],
                    [9.1927655, 50.1386333],
                    [9.1927308, 50.1386579],
                    [9.1927565, 50.1386739],
                    [9.192743, 50.1386872],
                    [9.1925983, 50.1387301],
                    [9.1925065, 50.1386922],
                    [9.1924438, 50.1387461],
                    [9.1924004, 50.138755],
                    [9.1923012, 50.1387376],
                    [9.1922142, 50.1387537],
                    [9.1921511, 50.1387479],
                    [9.1920347, 50.1386993],
                    [9.1917525, 50.1387172],
                    [9.1917208, 50.1385804],
                    [9.1916939, 50.1385574],
                    [9.1916749, 50.1385225],
                    [9.1916797, 50.1384947],
                    [9.1916228, 50.1384911],
                    [9.1915112, 50.1384954],
                    [9.1913453, 50.1385162],
                    [9.1912713, 50.1385449],
                    [9.1912155, 50.1385514],
                    [9.1911645, 50.1385778],
                    [9.1910882, 50.1384909],
                    [9.1909927, 50.1384829],
                    [9.190959, 50.1384662],
                    [9.1908248, 50.1384395],
                    [9.190705, 50.1384632],
                    [9.190653, 50.1384414],
                    [9.1903771, 50.1384358],
                    [9.190208, 50.1384387],
                    [9.1900536, 50.1384494],
                    [9.1900046, 50.138438],
                    [9.1889445, 50.1385787],
                    [9.1889395, 50.138571],
                    [9.1888006, 50.1385637],
                    [9.1887686, 50.1385784],
                    [9.188659, 50.1385676],
                    [9.1885231, 50.1385018],
                    [9.1884121, 50.1384798],
                    [9.1883938, 50.138437],
                    [9.1883076, 50.1384445],
                    [9.1882625, 50.1384822],
                    [9.188217, 50.1385476],
                    [9.1881621, 50.1385127],
                    [9.1881357, 50.1385134],
                    [9.1879693, 50.1385457],
                    [9.1878775, 50.1384892],
                    [9.1878377, 50.1384918],
                    [9.1877693, 50.1385238],
                    [9.187724, 50.1385213],
                    [9.1876694, 50.1384848],
                    [9.1874537, 50.1384294],
                    [9.1873989, 50.1384394],
                    [9.1873735, 50.1384403],
                    [9.1873048, 50.1384207],
                    [9.187257, 50.1384017],
                    [9.1872345, 50.1383687],
                    [9.1871945, 50.1383677],
                    [9.1871248, 50.1383257],
                    [9.1870817, 50.1383273],
                    [9.1869948, 50.1382854],
                    [9.1868846, 50.1382693],
                    [9.1868241, 50.1382401],
                    [9.1866961, 50.1382285],
                    [9.1866171, 50.138209],
                    [9.1865274, 50.1382017],
                    [9.1864493, 50.1381862],
                    [9.1863574, 50.1381841],
                    [9.1862239, 50.1381726],
                    [9.1858803, 50.1381736],
                    [9.1856628, 50.138192],
                    [9.1854783, 50.1381939],
                    [9.1853224, 50.1381573],
                    [9.1851593, 50.1381064],
                    [9.1851628, 50.1380567],
                    [9.1851173, 50.1380446],
                    [9.1850816, 50.1380016],
                    [9.1850175, 50.1380136],
                    [9.1848889, 50.1381054],
                    [9.1848296, 50.1381153],
                    [9.1846743, 50.1381056],
                    [9.1846212, 50.1381172],
                    [9.1845679, 50.1381113],
                    [9.1845291, 50.1381342],
                    [9.1845226, 50.138152],
                    [9.1844558, 50.1381785],
                    [9.184406, 50.1381576],
                    [9.1843514, 50.1381655],
                    [9.1842557, 50.1381542],
                    [9.1841325, 50.1381721],
                    [9.1841222, 50.138167],
                    [9.1841111, 50.138145],
                    [9.1840556, 50.138119],
                    [9.1839395, 50.1381485],
                    [9.1838834, 50.1381528],
                    [9.1837968, 50.1381469],
                    [9.18372, 50.138091],
                    [9.1836538, 50.1380532],
                    [9.1834743, 50.1380422],
                    [9.1834522, 50.1380094],
                    [9.1834059, 50.1379949],
                    [9.1833563, 50.1380206],
                    [9.1833237, 50.1380155],
                    [9.1831829, 50.1380091],
                    [9.1831677, 50.1380008],
                    [9.1831896, 50.1379683],
                    [9.1831326, 50.1378643],
                    [9.1830878, 50.1378018],
                    [9.1830563, 50.1377725],
                    [9.1830489, 50.1377505],
                    [9.1830493, 50.1377273],
                    [9.1829663, 50.137373],
                    [9.1829997, 50.1373643],
                    [9.1829981, 50.1373015],
                    [9.1838423, 50.1371698],
                    [9.1839178, 50.1369356]
                ]
            }
        },
        {
            "type": "Feature",
            "id": "way/193774143",
            "properties": {
                "admin_level": "4",
                "boundary": "administrative",
                "source": "Hessische Verwaltung für Bodenmanagement und Geoinformation - Digitale Verwaltungsgrenzen",
                "id": "way/193774143"
            },
            "geometry": {
                "type": "LineString",
                "coordinates": [
                    [9.0341299, 49.8623439],
                    [9.0340604, 49.8619425],
                    [9.0337883, 49.8604041],
                    [9.0354791, 49.8591635],
                    [9.038122, 49.8574173],
                    [9.0411095, 49.8567684],
                    [9.0424865, 49.8559293],
                    [9.0437326, 49.8554891],
                    [9.0427539, 49.854391],
                    [9.0425137, 49.8530259],
                    [9.0426841, 49.8523858],
                    [9.0430727, 49.8510039],
                    [9.0431861, 49.8500832],
                    [9.0424403, 49.8498229],
                    [9.0417541, 49.8493737],
                    [9.04118, 49.8489117],
                    [9.0406175, 49.8473545],
                    [9.0404758, 49.8473161],
                    [9.0395937, 49.8471663],
                    [9.0385344, 49.847206],
                    [9.0375435, 49.8470039],
                    [9.0367938, 49.846659],
                    [9.0361215, 49.846382]
                ]
            }
        },
        {
            "type": "Feature",
            "id": "way/193774181",
            "properties": {
                "admin_level": "4",
                "boundary": "administrative",
                "source": "Hessische Verwaltung für Bodenmanagement und Geoinformation - Digitale Verwaltungsgrenzen",
                "id": "way/193774181"
            },
            "geometry": {
                "type": "LineString",
                "coordinates": [
                    [8.9815909, 50.0555679],
                    [8.9810069, 50.0553023],
                    [8.9803651, 50.0550098],
                    [8.9796117, 50.0546399],
                    [8.9788476, 50.0541815],
                    [8.9783922, 50.0538139],
                    [8.9778724, 50.0533285],
                    [8.9773041, 50.0527498],
                    [8.9767251, 50.0521098],
                    [8.9765611, 50.051631],
                    [8.9763654, 50.0506546],
                    [8.9763851, 50.0498277],
                    [8.9769284, 50.0476605],
                    [8.9770683, 50.0472418],
                    [8.977217, 50.0469166],
                    [8.977438, 50.0465098],
                    [8.9777296, 50.0460561],
                    [8.977845, 50.0459011],
                    [8.9780176, 50.0457138],
                    [8.9782531, 50.0454915],
                    [8.9787681, 50.0450502],
                    [8.979124, 50.04477],
                    [8.9796059, 50.0444153],
                    [8.9799845, 50.0441088],
                    [8.9801494, 50.0439861],
                    [8.9802901, 50.0439],
                    [8.9805661, 50.043751],
                    [8.9815057, 50.0432251],
                    [8.9820255, 50.0429672],
                    [8.982166, 50.0429014],
                    [8.9827243, 50.04266],
                    [8.9830041, 50.0425499],
                    [8.9835849, 50.0423105],
                    [8.9842046, 50.0420909],
                    [8.9845694, 50.041981],
                    [8.9855275, 50.0417579],
                    [8.9862181, 50.0416392],
                    [8.9864363, 50.0416071],
                    [8.9868024, 50.0415714],
                    [8.9875349, 50.0415373],
                    [8.9889527, 50.0415665],
                    [8.9897803, 50.0416202],
                    [8.9903444, 50.0416913]
                ]
            }
        },
        {
            "type": "Feature",
            "id": "way/193774312",
            "properties": {
                "admin_level": "4",
                "boundary": "administrative",
                "source": "ALKIS Hessen + Shapefiles",
                "id": "way/193774312"
            },
            "geometry": {
                "type": "LineString",
                "coordinates": [
                    [9.1272963, 49.7067188],
                    [9.1273353, 49.7059115],
                    [9.1273666, 49.7055747],
                    [9.1274518, 49.7048602],
                    [9.1280027, 49.7025367],
                    [9.1279576, 49.7022709],
                    [9.1277734, 49.70204],
                    [9.1276817, 49.7009979],
                    [9.1279274, 49.7007184],
                    [9.1277228, 49.7003472],
                    [9.1268197, 49.7002213],
                    [9.1254923, 49.6997438],
                    [9.1247686, 49.699672],
                    [9.1237458, 49.6994062],
                    [9.1222699, 49.6988098],
                    [9.1220015, 49.6986107],
                    [9.1211025, 49.6985506],
                    [9.1202984, 49.6982757],
                    [9.1192026, 49.6980043],
                    [9.1185028, 49.6980491],
                    [9.1182148, 49.6978221],
                    [9.1178488, 49.698026],
                    [9.1170817, 49.6978153],
                    [9.1166439, 49.6978042],
                    [9.1162438, 49.6975501],
                    [9.1159393, 49.6977542],
                    [9.1155692, 49.6975517],
                    [9.1150747, 49.6976937],
                    [9.1148039, 49.6976175],
                    [9.1141788, 49.697654],
                    [9.1139757, 49.6977646],
                    [9.1135605, 49.6976676],
                    [9.1131407, 49.6978635],
                    [9.1128462, 49.6977434],
                    [9.1120865, 49.6978749],
                    [9.111951, 49.6977751],
                    [9.1112872, 49.6977682],
                    [9.1108469, 49.697647],
                    [9.1102093, 49.697556],
                    [9.1085131, 49.6972958],
                    [9.1070712, 49.697138],
                    [9.1059927, 49.6970851],
                    [9.1058929, 49.6970407]
                ]
            }
        },
        {
            "type": "Feature",
            "id": "way/193774338",
            "properties": {
                "admin_level": "4",
                "boundary": "administrative",
                "source": "Hessische Verwaltung für Bodenmanagement und Geoinformation - Digitale Verwaltungsgrenzen",
                "id": "way/193774338"
            },
            "geometry": {
                "type": "LineString",
                "coordinates": [
                    [8.9914287, 50.0683631],
                    [8.9913326, 50.0679863],
                    [8.9912177, 50.0675652],
                    [8.9909282, 50.0668977],
                    [8.9907446, 50.0665288],
                    [8.9903332, 50.0658954],
                    [8.9897686, 50.0651343],
                    [8.9891606, 50.0644283],
                    [8.9880531, 50.0631563]
                ]
            }
        },
        {
            "type": "Feature",
            "id": "way/193774340",
            "properties": {
                "admin_level": "4",
                "boundary": "administrative",
                "source": "Hessische Verwaltung für Bodenmanagement und Geoinformation - Digitale Verwaltungsgrenzen",
                "id": "way/193774340"
            },
            "geometry": {
                "type": "LineString",
                "coordinates": [
                    [9.0214438, 49.9702913],
                    [9.0215291, 49.9699534],
                    [9.0216404, 49.9688197],
                    [9.021875, 49.9677369],
                    [9.0222555, 49.9672836],
                    [9.0227058, 49.9667614],
                    [9.0232315, 49.9656665],
                    [9.0235625, 49.9646019],
                    [9.0236084, 49.9640145],
                    [9.0237077, 49.9635219],
                    [9.0238108, 49.9626996],
                    [9.0239101, 49.9621064],
                    [9.0237724, 49.9613327],
                    [9.0236751, 49.9603604],
                    [9.0241402, 49.9586032],
                    [9.0244508, 49.9580875],
                    [9.0249303, 49.9572314],
                    [9.0252941, 49.9565588],
                    [9.0258484, 49.9556378],
                    [9.0261424, 49.9553992],
                    [9.0264979, 49.9552523],
                    [9.0266203, 49.9551492]
                ]
            }
        },
        {
            "type": "Feature",
            "id": "way/193774342",
            "properties": {
                "admin_level": "4",
                "boundary": "administrative",
                "source": "ALKIS Hessen + Shapefiles",
                "id": "way/193774342"
            },
            "geometry": {
                "type": "LineString",
                "coordinates": [
                    [9.1390873, 49.7268636],
                    [9.1387591, 49.7264863],
                    [9.1380659, 49.7261075],
                    [9.1374476, 49.7257512],
                    [9.1369053, 49.7253455],
                    [9.1365586, 49.7249464],
                    [9.1364565, 49.7244873],
                    [9.1361024, 49.7240863],
                    [9.1361983, 49.7235528],
                    [9.1360608, 49.7229492],
                    [9.1359943, 49.7224526],
                    [9.1357208, 49.7219052],
                    [9.1359307, 49.7213897],
                    [9.1356349, 49.7208599],
                    [9.1357961, 49.7202663],
                    [9.1353957, 49.7197828],
                    [9.1356915, 49.7192719],
                    [9.1354846, 49.7187458],
                    [9.1355519, 49.7184293],
                    [9.1353214, 49.7180986],
                    [9.1350557, 49.7173506],
                    [9.1347935, 49.7168631],
                    [9.134642, 49.7163836],
                    [9.1339761, 49.7158908],
                    [9.1336359, 49.7156859],
                    [9.1315499, 49.7146295],
                    [9.1306673, 49.7146255],
                    [9.1298563, 49.7146314],
                    [9.1279423, 49.7146217],
                    [9.1231209, 49.7146316],
                    [9.1212298, 49.7146401],
                    [9.121201, 49.7144531],
                    [9.1212814, 49.7142075],
                    [9.1216831, 49.7139179],
                    [9.1218728, 49.7137657],
                    [9.1218429, 49.7135539],
                    [9.1218724, 49.7134102],
                    [9.1215723, 49.7129365],
                    [9.1217979, 49.7127648],
                    [9.1217983, 49.7125316],
                    [9.1216521, 49.7117796],
                    [9.121682, 49.7112688],
                    [9.1219589, 49.7108578],
                    [9.121961, 49.7107571],
                    [9.1219242, 49.7106529],
                    [9.1217933, 49.7102184],
                    [9.1220951, 49.7099504],
                    [9.1221153, 49.709795],
                    [9.1222294, 49.7095897],
                    [9.1223235, 49.7091838],
                    [9.122459, 49.709051],
                    [9.1232225, 49.7088224],
                    [9.1233853, 49.7084894],
                    [9.1234705, 49.7077944],
                    [9.1234477, 49.7072261],
                    [9.1235938, 49.707198],
                    [9.1237626, 49.7064131],
                    [9.1238796, 49.7064073],
                    [9.1253845, 49.706549],
                    [9.1263798, 49.7066397],
                    [9.1272963, 49.7067188]
                ]
            }
        },
        {
            "type": "Feature",
            "id": "way/193774347",
            "properties": {
                "admin_level": "4",
                "boundary": "administrative",
                "source": "ALKIS Hessen + Shapefiles",
                "id": "way/193774347"
            },
            "geometry": {
                "type": "LineString",
                "coordinates": [
                    [9.0664827, 49.6023224],
                    [9.0665331, 49.6023137],
                    [9.0679486, 49.6023114],
                    [9.06931, 49.6019918],
                    [9.0704606, 49.6015378],
                    [9.0711711, 49.6013059],
                    [9.0718599, 49.6010866],
                    [9.072496, 49.6009753],
                    [9.0740625, 49.6006762],
                    [9.0753223, 49.6008312],
                    [9.0766122, 49.6010481],
                    [9.0772734, 49.6011831],
                    [9.0780251, 49.6013312],
                    [9.0787461, 49.6014585],
                    [9.0794065, 49.6015724],
                    [9.0800889, 49.6016619],
                    [9.0807651, 49.6017445],
                    [9.081979, 49.601723],
                    [9.0825837, 49.6017541],
                    [9.0831602, 49.6017924],
                    [9.0844661, 49.6008994],
                    [9.0847678, 49.6004869],
                    [9.0850264, 49.6001192],
                    [9.0858931, 49.599264],
                    [9.087011, 49.5983675],
                    [9.0878649, 49.5975388]
                ]
            }
        },
        {
            "type": "Feature",
            "id": "way/193774396",
            "properties": {
                "admin_level": "4",
                "boundary": "administrative",
                "source": "Hessische Verwaltung für Bodenmanagement und Geoinformation - Digitale Verwaltungsgrenzen",
                "id": "way/193774396"
            },
            "geometry": {
                "type": "LineString",
                "coordinates": [
                    [8.9880531, 50.0631563],
                    [8.9871668, 50.0622111],
                    [8.9858877, 50.0607068],
                    [8.9850151, 50.0594962],
                    [8.9843077, 50.05856],
                    [8.9839211, 50.0579989],
                    [8.9829822, 50.0567634],
                    [8.982686, 50.0564405],
                    [8.9821059, 50.0559114],
                    [8.9818465, 50.0557472],
                    [8.9815909, 50.0555679]
                ]
            }
        },
        {
            "type": "Feature",
            "id": "way/193774398",
            "properties": {
                "admin_level": "4",
                "boundary": "administrative",
                "source": "ALKIS Hessen + Shapefiles",
                "id": "way/193774398"
            },
            "geometry": {
                "type": "LineString",
                "coordinates": [
                    [9.1277299, 49.7552381],
                    [9.1293617, 49.754537],
                    [9.131536, 49.7536153]
                ]
            }
        },
        {
            "type": "Feature",
            "id": "way/193774449",
            "properties": {
                "admin_level": "4",
                "boundary": "administrative",
                "source": "Hessische Verwaltung für Bodenmanagement und Geoinformation - Digitale Verwaltungsgrenzen",
                "id": "way/193774449"
            },
            "geometry": {
                "type": "LineString",
                "coordinates": [
                    [9.1839178, 50.1369356],
                    [9.1835872, 50.1363974],
                    [9.1834929, 50.1361585],
                    [9.1836626, 50.1359519],
                    [9.183964, 50.1358877],
                    [9.1843764, 50.1357062],
                    [9.184477, 50.1355093],
                    [9.1841934, 50.1352897],
                    [9.1843427, 50.1352543],
                    [9.1844927, 50.1351447],
                    [9.1846557, 50.1351286],
                    [9.1847517, 50.1350815],
                    [9.1847406, 50.1350369],
                    [9.1846979, 50.1349686],
                    [9.1847648, 50.1349619],
                    [9.1849441, 50.134973],
                    [9.1849841, 50.1349383],
                    [9.1849867, 50.1349053],
                    [9.1850461, 50.1348678],
                    [9.1850763, 50.1348863],
                    [9.1850914, 50.1348658],
                    [9.185084, 50.1348268],
                    [9.1851492, 50.1347428],
                    [9.1851924, 50.1347169],
                    [9.1851546, 50.1346837],
                    [9.1852102, 50.1346306],
                    [9.1851769, 50.1346313],
                    [9.1851747, 50.1345884],
                    [9.1851125, 50.1345701],
                    [9.1852268, 50.1345193],
                    [9.1852905, 50.1345108],
                    [9.1853004, 50.1344892],
                    [9.1852243, 50.1344693],
                    [9.1851826, 50.1344702],
                    [9.1851557, 50.134435],
                    [9.1851652, 50.1344026],
                    [9.1851606, 50.1343132],
                    [9.1851421, 50.1342778],
                    [9.1851577, 50.134256],
                    [9.1851047, 50.1341998],
                    [9.1850899, 50.1341286],
                    [9.1852372, 50.1340682],
                    [9.1852245, 50.1340399],
                    [9.1853059, 50.1339952],
                    [9.1851933, 50.1339725],
                    [9.1851188, 50.1339312],
                    [9.185111, 50.1338848],
                    [9.184984, 50.1337981],
                    [9.1849833, 50.1337837],
                    [9.1850882, 50.1337672],
                    [9.1851201, 50.133738],
                    [9.1851106, 50.1337166],
                    [9.1851283, 50.1336805],
                    [9.1851851, 50.1336471],
                    [9.1851945, 50.1335574],
                    [9.1851325, 50.1335445],
                    [9.1851573, 50.1334866],
                    [9.1852018, 50.1334857],
                    [9.1852085, 50.1335071],
                    [9.1852308, 50.1335066],
                    [9.1852646, 50.1334057],
                    [9.1852118, 50.1333531],
                    [9.1851785, 50.1333538],
                    [9.1852029, 50.1332889],
                    [9.1851565, 50.1332505],
                    [9.185124, 50.133269],
                    [9.1850832, 50.1332341],
                    [9.1851046, 50.1332158],
                    [9.1851491, 50.1332149],
                    [9.1851889, 50.1332319],
                    [9.1852168, 50.1332313],
                    [9.1851781, 50.1331297],
                    [9.1852124, 50.1330834],
                    [9.1852599, 50.1330436],
                    [9.1854429, 50.1329847],
                    [9.1854091, 50.1329364],
                    [9.1853414, 50.1329166],
                    [9.1854035, 50.1328704],
                    [9.1854124, 50.132816],
                    [9.1854667, 50.1328294],
                    [9.1855685, 50.1328796],
                    [9.185633, 50.1328256],
                    [9.185716, 50.1328032],
                    [9.1856585, 50.1327748],
                    [9.1856404, 50.132784],
                    [9.1856095, 50.1327688],
                    [9.1856288, 50.1327467],
                    [9.1857585, 50.1327096],
                    [9.1858077, 50.1326856],
                    [9.1858461, 50.1326913],
                    [9.1858639, 50.1327096],
                    [9.1858403, 50.1327191],
                    [9.185855, 50.1327343],
                    [9.1859297, 50.1327297],
                    [9.1860013, 50.1326882],
                    [9.186028, 50.1326141],
                    [9.1860806, 50.132614],
                    [9.1860912, 50.1325844],
                    [9.1860451, 50.1325775],
                    [9.1860273, 50.1325592],
                    [9.186031, 50.1325154],
                    [9.1860718, 50.1325033],
                    [9.1860985, 50.1325307],
                    [9.1861742, 50.1325002],
                    [9.186182, 50.1324336],
                    [9.186237, 50.1323818],
                    [9.1863003, 50.13242],
                    [9.1863317, 50.1324116],
                    [9.1863707, 50.1323705],
                    [9.1864945, 50.1323081],
                    [9.186498, 50.1322643],
                    [9.1865892, 50.1322362],
                    [9.1866153, 50.1322426],
                    [9.1866129, 50.1322605],
                    [9.1866543, 50.1323031],
                    [9.1867141, 50.132258],
                    [9.1867391, 50.132257],
                    [9.1867864, 50.13231],
                    [9.186999, 50.1322523],
                    [9.1870273, 50.1322045],
                    [9.1870216, 50.1321694],
                    [9.1869689, 50.1321391],
                    [9.1869772, 50.1321195],
                    [9.1869494, 50.1321173],
                    [9.186984, 50.1320838],
                    [9.1870388, 50.1320801],
                    [9.187113, 50.1321273],
                    [9.1871753, 50.1320381],
                    [9.1872403, 50.1320099],
                    [9.1872906, 50.1320122],
                    [9.1873295, 50.1320557],
                    [9.1873764, 50.1320757],
                    [9.1875099, 50.1319726],
                    [9.1876894, 50.1319354],
                    [9.187781, 50.1319513],
                    [9.1878163, 50.1319278],
                    [9.1878106, 50.1318745],
                    [9.1878419, 50.131864],
                    [9.187893, 50.1318608],
                    [9.1879075, 50.13182],
                    [9.1878333, 50.1317245],
                    [9.1878563, 50.1317039],
                    [9.187971, 50.1317099],
                    [9.1880569, 50.1316834],
                    [9.1881063, 50.1316244],
                    [9.1881934, 50.1316333],
                    [9.1881826, 50.1315422],
                    [9.1882297, 50.1315365],
                    [9.1883023, 50.1314619],
                    [9.1883613, 50.1314534],
                    [9.1883198, 50.1313931],
                    [9.188348, 50.1313742],
                    [9.1883797, 50.1313788],
                    [9.1884003, 50.1314064],
                    [9.1884982, 50.1314198],
                    [9.1885374, 50.1313924],
                    [9.1884755, 50.1312852],
                    [9.1885801, 50.1312779],
                    [9.1886248, 50.1312175],
                    [9.1886491, 50.1311472],
                    [9.1886822, 50.1311498],
                    [9.1887012, 50.131108],
                    [9.1886528, 50.1310971],
                    [9.1886195, 50.1310945],
                    [9.1885985, 50.1310568],
                    [9.1886288, 50.1310447],
                    [9.1886562, 50.131018],
                    [9.1886632, 50.1309955]
                ]
            }
        },
        {
            "type": "Feature",
            "id": "way/193774485",
            "properties": {
                "admin_level": "4",
                "boundary": "administrative",
                "source": "ALKIS Hessen + Shapefiles",
                "id": "way/193774485"
            },
            "geometry": {
                "type": "LineString",
                "coordinates": [
                    [9.0896464, 49.6931719],
                    [9.0889157, 49.6916832],
                    [9.0883799, 49.6906203],
                    [9.0883583, 49.6905596],
                    [9.0882223, 49.6902871],
                    [9.0881057, 49.689294],
                    [9.0879699, 49.6881369],
                    [9.0879642, 49.6880895],
                    [9.0883727, 49.6859719],
                    [9.0884044, 49.6858075],
                    [9.0882798, 49.6835841],
                    [9.089095, 49.6814585],
                    [9.0891638, 49.6812795],
                    [9.0892371, 49.6800073],
                    [9.0893028, 49.6788635],
                    [9.0893251, 49.6786499]
                ]
            }
        },
        {
            "type": "Feature",
            "id": "way/193774491",
            "properties": {
                "admin_level": "4",
                "boundary": "administrative",
                "source": "Hessische Verwaltung für Bodenmanagement und Geoinformation - Digitale Verwaltungsgrenzen",
                "id": "way/193774491"
            },
            "geometry": {
                "type": "LineString",
                "coordinates": [
                    [9.0394453, 50.0103657],
                    [9.0387965, 50.0100184],
                    [9.0389182, 50.0097853],
                    [9.0389133, 50.0095786],
                    [9.039096, 50.0090858],
                    [9.0386266, 50.0087674],
                    [9.0378896, 50.0083766],
                    [9.0377915, 50.0082665],
                    [9.0373484, 50.0080228],
                    [9.0370073, 50.0078092],
                    [9.0368354, 50.007732],
                    [9.036554, 50.0076686],
                    [9.0359592, 50.007348],
                    [9.0356227, 50.006918],
                    [9.0350371, 50.0063944],
                    [9.0359863, 50.0057337],
                    [9.0354762, 50.0052312],
                    [9.0353893, 50.0048465],
                    [9.0352128, 50.004329],
                    [9.035436, 50.0038805],
                    [9.0357936, 50.0037117],
                    [9.036211, 50.0033026],
                    [9.0363476, 50.0026917],
                    [9.0366563, 50.002322],
                    [9.0366127, 50.001819],
                    [9.0369476, 50.0015587],
                    [9.0373412, 50.000844],
                    [9.0380611, 50.0001839],
                    [9.0384931, 50.0003083],
                    [9.039919, 49.9999969],
                    [9.0403369, 49.9995684],
                    [9.040545, 49.9994686],
                    [9.0408186, 49.9992396],
                    [9.041649, 49.9989657],
                    [9.0420235, 49.9989907],
                    [9.0425145, 49.9988376],
                    [9.0433162, 49.9986684],
                    [9.0441277, 49.9984856],
                    [9.0452812, 49.9982636],
                    [9.0465322, 49.9986206],
                    [9.0478358, 49.9977708],
                    [9.0481155, 49.9975936],
                    [9.0492899, 49.9968158],
                    [9.0500485, 49.9963195],
                    [9.0502926, 49.9961341],
                    [9.0508291, 49.9955142],
                    [9.0510956, 49.994618],
                    [9.0513656, 49.9930525],
                    [9.0503701, 49.9921102],
                    [9.0492889, 49.9911255],
                    [9.0471513, 49.9899534],
                    [9.0463362, 49.9891648],
                    [9.0451706, 49.9880527],
                    [9.0429627, 49.9879937],
                    [9.0414587, 49.9880175],
                    [9.0394319, 49.9881491],
                    [9.0381739, 49.9882356],
                    [9.0381526, 49.9881716],
                    [9.0363491, 49.9882663],
                    [9.0311481, 49.9885564],
                    [9.0299213, 49.9915807],
                    [9.0295623, 49.9924879],
                    [9.028904, 49.9930659],
                    [9.0284163, 49.9934624],
                    [9.0256783, 49.9954627],
                    [9.0246461, 49.996204],
                    [9.0229075, 49.9970284],
                    [9.0220328, 49.9961297],
                    [9.020992, 49.9954906],
                    [9.019973, 49.9948187]
                ]
            }
        },
        {
            "type": "Feature",
            "id": "way/193803832",
            "properties": {
                "admin_level": "4",
                "boundary": "administrative",
                "source": "Hessische Verwaltung für Bodenmanagement und Geoinformation - Digitale Verwaltungsgrenzen",
                "id": "way/193803832"
            },
            "geometry": {
                "type": "LineString",
                "coordinates": [
                    [9.2811572, 50.1417502],
                    [9.2803511, 50.1418402],
                    [9.2793511, 50.1419587],
                    [9.2765365, 50.1426526],
                    [9.2749493, 50.142712],
                    [9.2740094, 50.1427417],
                    [9.2733058, 50.142618]
                ]
            }
        },
        {
            "type": "Feature",
            "id": "way/193803833",
            "properties": {
                "admin_level": "4",
                "boundary": "administrative",
                "source": "Hessische Verwaltung für Bodenmanagement und Geoinformation - Digitale Verwaltungsgrenzen",
                "id": "way/193803833"
            },
            "geometry": {
                "type": "LineString",
                "coordinates": [
                    [9.2600408, 50.1387797],
                    [9.2592898, 50.1386045],
                    [9.2551628, 50.1391219],
                    [9.2531449, 50.139388],
                    [9.2526683, 50.1396608],
                    [9.2523168, 50.1399397],
                    [9.2514028, 50.1407039],
                    [9.248054, 50.1417159],
                    [9.2471918, 50.1419531],
                    [9.2463714, 50.142232],
                    [9.2453688, 50.1425532],
                    [9.2439714, 50.1429923],
                    [9.2423359, 50.1433452],
                    [9.2415789, 50.1435125],
                    [9.240845, 50.1438444],
                    [9.2402629, 50.1441076],
                    [9.2386242, 50.1448555],
                    [9.2371488, 50.1456207],
                    [9.2361399, 50.1461563],
                    [9.2358536, 50.1462147]
                ]
            }
        },
        {
            "type": "Feature",
            "id": "way/193839710",
            "properties": {
                "admin_level": "4",
                "boundary": "administrative",
                "source": "Hessische Verwaltung für Bodenmanagement und Geoinformation - Digitale Verwaltungsgrenzen",
                "id": "way/193839710"
            },
            "geometry": {
                "type": "LineString",
                "coordinates": [
                    [9.3211763, 50.139316],
                    [9.3207741, 50.1389467],
                    [9.3202953, 50.1387096],
                    [9.3197052, 50.138195],
                    [9.3182608, 50.1369795],
                    [9.3161797, 50.1358935],
                    [9.3143572, 50.1351431],
                    [9.3136861, 50.1349415]
                ]
            }
        },
        {
            "type": "Feature",
            "id": "way/194498353",
            "properties": {
                "admin_level": "4",
                "boundary": "administrative",
                "source": "Hessische Verwaltung für Bodenmanagement und Geoinformation - Digitale Verwaltungsgrenzen",
                "id": "way/194498353"
            },
            "geometry": {
                "type": "LineString",
                "coordinates": [
                    [9.1224011, 50.1253329],
                    [9.1220887, 50.1255091],
                    [9.1210126, 50.1260416],
                    [9.1198231, 50.1263739],
                    [9.1188005, 50.1265658],
                    [9.1185159, 50.1266162],
                    [9.1171849, 50.1266144],
                    [9.1159179, 50.1265318],
                    [9.114636, 50.1264362],
                    [9.1142632, 50.1263633],
                    [9.1132589, 50.1264366],
                    [9.1121583, 50.1263365],
                    [9.1111207, 50.1262054],
                    [9.1099391, 50.1260032],
                    [9.1088246, 50.1257754],
                    [9.1074758, 50.1255209],
                    [9.106163, 50.1252417],
                    [9.1039809, 50.1251187],
                    [9.1015845, 50.1249992],
                    [9.1005919, 50.1251297],
                    [9.0995693, 50.1251042],
                    [9.0984294, 50.1252039],
                    [9.0973546, 50.1249328],
                    [9.0963344, 50.1231704],
                    [9.0950975, 50.1210507],
                    [9.0945697, 50.1201156],
                    [9.0939062, 50.1201142],
                    [9.0928366, 50.1201545],
                    [9.0925053, 50.1194196],
                    [9.092101, 50.1187783],
                    [9.0916908, 50.1183659],
                    [9.0911875, 50.1180789],
                    [9.0901684, 50.1176561],
                    [9.089838, 50.1174386]
                ]
            }
        },
        {
            "type": "Feature",
            "id": "way/194498367",
            "properties": {
                "admin_level": "4",
                "boundary": "administrative",
                "source": "Hessische Verwaltung für Bodenmanagement und Geoinformation - Digitale Verwaltungsgrenzen",
                "id": "way/194498367"
            },
            "geometry": {
                "type": "LineString",
                "coordinates": [
                    [9.0365462, 50.1142623],
                    [9.0297731, 50.1126052]
                ]
            }
        },
        {
            "type": "Feature",
            "id": "way/194685644",
            "properties": {
                "admin_level": "4",
                "boundary": "administrative",
                "source": "Hessische Verwaltung für Bodenmanagement und Geoinformation - Digitale Verwaltungsgrenzen",
                "id": "way/194685644"
            },
            "geometry": {
                "type": "LineString",
                "coordinates": [
                    [9.0141627, 49.9913827],
                    [9.0141706, 49.991373],
                    [9.0143798, 49.9907185],
                    [9.0150116, 49.9897072],
                    [9.0156382, 49.9892559],
                    [9.016419, 49.988446],
                    [9.0170752, 49.9879835],
                    [9.0179799, 49.9874942],
                    [9.0186707, 49.9872663],
                    [9.0191323, 49.9870949],
                    [9.0196245, 49.9866457],
                    [9.0200877, 49.9854078],
                    [9.0200623, 49.9847453],
                    [9.0205729, 49.9836061],
                    [9.0204817, 49.9830819],
                    [9.0200133, 49.9819206],
                    [9.0200806, 49.9814711]
                ]
            }
        },
        {
            "type": "Feature",
            "id": "way/194685645",
            "properties": {
                "admin_level": "4",
                "boundary": "administrative",
                "source": "Hessische Verwaltung für Bodenmanagement und Geoinformation - Digitale Verwaltungsgrenzen",
                "id": "way/194685645"
            },
            "geometry": {
                "type": "LineString",
                "coordinates": [
                    [9.1625047, 50.0982273],
                    [9.1617777, 50.0974492],
                    [9.1612262, 50.0972965],
                    [9.1605568, 50.0973097],
                    [9.1602667, 50.0972691],
                    [9.1599721, 50.0971371],
                    [9.1598278, 50.0970058],
                    [9.1597906, 50.0968559],
                    [9.159819, 50.096455],
                    [9.1597494, 50.0958416],
                    [9.1595828, 50.0954194],
                    [9.1593971, 50.0952875],
                    [9.1589798, 50.0951633],
                    [9.1576371, 50.0950985],
                    [9.1565623, 50.0952915],
                    [9.1560372, 50.0952951],
                    [9.1551978, 50.0950728],
                    [9.154651, 50.0947714],
                    [9.1543028, 50.0944108],
                    [9.1542104, 50.0941716],
                    [9.1539904, 50.0935401],
                    [9.1534494, 50.0930819],
                    [9.1529358, 50.0927369]
                ]
            }
        },
        {
            "type": "Feature",
            "id": "way/194685646",
            "properties": {
                "admin_level": "4",
                "boundary": "administrative",
                "source": "Hessische Verwaltung für Bodenmanagement und Geoinformation - Digitale Verwaltungsgrenzen",
                "id": "way/194685646"
            },
            "geometry": {
                "type": "LineString",
                "coordinates": [
                    [9.0232522, 50.0438531],
                    [9.0236136, 50.043776],
                    [9.024158, 50.0436429],
                    [9.0246214, 50.043472],
                    [9.025657, 50.0430708],
                    [9.0262404, 50.042792],
                    [9.0266452, 50.0425689],
                    [9.026934, 50.0423872],
                    [9.0278509, 50.0419401],
                    [9.0280435, 50.0418385],
                    [9.0285124, 50.0415524],
                    [9.0291013, 50.0411738],
                    [9.0295395, 50.0408599],
                    [9.0298883, 50.0405902],
                    [9.0309934, 50.039646],
                    [9.031218, 50.0394221],
                    [9.0315206, 50.0390831],
                    [9.0320897, 50.038425],
                    [9.0322096, 50.0382074],
                    [9.0323154, 50.0379179],
                    [9.0324712, 50.0370657],
                    [9.0325099, 50.036565],
                    [9.0325014, 50.0364166],
                    [9.0323893, 50.0357748],
                    [9.0322843, 50.0352408],
                    [9.0320819, 50.0344444],
                    [9.0319964, 50.0340602]
                ]
            }
        },
        {
            "type": "Feature",
            "id": "way/231082131",
            "properties": {
                "admin_level": "4",
                "boundary": "administrative",
                "source": "Hessische Verwaltung für Bodenmanagement und Geoinformation - Digitale Verwaltungsgrenzen",
                "id": "way/231082131"
            },
            "geometry": {
                "type": "LineString",
                "coordinates": [
                    [10.0510711, 50.5632105],
                    [10.0512197, 50.5628375],
                    [10.0521656, 50.5621859],
                    [10.0522169, 50.5613313],
                    [10.0538554, 50.5603676],
                    [10.0558111, 50.5601475],
                    [10.0581264, 50.559853],
                    [10.0593155, 50.5591261],
                    [10.0597033, 50.5580147],
                    [10.0607029, 50.5571865],
                    [10.0611673, 50.556913],
                    [10.0617053, 50.5566503]
                ]
            }
        },
        {
            "type": "Feature",
            "id": "way/231082404",
            "properties": {
                "admin_level": "4",
                "boundary": "administrative",
                "source": "Hessische Verwaltung für Bodenmanagement und Geoinformation - Digitale Verwaltungsgrenzen",
                "id": "way/231082404"
            },
            "geometry": {
                "type": "LineString",
                "coordinates": [
                    [10.0481413, 50.5407484],
                    [10.047808, 50.5392463],
                    [10.0467039, 50.5380173],
                    [10.045703, 50.5368356],
                    [10.0450639, 50.5359109],
                    [10.044485, 50.5351053],
                    [10.0438077, 50.5347482],
                    [10.0420244, 50.5338544]
                ]
            }
        },
        {
            "type": "Feature",
            "id": "way/234272097",
            "properties": {
                "admin_level": "4",
                "boundary": "administrative",
                "source": "Hessische Verwaltung für Bodenmanagement und Geoinformation - Digitale Verwaltungsgrenzen",
                "id": "way/234272097"
            },
            "geometry": {
                "type": "LineString",
                "coordinates": [
                    [10.0714888, 50.6513898],
                    [10.0716969, 50.6507522],
                    [10.0717343, 50.6502709],
                    [10.0716748, 50.6497257],
                    [10.0714339, 50.6492027],
                    [10.0717016, 50.6485357],
                    [10.0719082, 50.648045],
                    [10.0720296, 50.6475952],
                    [10.0723181, 50.6468797],
                    [10.0726116, 50.6462698],
                    [10.0731646, 50.6454888],
                    [10.0736423, 50.6446113],
                    [10.0738305, 50.6441833]
                ]
            }
        },
        {
            "type": "Feature",
            "id": "way/234278011",
            "properties": {
                "admin_level": "4",
                "boundary": "administrative",
                "source": "Hessische Verwaltung für Bodenmanagement und Geoinformation - Digitale Verwaltungsgrenzen",
                "id": "way/234278011"
            },
            "geometry": {
                "type": "LineString",
                "coordinates": [
                    [9.9489229, 50.6638338],
                    [9.9489493, 50.6638743],
                    [9.9489727, 50.6639891],
                    [9.9490475, 50.6640907],
                    [9.9490482, 50.66418],
                    [9.9491715, 50.6642367],
                    [9.9493435, 50.6642881],
                    [9.9495535, 50.6645175],
                    [9.9497156, 50.6645595],
                    [9.950088, 50.664774],
                    [9.9502934, 50.6647765],
                    [9.9504052, 50.6649506],
                    [9.9505624, 50.6649846],
                    [9.9508853, 50.6651757],
                    [9.9507803, 50.6653084],
                    [9.95104, 50.6654016],
                    [9.9510449, 50.6655503],
                    [9.9513902, 50.6657125],
                    [9.9513485, 50.6657935],
                    [9.9515948, 50.6659421],
                    [9.9518276, 50.6659113],
                    [9.9518705, 50.6660126],
                    [9.9520358, 50.666087],
                    [9.9521685, 50.6660847],
                    [9.9525387, 50.6662356],
                    [9.9529952, 50.6662939],
                    [9.9531636, 50.6661763],
                    [9.9536636, 50.6662179],
                    [9.9538474, 50.6663797],
                    [9.9541314, 50.6664897],
                    [9.954451, 50.6665564],
                    [9.9548842, 50.6664894],
                    [9.955072, 50.6665859],
                    [9.955336, 50.6665973],
                    [9.9554756, 50.6666658],
                    [9.9556834, 50.6667392],
                    [9.9557873, 50.6667207],
                    [9.9562045, 50.6668405],
                    [9.9563013, 50.6668319],
                    [9.9564502, 50.6669253],
                    [9.9565504, 50.6669584],
                    [9.9566072, 50.6669571],
                    [9.9566294, 50.6668558],
                    [9.9567793, 50.6667996],
                    [9.9567979, 50.6667262],
                    [9.9568239, 50.666671],
                    [9.9569126, 50.6666431],
                    [9.9568714, 50.6665748],
                    [9.9568893, 50.6665606],
                    [9.9569727, 50.666524],
                    [9.95697, 50.6664664],
                    [9.9571082, 50.6663271],
                    [9.957123, 50.6662627],
                    [9.9572548, 50.6661883],
                    [9.9574477, 50.6662295],
                    [9.9575819, 50.6662378],
                    [9.9577028, 50.6662786],
                    [9.9577828, 50.6663868],
                    [9.9579225, 50.6664761],
                    [9.9579993, 50.6665695],
                    [9.9581082, 50.6666462],
                    [9.9581269, 50.6666581],
                    [9.9582861, 50.6666878],
                    [9.9583061, 50.6667325],
                    [9.9582539, 50.6668004],
                    [9.9582998, 50.666971],
                    [9.9583437, 50.667107],
                    [9.9583648, 50.6672102],
                    [9.9585247, 50.6672018],
                    [9.9586479, 50.6672488],
                    [9.9586759, 50.6672911],
                    [9.9587205, 50.6673437],
                    [9.9587629, 50.6673333],
                    [9.9589186, 50.6673813],
                    [9.9590933, 50.6674045],
                    [9.9592025, 50.6674521],
                    [9.9592914, 50.6674275],
                    [9.9593367, 50.6673386],
                    [9.9594531, 50.6673801],
                    [9.9597498, 50.6675139],
                    [9.9598087, 50.6676242],
                    [9.9598836, 50.6676833],
                    [9.9600001, 50.6677338],
                    [9.960125, 50.6677504],
                    [9.9601387, 50.6677638],
                    [9.9601193, 50.6677964],
                    [9.960162, 50.6678499],
                    [9.9602798, 50.667857],
                    [9.9603026, 50.6678776],
                    [9.9602938, 50.6679658],
                    [9.9602055, 50.6681262],
                    [9.9602331, 50.668193],
                    [9.9603345, 50.6681995],
                    [9.9603786, 50.6682937],
                    [9.960413, 50.6683189],
                    [9.960528, 50.6683652],
                    [9.9620297, 50.6675455],
                    [9.9629629, 50.6664309],
                    [9.9648782, 50.6668811],
                    [9.9654045, 50.666928],
                    [9.9660489, 50.6670089],
                    [9.9671038, 50.667003],
                    [9.9676506, 50.6670609],
                    [9.9682943, 50.6672116],
                    [9.9687273, 50.6673013],
                    [9.969323, 50.6674069],
                    [9.9698783, 50.6670231],
                    [9.9702435, 50.6667959],
                    [9.9706068, 50.6666132],
                    [9.9708944, 50.6664037],
                    [9.9714077, 50.6659458],
                    [9.9723255, 50.6659445],
                    [9.9728807, 50.6658618],
                    [9.973205, 50.6658507],
                    [9.9737909, 50.6658673],
                    [9.9738752, 50.6664836],
                    [9.9743347, 50.6677538],
                    [9.9747341, 50.6686016],
                    [9.9753359, 50.6684584],
                    [9.9771403, 50.668186],
                    [9.9789908, 50.6690526]
                ]
            }
        },
        {
            "type": "Feature",
            "id": "way/234734186",
            "properties": {
                "admin_level": "4",
                "boundary": "administrative",
                "source": "Hessische Verwaltung für Bodenmanagement und Geoinformation - Digitale Verwaltungsgrenzen (Shapefile)",
                "id": "way/234734186"
            },
            "geometry": {
                "type": "LineString",
                "coordinates": [
                    [7.8849616, 50.1700035],
                    [7.8854411, 50.1708676],
                    [7.8855474, 50.1709777],
                    [7.8856994, 50.1711616],
                    [7.8858528, 50.1713333],
                    [7.8867051, 50.1719101],
                    [7.8864893, 50.1723048],
                    [7.8863979, 50.1729145],
                    [7.8871336, 50.1732397],
                    [7.8883969, 50.1735285],
                    [7.8886652, 50.173598],
                    [7.8886505, 50.1738386],
                    [7.8884387, 50.1746584],
                    [7.8880098, 50.1754724]
                ]
            }
        },
        {
            "type": "Feature",
            "id": "way/234734191",
            "properties": {
                "admin_level": "4",
                "boundary": "administrative",
                "source": "Hessische Verwaltung für Bodenmanagement und Geoinformation - Digitale Verwaltungsgrenzen (Shapefile)",
                "id": "way/234734191"
            },
            "geometry": {
                "type": "LineString",
                "coordinates": [
                    [8.0305062, 50.3816209],
                    [8.030199, 50.3821225],
                    [8.0300603, 50.3825741],
                    [8.0299917, 50.3828765],
                    [8.0273361, 50.3823842],
                    [8.0221986, 50.3821907],
                    [8.0174289, 50.3828395],
                    [8.017368, 50.3828582],
                    [8.0164863, 50.3833603],
                    [8.0161818, 50.3834895],
                    [8.0145422, 50.3839977],
                    [8.0141667, 50.3845386],
                    [8.0144194, 50.3847373]
                ]
            }
        },
        {
            "type": "Feature",
            "id": "way/234734226",
            "properties": {
                "admin_level": "4",
                "boundary": "administrative",
                "source": "Hessische Verwaltung für Bodenmanagement und Geoinformation - Digitale Verwaltungsgrenzen (Shapefile)",
                "id": "way/234734226"
            },
            "geometry": {
                "type": "LineString",
                "coordinates": [
                    [8.0489304, 50.3782109],
                    [8.0468076, 50.3789399],
                    [8.0457271, 50.3795018],
                    [8.0445347, 50.382259],
                    [8.0433967, 50.3848662],
                    [8.042886, 50.3860205],
                    [8.0428342, 50.3861244]
                ]
            }
        },
        {
            "type": "Feature",
            "id": "way/242831376",
            "properties": {
                "admin_level": "4",
                "boundary": "administrative",
                "source": "Hessische Verwaltung für Bodenmanagement und Geoinformation - Digitale Verwaltungsgrenzen",
                "id": "way/242831376"
            },
            "geometry": {
                "type": "LineString",
                "coordinates": [
                    [9.0297731, 50.1126052],
                    [9.0274236, 50.1124893],
                    [9.0250689, 50.1123738],
                    [9.0217632, 50.1121473],
                    [9.0183707, 50.1115446],
                    [9.0161448, 50.1103755],
                    [9.0137504, 50.1091116],
                    [9.0107242, 50.1062002],
                    [9.0098714, 50.1056692]
                ]
            }
        },
        {
            "type": "Feature",
            "id": "way/243219897",
            "properties": {
                "admin_level": "4",
                "boundary": "administrative",
                "source": "Hessische Verwaltung für Bodenmanagement und Geoinformation - Digitale Verwaltungsgrenzen",
                "id": "way/243219897"
            },
            "geometry": {
                "type": "LineString",
                "coordinates": [
                    [9.1436867, 50.0941252],
                    [9.1436497, 50.094308],
                    [9.1433792, 50.0948169],
                    [9.1431798, 50.0949641],
                    [9.142608, 50.0952355],
                    [9.1420934, 50.0954159],
                    [9.143281, 50.0967093],
                    [9.1442835, 50.0978179],
                    [9.1444143, 50.0979625],
                    [9.1447813, 50.0983784],
                    [9.145832, 50.0995133],
                    [9.1468276, 50.1006523],
                    [9.1471946, 50.1010806],
                    [9.1474956, 50.1014426],
                    [9.1483241, 50.1023957],
                    [9.1489285, 50.1031105],
                    [9.1492912, 50.1035286],
                    [9.1505627, 50.1050172],
                    [9.1516098, 50.1053034],
                    [9.1524036, 50.1057292],
                    [9.1530083, 50.1064071]
                ]
            }
        },
        {
            "type": "Feature",
            "id": "way/243221458",
            "properties": {
                "admin_level": "4",
                "boundary": "administrative",
                "source": "Hessische Verwaltung für Bodenmanagement und Geoinformation - Digitale Verwaltungsgrenzen",
                "id": "way/243221458"
            },
            "geometry": {
                "type": "LineString",
                "coordinates": [
                    [9.2358536, 50.1462147],
                    [9.2322887, 50.1469409],
                    [9.2302801, 50.1471859],
                    [9.2281949, 50.1473667],
                    [9.2272958, 50.1471324],
                    [9.2253943, 50.1477927],
                    [9.2243775, 50.1482066],
                    [9.2227754, 50.1486854],
                    [9.2214981, 50.1494538],
                    [9.2204233, 50.1480517],
                    [9.2195152, 50.1474534],
                    [9.2187262, 50.1465277],
                    [9.213334, 50.1466595]
                ]
            }
        },
        {
            "type": "Feature",
            "id": "way/246818109",
            "properties": {
                "admin_level": "4",
                "boundary": "administrative",
                "source": "Hessische Verwaltung für Bodenmanagement und Geoinformation - Digitale Verwaltungsgrenzen",
                "id": "way/246818109"
            },
            "geometry": {
                "type": "LineString",
                "coordinates": [
                    [9.4988142, 50.1747381],
                    [9.4988745, 50.1746637],
                    [9.5050447, 50.1692002]
                ]
            }
        },
        {
            "type": "Feature",
            "id": "way/246823668",
            "properties": {
                "admin_level": "4",
                "boundary": "administrative",
                "source": "Hessische Verwaltung für Bodenmanagement und Geoinformation - Digitale Verwaltungsgrenzen",
                "id": "way/246823668"
            },
            "geometry": {
                "type": "LineString",
                "coordinates": [
                    [9.5016426, 50.1931352],
                    [9.5013585, 50.1929807],
                    [9.5008117, 50.1898541],
                    [9.5024138, 50.1900802],
                    [9.5027092, 50.1885232],
                    [9.5010572, 50.1882563],
                    [9.5011262, 50.1868814],
                    [9.5012549, 50.1845183],
                    [9.5013713, 50.1832011],
                    [9.5013669, 50.1825085],
                    [9.5008909, 50.1816855],
                    [9.4998781, 50.1799696],
                    [9.4990634, 50.1786119],
                    [9.4981626, 50.1770793],
                    [9.4981327, 50.1755911],
                    [9.4985406, 50.1750754],
                    [9.4988142, 50.1747381]
                ]
            }
        },
        {
            "type": "Feature",
            "id": "way/246832505",
            "properties": {
                "admin_level": "4",
                "boundary": "administrative",
                "source": "Hessische Verwaltung für Bodenmanagement und Geoinformation - Digitale Verwaltungsgrenzen",
                "id": "way/246832505"
            },
            "geometry": {
                "type": "LineString",
                "coordinates": [
                    [9.6204965, 50.2265854],
                    [9.6211373, 50.2262872],
                    [9.6215699, 50.2259953],
                    [9.6215303, 50.2259789],
                    [9.6216377, 50.2258586],
                    [9.6218172, 50.2255937],
                    [9.6218827, 50.2253552],
                    [9.6218817, 50.2250401],
                    [9.6217903, 50.2247592],
                    [9.6215811, 50.2245053],
                    [9.6213629, 50.2243388],
                    [9.620996, 50.2241562],
                    [9.6205972, 50.2240159],
                    [9.6194812, 50.2239125],
                    [9.6182899, 50.223884],
                    [9.6173473, 50.2239401],
                    [9.6159826, 50.2240953],
                    [9.6158424, 50.224099]
                ]
            }
        },
        {
            "type": "Feature",
            "id": "way/246832507",
            "properties": {
                "admin_level": "4",
                "boundary": "administrative",
                "source": "Hessische Verwaltung für Bodenmanagement und Geoinformation - Digitale Verwaltungsgrenzen",
                "id": "way/246832507"
            },
            "geometry": {
                "type": "LineString",
                "coordinates": [
                    [9.5749569, 50.232814],
                    [9.574785, 50.2323383],
                    [9.5741991, 50.2318363]
                ]
            }
        },
        {
            "type": "Feature",
            "id": "way/246997587",
            "properties": {
                "admin_level": "4",
                "boundary": "administrative",
                "source": "Hessische Verwaltung für Bodenmanagement und Geoinformation - Digitale Verwaltungsgrenzen",
                "id": "way/246997587"
            },
            "geometry": {
                "type": "LineString",
                "coordinates": [
                    [9.3861303, 50.1123185],
                    [9.3861186, 50.1123541],
                    [9.3858176, 50.1132531],
                    [9.3856148, 50.1138589],
                    [9.3851639, 50.1150119],
                    [9.384614, 50.1164181],
                    [9.3841718, 50.1171666],
                    [9.3838885, 50.1176627],
                    [9.383298, 50.1186447],
                    [9.3829325, 50.1192645],
                    [9.3824475, 50.1196439],
                    [9.382245, 50.1198024],
                    [9.3810614, 50.1207284],
                    [9.3786152, 50.123286],
                    [9.3767482, 50.1249215],
                    [9.3758719, 50.1260172],
                    [9.3759582, 50.1270425],
                    [9.376186, 50.1294319]
                ]
            }
        },
        {
            "type": "Feature",
            "id": "way/246997588",
            "properties": {
                "admin_level": "4",
                "boundary": "administrative",
                "source": "Hessische Verwaltung für Bodenmanagement und Geoinformation - Digitale Verwaltungsgrenzen",
                "id": "way/246997588"
            },
            "geometry": {
                "type": "LineString",
                "coordinates": [
                    [9.4453059, 50.0897869],
                    [9.4442, 50.0890936],
                    [9.4429083, 50.0879187],
                    [9.4416941, 50.0872798],
                    [9.4411466, 50.0869958],
                    [9.4405032, 50.0869527],
                    [9.4399652, 50.0869232],
                    [9.4392842, 50.0868756],
                    [9.4383736, 50.0863356],
                    [9.437628, 50.0858873],
                    [9.4368503, 50.085432],
                    [9.4360939, 50.0849519],
                    [9.4342761, 50.0848766],
                    [9.4324966, 50.0848103],
                    [9.4298535, 50.0847194],
                    [9.4290875, 50.0849196],
                    [9.428359, 50.0851244],
                    [9.4275719, 50.085339],
                    [9.4264163, 50.0853729],
                    [9.4249027, 50.0854266],
                    [9.4240205, 50.0854522],
                    [9.4232052, 50.0853256],
                    [9.421789, 50.0851164],
                    [9.4214667, 50.0849726]
                ]
            }
        },
        {
            "type": "Feature",
            "id": "way/247370854",
            "properties": {
                "admin_level": "4",
                "boundary": "administrative",
                "source": "Hessische Verwaltung für Bodenmanagement und Geoinformation - Digitale Verwaltungsgrenzen",
                "id": "way/247370854"
            },
            "geometry": {
                "type": "LineString",
                "coordinates": [
                    [9.3136861, 50.1349415],
                    [9.3113177, 50.1342351],
                    [9.3098127, 50.1338521],
                    [9.3092166, 50.1337058],
                    [9.3085317, 50.1335291],
                    [9.3074395, 50.1333208],
                    [9.3059085, 50.1341271],
                    [9.3053438, 50.1344555],
                    [9.304347, 50.1350243],
                    [9.3042255, 50.135081],
                    [9.3037274, 50.1353285],
                    [9.3033004, 50.1355291],
                    [9.3028357, 50.1357557],
                    [9.3014919, 50.1362863],
                    [9.3008049, 50.1365253],
                    [9.2999098, 50.1367988],
                    [9.2990646, 50.1370343],
                    [9.2979774, 50.137329],
                    [9.297219, 50.1376818],
                    [9.295556, 50.1384662],
                    [9.2941373, 50.1394368],
                    [9.293514, 50.1395984],
                    [9.2895433, 50.1406074],
                    [9.2857823, 50.1415723],
                    [9.2840764, 50.1417133],
                    [9.2834135, 50.1417637],
                    [9.2811572, 50.1417502]
                ]
            }
        },
        {
            "type": "Feature",
            "id": "way/261897425",
            "properties": {
                "admin_level": "4",
                "boundary": "administrative",
                "source": "ALKIS Hessen + Shapefiles",
                "id": "way/261897425"
            },
            "geometry": {
                "type": "LineString",
                "coordinates": [
                    [8.4562876, 50.9166297],
                    [8.4502509, 50.9170968],
                    [8.4499192, 50.916946],
                    [8.4484936, 50.9163183],
                    [8.448221, 50.9159937],
                    [8.4456905, 50.9161308],
                    [8.4448612, 50.9161893],
                    [8.4438165, 50.916242],
                    [8.4432863, 50.9162644],
                    [8.4427498, 50.9161763],
                    [8.441882, 50.9162763],
                    [8.4403654, 50.9160304],
                    [8.4395361, 50.9160994],
                    [8.437688, 50.9167654],
                    [8.4364952, 50.9169774],
                    [8.4357661, 50.9170186],
                    [8.4350444, 50.9173452],
                    [8.4341157, 50.9178819],
                    [8.4338725, 50.9180128],
                    [8.4335705, 50.9183213],
                    [8.4332962, 50.9181507],
                    [8.4326996, 50.9178469],
                    [8.4315741, 50.9171349],
                    [8.4309608, 50.916715],
                    [8.4297948, 50.9159052],
                    [8.4290779, 50.9152282],
                    [8.4281035, 50.9142825],
                    [8.4265919, 50.9124452],
                    [8.426158, 50.9121134],
                    [8.4258415, 50.9118594],
                    [8.4242298, 50.911182],
                    [8.4231571, 50.9104004],
                    [8.4221391, 50.9100313],
                    [8.421939, 50.909968],
                    [8.4211927, 50.9098738],
                    [8.4205576, 50.9097883],
                    [8.4199173, 50.90957],
                    [8.4194979, 50.9094166],
                    [8.4189624, 50.9092067]
                ]
            }
        },
        {
            "type": "Feature",
            "id": "way/278953492",
            "properties": {
                "admin_level": "4",
                "boundary": "administrative",
                "source": "Hessische Verwaltung für Bodenmanagement und Geoinformation - Digitale Verwaltungsgrenzen (Shapefile)",
                "id": "way/278953492"
            },
            "geometry": {
                "type": "LineString",
                "coordinates": [
                    [8.0479456, 50.377323],
                    [8.0485158, 50.3778223],
                    [8.0489304, 50.3782109]
                ]
            }
        },
        {
            "type": "Feature",
            "id": "way/278953494",
            "properties": {
                "admin_level": "4",
                "boundary": "administrative",
                "source": "Hessische Verwaltung für Bodenmanagement und Geoinformation - Digitale Verwaltungsgrenzen (Shapefile)",
                "id": "way/278953494"
            },
            "geometry": {
                "type": "LineString",
                "coordinates": [
                    [8.0506356, 50.3761724],
                    [8.0506434, 50.3761846],
                    [8.0509958, 50.3765326],
                    [8.051177, 50.3766748],
                    [8.0532198, 50.3781358],
                    [8.05369, 50.3788374],
                    [8.0508128, 50.3794754],
                    [8.0502518, 50.3785739],
                    [8.0499162, 50.3781545],
                    [8.04984, 50.3780412],
                    [8.049568, 50.3776087],
                    [8.0495386, 50.3775578],
                    [8.049182, 50.3767991],
                    [8.0483666, 50.37574],
                    [8.0482019, 50.3758093],
                    [8.0478817, 50.3755827],
                    [8.0475926, 50.3754226],
                    [8.0473113, 50.3753082],
                    [8.0469948, 50.3751957],
                    [8.0465748, 50.3751031],
                    [8.0454346, 50.374969],
                    [8.0452985, 50.3752055],
                    [8.0450088, 50.3756545],
                    [8.0469821, 50.3767496],
                    [8.0479456, 50.377323]
                ]
            }
        },
        {
            "type": "Feature",
            "id": "way/280984025",
            "properties": {
                "admin_level": "4",
                "boundary": "administrative",
                "source": "ALKIS Hessen + Shapefiles",
                "id": "way/280984025"
            },
            "geometry": {
                "type": "LineString",
                "coordinates": [
                    [9.0661981, 49.6190129],
                    [9.0661566, 49.6189658],
                    [9.0660584, 49.618939],
                    [9.0660367, 49.6189078],
                    [9.0661121, 49.6188504],
                    [9.0661575, 49.6186587],
                    [9.0661072, 49.6185969],
                    [9.0659565, 49.6184972],
                    [9.0659231, 49.6184428],
                    [9.065926, 49.6184264],
                    [9.0658814, 49.6183966],
                    [9.06581, 49.6183748],
                    [9.0657815, 49.618439],
                    [9.0657352, 49.6184338],
                    [9.0657322, 49.6184],
                    [9.0657593, 49.618376],
                    [9.0656797, 49.6182637],
                    [9.0657997, 49.6181728],
                    [9.0656756, 49.6180648],
                    [9.0656057, 49.6180446],
                    [9.0655896, 49.6179634],
                    [9.0655238, 49.6178914],
                    [9.065355, 49.6178108],
                    [9.0652954, 49.6177055],
                    [9.0651666, 49.6176264],
                    [9.0651362, 49.6175713],
                    [9.0648856, 49.6169701],
                    [9.0648443, 49.616837],
                    [9.0648286, 49.6167017],
                    [9.0649884, 49.6160513],
                    [9.0651071, 49.6159364],
                    [9.0652112, 49.6159002],
                    [9.0652662, 49.615784],
                    [9.0652966, 49.6156748],
                    [9.0653557, 49.6156717],
                    [9.0654699, 49.6156065],
                    [9.0654243, 49.6155478],
                    [9.0654878, 49.6154099],
                    [9.0654435, 49.6153467],
                    [9.0654357, 49.6151874],
                    [9.0654403, 49.6147652],
                    [9.0654901, 49.6146916],
                    [9.065644, 49.6145936],
                    [9.0657904, 49.6144795],
                    [9.065884, 49.6145343],
                    [9.066075, 49.6144801],
                    [9.0661169, 49.6144239],
                    [9.0663299, 49.6142897],
                    [9.06643, 49.6143701],
                    [9.0664735, 49.6143459],
                    [9.0665721, 49.6141601],
                    [9.0666197, 49.6141597],
                    [9.0666526, 49.6141427],
                    [9.0666844, 49.6140122],
                    [9.0667557, 49.6140009],
                    [9.0667749, 49.6139879],
                    [9.0667436, 49.613897],
                    [9.0666151, 49.6139304],
                    [9.0665859, 49.6138936],
                    [9.0666096, 49.6138378],
                    [9.0665242, 49.6137582],
                    [9.0664555, 49.613653],
                    [9.0663874, 49.6136683],
                    [9.0663623, 49.6136355],
                    [9.066425, 49.6135722],
                    [9.0665197, 49.6135572],
                    [9.0665628, 49.6134926],
                    [9.0666848, 49.6134538],
                    [9.0666884, 49.6132669],
                    [9.0667909, 49.613167],
                    [9.0668625, 49.6130126],
                    [9.0669714, 49.6129661],
                    [9.0671598, 49.6129471],
                    [9.0671865, 49.6129002],
                    [9.0671434, 49.6128521],
                    [9.0672294, 49.6126325],
                    [9.0672237, 49.6124752],
                    [9.0672718, 49.6123225],
                    [9.067208, 49.6122439],
                    [9.0673126, 49.6122011],
                    [9.0672487, 49.6121075],
                    [9.0676112, 49.6120678],
                    [9.067806, 49.6119491],
                    [9.0676892, 49.6116597],
                    [9.0678275, 49.6113819],
                    [9.067984, 49.6113254],
                    [9.0681117, 49.6113454],
                    [9.0682786, 49.6113552],
                    [9.0683362, 49.6110743],
                    [9.0683204, 49.6109987],
                    [9.0683993, 49.6109932],
                    [9.0684142, 49.6109403],
                    [9.068328, 49.6108924],
                    [9.0682509, 49.6106524],
                    [9.0683489, 49.6105703],
                    [9.0683303, 49.6104933],
                    [9.0682252, 49.6104028],
                    [9.06796, 49.6101968],
                    [9.0679706, 49.6101069],
                    [9.0680667, 49.6100769],
                    [9.0682033, 49.6098289],
                    [9.068244, 49.6097923],
                    [9.0682487, 49.6096915],
                    [9.0683188, 49.6096288],
                    [9.0682745, 49.6095746],
                    [9.0681048, 49.6095736],
                    [9.0681436, 49.6095198],
                    [9.0681526, 49.6093565],
                    [9.0680756, 49.6092856],
                    [9.0682075, 49.6091765],
                    [9.0682996, 49.6090422],
                    [9.0683728, 49.6089904],
                    [9.0683807, 49.6089432],
                    [9.0683188, 49.6089084],
                    [9.068248, 49.6089198],
                    [9.0682081, 49.6088792],
                    [9.0682579, 49.6088507],
                    [9.0683269, 49.6088527],
                    [9.0683813, 49.608811],
                    [9.0683212, 49.6087234],
                    [9.0682838, 49.6087059],
                    [9.0681082, 49.6087444],
                    [9.0681202, 49.608677],
                    [9.0681793, 49.6086513],
                    [9.0682336, 49.6086036],
                    [9.0683499, 49.6085417],
                    [9.0683694, 49.608526],
                    [9.06833, 49.6084956],
                    [9.0682234, 49.6084639],
                    [9.068208, 49.6083784],
                    [9.0684818, 49.6082589],
                    [9.068504, 49.6081944],
                    [9.0683986, 49.6080742],
                    [9.0681424, 49.6080605],
                    [9.06808, 49.6080075],
                    [9.0679895, 49.6078627],
                    [9.0678938, 49.6078443],
                    [9.0680015, 49.6075449],
                    [9.067887, 49.6075175],
                    [9.0678478, 49.6075569],
                    [9.0678529, 49.6075677],
                    [9.0678165, 49.6075749],
                    [9.0678114, 49.6075642],
                    [9.0678183, 49.6074471],
                    [9.0678011, 49.6073827],
                    [9.0678125, 49.6072116],
                    [9.0676749, 49.6072406],
                    [9.0676238, 49.6072975],
                    [9.0676263, 49.6073055],
                    [9.0676588, 49.6073349],
                    [9.0676348, 49.6073439],
                    [9.0672955, 49.6071293],
                    [9.0676522, 49.6070515],
                    [9.0676567, 49.6070328],
                    [9.0676233, 49.6070091],
                    [9.0674638, 49.6070029],
                    [9.0673992, 49.6069752],
                    [9.0672953, 49.6068486],
                    [9.0673434, 49.6068215],
                    [9.0673663, 49.6068165],
                    [9.0673772, 49.6067952],
                    [9.0673343, 49.6067191],
                    [9.0671801, 49.6067527],
                    [9.0671186, 49.6066831],
                    [9.0671895, 49.6066084],
                    [9.0671214, 49.6065046],
                    [9.0670376, 49.6064802],
                    [9.0670402, 49.6064108],
                    [9.0670043, 49.6063766],
                    [9.0671097, 49.6063204],
                    [9.0671083, 49.6063081],
                    [9.0670941, 49.6062877],
                    [9.0668859, 49.60629],
                    [9.066883, 49.6062021],
                    [9.0670581, 49.6061624],
                    [9.0670729, 49.6061361],
                    [9.0669479, 49.6060542],
                    [9.0668649, 49.6060714],
                    [9.0668603, 49.6060515],
                    [9.0669407, 49.6060233],
                    [9.0670275, 49.605834],
                    [9.0669407, 49.6057642],
                    [9.066562, 49.6056685],
                    [9.0666993, 49.6055333],
                    [9.0667005, 49.605515],
                    [9.0664235, 49.6053726],
                    [9.0665062, 49.6053192],
                    [9.0665025, 49.6052992],
                    [9.0664178, 49.6052522],
                    [9.0663006, 49.6052179],
                    [9.0662519, 49.6052881],
                    [9.0662351, 49.6052873],
                    [9.066281, 49.6051492],
                    [9.0664071, 49.6051649],
                    [9.0665299, 49.6051196],
                    [9.0665006, 49.6050704],
                    [9.0664247, 49.6050298],
                    [9.0664301, 49.6050235],
                    [9.066564, 49.6050397],
                    [9.0665801, 49.604926],
                    [9.0664261, 49.6047457],
                    [9.0663181, 49.6046449],
                    [9.0662604, 49.6045979],
                    [9.0662164, 49.6045005],
                    [9.0664892, 49.6044776],
                    [9.0665321, 49.604462],
                    [9.0665777, 49.6042772],
                    [9.0663163, 49.6040307],
                    [9.0663123, 49.6039755],
                    [9.0663877, 49.6039256],
                    [9.0663908, 49.6037655],
                    [9.0666503, 49.6037079],
                    [9.0666447, 49.603536],
                    [9.066563, 49.6033733],
                    [9.0665115, 49.6032076],
                    [9.0665183, 49.6031448],
                    [9.0665134, 49.6029649],
                    [9.0665461, 49.6029114],
                    [9.066404, 49.6028061],
                    [9.066407, 49.6027072],
                    [9.0664899, 49.6025959],
                    [9.0664827, 49.6023224]
                ]
            }
        },
        {
            "type": "Feature",
            "id": "way/282856303",
            "properties": {
                "admin_level": "4",
                "boundary": "administrative",
                "source": "Hessische Verwaltung für Bodenmanagement und Geoinformation - Digitale Verwaltungsgrenzen",
                "id": "way/282856303"
            },
            "geometry": {
                "type": "LineString",
                "coordinates": [
                    [8.9986029, 50.0937027],
                    [8.9976889, 50.0927279],
                    [8.9982948, 50.0914779],
                    [8.9989411, 50.0890104],
                    [8.9990571, 50.087219],
                    [8.9988232, 50.0853078],
                    [8.9981816, 50.0837875],
                    [8.9982982, 50.0837679],
                    [8.9986287, 50.083778],
                    [8.9990074, 50.0824443],
                    [8.998924, 50.081253]
                ]
            }
        },
        {
            "type": "Feature",
            "id": "way/295793446",
            "properties": {
                "admin_level": "4",
                "boundary": "administrative",
                "source": "Hessische Verwaltung für Bodenmanagement und Geoinformation - Digitale Verwaltungsgrenzen",
                "id": "way/295793446"
            },
            "geometry": {
                "type": "LineString",
                "coordinates": [
                    [10.0672216, 50.6571606],
                    [10.0679458, 50.6569488],
                    [10.0689636, 50.6566448],
                    [10.0698994, 50.6561793],
                    [10.0699462, 50.6558123],
                    [10.0702589, 50.6552396],
                    [10.0703997, 50.6548053]
                ]
            }
        },
        {
            "type": "Feature",
            "id": "way/306238644",
            "properties": {
                "admin_level": "4",
                "boundary": "administrative",
                "source": "Hessische Verwaltung für Bodenmanagement und Geoinformation - Digitale Verwaltungsgrenzen",
                "id": "way/306238644"
            },
            "geometry": {
                "type": "LineString",
                "coordinates": [
                    [9.1886632, 50.1309955],
                    [9.1886161, 50.1309734],
                    [9.188599, 50.1309325],
                    [9.1885635, 50.1308732],
                    [9.188603, 50.1308661],
                    [9.1886733, 50.1308607],
                    [9.1886421, 50.1308213],
                    [9.1886067, 50.1308051],
                    [9.1885886, 50.1307822],
                    [9.1886089, 50.1307692],
                    [9.1886833, 50.1307414],
                    [9.1886716, 50.1307276],
                    [9.188612, 50.1307181],
                    [9.1885894, 50.1306989],
                    [9.1886564, 50.1306342],
                    [9.1886154, 50.1305775],
                    [9.1886313, 50.1304165],
                    [9.1887077, 50.1302676],
                    [9.188771, 50.1302009],
                    [9.1886915, 50.1301594],
                    [9.1887943, 50.1300144],
                    [9.1887832, 50.1299402],
                    [9.1889419, 50.1298573],
                    [9.1889411, 50.1297759],
                    [9.1890794, 50.1297731],
                    [9.1891986, 50.1296924],
                    [9.1891221, 50.1296529],
                    [9.1891068, 50.129581],
                    [9.1892486, 50.1295528],
                    [9.1893154, 50.1295464],
                    [9.1892902, 50.1294979],
                    [9.1894532, 50.1294675],
                    [9.1893766, 50.1294025],
                    [9.1894554, 50.1293659],
                    [9.1896214, 50.1293839],
                    [9.1896824, 50.1292557],
                    [9.1898308, 50.1291686],
                    [9.1899651, 50.1290796],
                    [9.1899265, 50.1290319],
                    [9.1899704, 50.1288911],
                    [9.1901731, 50.1288366],
                    [9.1902887, 50.1287119],
                    [9.1902494, 50.1286466],
                    [9.1902914, 50.1285672],
                    [9.1903723, 50.1284806],
                    [9.1903833, 50.1284124]
                ]
            }
        },
        {
            "type": "Feature",
            "id": "way/312337166",
            "properties": {
                "admin_level": "4",
                "boundary": "administrative",
                "source": "Hessische Verwaltung für Bodenmanagement und Geoinformation - Digitale Verwaltungsgrenzen",
                "id": "way/312337166"
            },
            "geometry": {
                "type": "LineString",
                "coordinates": [
                    [8.9671223, 49.5014045],
                    [8.966118, 49.501519],
                    [8.9652587, 49.5016553],
                    [8.9643152, 49.5016661],
                    [8.9635827, 49.5014387],
                    [8.9624496, 49.501647],
                    [8.9616498, 49.5019089],
                    [8.9612956, 49.5023545],
                    [8.9604305, 49.5031285],
                    [8.9608543, 49.5035934],
                    [8.96062, 49.5036241],
                    [8.9604979, 49.5036615],
                    [8.9604067, 49.5036701],
                    [8.9602317, 49.5036303],
                    [8.9598877, 49.5036124],
                    [8.9596437, 49.5036773],
                    [8.9593455, 49.5037106],
                    [8.9592501, 49.5037001],
                    [8.9588744, 49.5033875],
                    [8.9588303, 49.5032169],
                    [8.9586995, 49.5031246],
                    [8.9585831, 49.5030834],
                    [8.9585144, 49.5030155],
                    [8.9582939, 49.5029261],
                    [8.9580127, 49.5026779]
                ]
            }
        },
        {
            "type": "Feature",
            "id": "way/312337193",
            "properties": {
                "admin_level": "4",
                "boundary": "administrative",
                "source": "Hessische Verwaltung für Bodenmanagement und Geoinformation - Digitale Verwaltungsgrenzen",
                "id": "way/312337193"
            },
            "geometry": {
                "type": "LineString",
                "coordinates": [
                    [8.986215, 49.5102478],
                    [8.9853652, 49.5101244],
                    [8.9837425, 49.5098935],
                    [8.9823395, 49.5098132],
                    [8.9812207, 49.5094787],
                    [8.9805437, 49.509247],
                    [8.9797079, 49.5090658],
                    [8.9789585, 49.5087538],
                    [8.9784836, 49.5083049],
                    [8.9780817, 49.5078626],
                    [8.9780082, 49.5068008],
                    [8.9779049, 49.5061762],
                    [8.9776077, 49.5054776],
                    [8.9770736, 49.5048898],
                    [8.9769937, 49.5047034],
                    [8.9774526, 49.5039404],
                    [8.9776715, 49.5036696],
                    [8.9777011, 49.5032794],
                    [8.9764117, 49.503247],
                    [8.9753976, 49.5030872],
                    [8.9739502, 49.5027749],
                    [8.972694, 49.502565],
                    [8.9708914, 49.5021639],
                    [8.9701013, 49.5019317],
                    [8.9692899, 49.5015883],
                    [8.9683949, 49.5014407],
                    [8.9671223, 49.5014045]
                ]
            }
        },
        {
            "type": "Feature",
            "id": "way/312337214",
            "properties": {
                "admin_level": "4",
                "boundary": "administrative",
                "source": "Hessische Verwaltung für Bodenmanagement und Geoinformation - Digitale Verwaltungsgrenzen",
                "id": "way/312337214"
            },
            "geometry": {
                "type": "LineString",
                "coordinates": [
                    [9.0435316, 49.5005509],
                    [9.0433912, 49.5005076],
                    [9.0422864, 49.5001374],
                    [9.0422004, 49.5000916],
                    [9.042115, 49.4999588],
                    [9.0420635, 49.4996693],
                    [9.0419991, 49.4995544],
                    [9.0418319, 49.4993553],
                    [9.0416388, 49.4990501],
                    [9.0415182, 49.4989396],
                    [9.0414486, 49.498693],
                    [9.0414608, 49.4986057],
                    [9.0414995, 49.4985619],
                    [9.0414806, 49.4985352],
                    [9.0411767, 49.4984673],
                    [9.0408132, 49.498432],
                    [9.0405238, 49.4986126],
                    [9.0399824, 49.4988063],
                    [9.0396558, 49.4989899],
                    [9.0393698, 49.4991162],
                    [9.0389125, 49.4992891],
                    [9.0387598, 49.499308],
                    [9.0386488, 49.4993912],
                    [9.0381799, 49.4995578],
                    [9.0377644, 49.4995922],
                    [9.0374227, 49.4995753],
                    [9.0373637, 49.4995374],
                    [9.0372697, 49.4995489],
                    [9.0370028, 49.4996545],
                    [9.0368783, 49.4996431],
                    [9.036765, 49.4995969],
                    [9.0362085, 49.4995702],
                    [9.0359654, 49.4994437],
                    [9.0357542, 49.4993759],
                    [9.0356214, 49.4993786],
                    [9.0352509, 49.4992417],
                    [9.0351299, 49.4992229],
                    [9.034695, 49.4992234],
                    [9.0345229, 49.4991611],
                    [9.0343779, 49.4990439],
                    [9.0342537, 49.4990019],
                    [9.0341191, 49.4990616],
                    [9.0340075, 49.4990866],
                    [9.0339374, 49.4990772],
                    [9.0338205, 49.4990288],
                    [9.0336435, 49.4988608],
                    [9.0332926, 49.4986516],
                    [9.0331334, 49.4986231],
                    [9.0328694, 49.4986231],
                    [9.0327167, 49.4985029]
                ]
            }
        },
        {
            "type": "Feature",
            "id": "way/312337219",
            "properties": {
                "admin_level": "4",
                "boundary": "administrative",
                "source": "Hessische Verwaltung für Bodenmanagement und Geoinformation - Digitale Verwaltungsgrenzen",
                "id": "way/312337219"
            },
            "geometry": {
                "type": "LineString",
                "coordinates": [
                    [9.0473518, 49.5105602],
                    [9.0475162, 49.5104272],
                    [9.0474123, 49.5102949],
                    [9.047461, 49.5101248],
                    [9.0473236, 49.5099483],
                    [9.0470966, 49.5097782],
                    [9.0466615, 49.5095679],
                    [9.0462262, 49.5095199],
                    [9.0461273, 49.5094577],
                    [9.0459575, 49.509272],
                    [9.0459568, 49.5088839],
                    [9.0459049, 49.508708],
                    [9.0458348, 49.5085751],
                    [9.0456775, 49.5084223],
                    [9.0453179, 49.5081961],
                    [9.0449211, 49.5080096],
                    [9.0444334, 49.5078398],
                    [9.0439599, 49.5075498],
                    [9.0433255, 49.5074064],
                    [9.0427249, 49.5070975],
                    [9.0425331, 49.5070434],
                    [9.042472, 49.50705],
                    [9.042247, 49.5069642],
                    [9.0419938, 49.5067458],
                    [9.0417879, 49.5064503],
                    [9.0418333, 49.5064348],
                    [9.0420304, 49.5059657],
                    [9.0420683, 49.5055594],
                    [9.0421384, 49.5054394],
                    [9.042234, 49.5053786],
                    [9.0421615, 49.5052959],
                    [9.0422885, 49.5051456],
                    [9.0423065, 49.5050381],
                    [9.0422647, 49.5048967],
                    [9.0422944, 49.5045592],
                    [9.0422055, 49.5042931],
                    [9.0422206, 49.5038409],
                    [9.0421085, 49.5034703],
                    [9.0421516, 49.5034154],
                    [9.0423385, 49.5033161],
                    [9.0426162, 49.5029665],
                    [9.043038, 49.5026064],
                    [9.0432223, 49.502273],
                    [9.043358, 49.5021157],
                    [9.0432603, 49.5018186],
                    [9.0432517, 49.5017114],
                    [9.0433058, 49.5015827],
                    [9.0432101, 49.5012047],
                    [9.0432702, 49.5008908],
                    [9.0433379, 49.500847],
                    [9.0434191, 49.5006839],
                    [9.0435316, 49.5005509]
                ]
            }
        },
        {
            "type": "Feature",
            "id": "way/312337254",
            "properties": {
                "admin_level": "4",
                "boundary": "administrative",
                "source": "Hessische Verwaltung für Bodenmanagement und Geoinformation - Digitale Verwaltungsgrenzen",
                "id": "way/312337254"
            },
            "geometry": {
                "type": "LineString",
                "coordinates": [
                    [9.0587376, 49.5235987],
                    [9.0588545, 49.5235076],
                    [9.0589553, 49.5232301],
                    [9.0587545, 49.5229231],
                    [9.0587336, 49.5228204],
                    [9.0586956, 49.5228134],
                    [9.058677, 49.5227488],
                    [9.0585666, 49.5226692],
                    [9.058451, 49.5224534],
                    [9.0583601, 49.5220804],
                    [9.0583658, 49.5219868],
                    [9.0583312, 49.5219283],
                    [9.0582086, 49.5218533],
                    [9.057956, 49.5217755],
                    [9.0577417, 49.5216765],
                    [9.0574085, 49.5215798],
                    [9.0568079, 49.5212744],
                    [9.0564962, 49.5211731],
                    [9.0563126, 49.5210617],
                    [9.0557305, 49.5211742],
                    [9.0554084, 49.521277],
                    [9.0548066, 49.5213869],
                    [9.0542678, 49.5214468],
                    [9.0539779, 49.5214345],
                    [9.0535571, 49.5212948],
                    [9.0528488, 49.5211845],
                    [9.0524448, 49.5210858],
                    [9.052039, 49.5210247],
                    [9.0514144, 49.5208519],
                    [9.0510993, 49.5206673],
                    [9.0511291, 49.5206299],
                    [9.0510217, 49.5204524],
                    [9.0503926, 49.520132],
                    [9.050266, 49.5200384],
                    [9.050044, 49.5196127],
                    [9.0499625, 49.5192006],
                    [9.049874, 49.5189823],
                    [9.0496761, 49.518637],
                    [9.0494649, 49.51841],
                    [9.049287, 49.5183319],
                    [9.0492731, 49.5181063],
                    [9.0493428, 49.5178914],
                    [9.0492889, 49.5177335],
                    [9.0490294, 49.5175619],
                    [9.0490023, 49.5175016],
                    [9.0490535, 49.5173544],
                    [9.0489006, 49.5171937],
                    [9.0487716, 49.5169846],
                    [9.0486943, 49.5166357],
                    [9.0486673, 49.5163194],
                    [9.0484289, 49.5156767],
                    [9.0485923, 49.5153879],
                    [9.048974, 49.5150546],
                    [9.0491376, 49.5148556],
                    [9.0492739, 49.5144722],
                    [9.0494106, 49.5143134],
                    [9.0498115, 49.5140458],
                    [9.049956, 49.5138709],
                    [9.0499773, 49.5137267],
                    [9.0498935, 49.5136716],
                    [9.049847, 49.5134556],
                    [9.0499306, 49.5132181],
                    [9.049914, 49.5130221],
                    [9.0496311, 49.5128089],
                    [9.0493734, 49.5127132],
                    [9.0490292, 49.5126603],
                    [9.0487442, 49.5125415],
                    [9.0482788, 49.5122396],
                    [9.0479354, 49.5122475],
                    [9.0477578, 49.5121809],
                    [9.0476507, 49.5119486],
                    [9.0472958, 49.5114343],
                    [9.0474638, 49.5112898],
                    [9.0474933, 49.511226]
                ]
            }
        },
        {
            "type": "Feature",
            "id": "way/313688522",
            "properties": {
                "admin_level": "4",
                "boundary": "administrative",
                "source": "Hessische Verwaltung für Bodenmanagement und Geoinformation - Digitale Verwaltungsgrenzen",
                "id": "way/313688522"
            },
            "geometry": {
                "type": "LineString",
                "coordinates": [
                    [9.8111217, 50.4166543],
                    [9.8111959, 50.4171899],
                    [9.8112198, 50.4177893],
                    [9.8111055, 50.4182493],
                    [9.8110589, 50.418633]
                ]
            }
        },
        {
            "type": "Feature",
            "id": "way/316512001",
            "properties": {
                "admin_level": "4",
                "boundary": "administrative",
                "source": "Hessische Verwaltung für Bodenmanagement und Geoinformation - Digitale Verwaltungsgrenzen",
                "id": "way/316512001"
            },
            "geometry": {
                "type": "LineString",
                "coordinates": [
                    [9.7541825, 50.4174881],
                    [9.7536087, 50.416906],
                    [9.7512186, 50.4144033],
                    [9.751343, 50.4136675],
                    [9.75137, 50.412237],
                    [9.7513628, 50.4119795],
                    [9.7511537, 50.4117562],
                    [9.7512653, 50.4113898],
                    [9.7517712, 50.4112177],
                    [9.7519446, 50.4109951],
                    [9.7528142, 50.410638],
                    [9.7530624, 50.4107625],
                    [9.7534148, 50.4105708],
                    [9.7537756, 50.4098936],
                    [9.7541243, 50.4095081],
                    [9.7544063, 50.4089177],
                    [9.7550735, 50.4083486],
                    [9.755705, 50.4079832],
                    [9.7563574, 50.4072021],
                    [9.7569659, 50.4065461],
                    [9.7572056, 50.4061987],
                    [9.7572259, 50.4057615],
                    [9.7573654, 50.405245],
                    [9.7577753, 50.4050728],
                    [9.7578072, 50.4044803],
                    [9.7582318, 50.4041358],
                    [9.7582643, 50.4036951],
                    [9.758617, 50.4034363],
                    [9.7587406, 50.4031328],
                    [9.7595865, 50.4024821],
                    [9.7597608, 50.4020755],
                    [9.7593042, 50.401773],
                    [9.7586355, 50.4011858],
                    [9.7578925, 50.4005224],
                    [9.7574456, 50.3999178],
                    [9.7572488, 50.3994213],
                    [9.7567838, 50.3984885],
                    [9.7563146, 50.397155],
                    [9.756035, 50.3959597],
                    [9.7557768, 50.3951848],
                    [9.7554748, 50.3942295],
                    [9.7549535, 50.3934744],
                    [9.7546769, 50.3923383],
                    [9.7542224, 50.39157],
                    [9.7541278, 50.3907539],
                    [9.7547005, 50.3896563],
                    [9.75467, 50.3891356],
                    [9.7545559, 50.3876406]
                ]
            }
        },
        {
            "type": "Feature",
            "id": "way/321634121",
            "properties": {
                "admin_level": "4",
                "boundary": "administrative",
                "source": "Hessische Verwaltung für Bodenmanagement und Geoinformation - Digitale Verwaltungsgrenzen",
                "id": "way/321634121"
            },
            "geometry": {
                "type": "LineString",
                "coordinates": [
                    [9.213334, 50.1466595],
                    [9.2127764, 50.1466731],
                    [9.211807, 50.1466927],
                    [9.2117382, 50.1457412],
                    [9.2116447, 50.1446946]
                ]
            }
        },
        {
            "type": "Feature",
            "id": "way/324318143",
            "properties": {
                "admin_level": "4",
                "boundary": "administrative",
                "source": "http://wiki.openstreetmap.org/wiki/Import/Catalogue/Kreisgrenzen_Deutschland_2005",
                "id": "way/324318143"
            },
            "geometry": {
                "type": "LineString",
                "coordinates": [
                    [8.253413, 50.0223772],
                    [8.254182, 50.0219361]
                ]
            }
        },
        {
            "type": "Feature",
            "id": "way/325832520",
            "properties": {
                "admin_level": "4",
                "boundary": "administrative",
                "source": "http://wiki.openstreetmap.org/wiki/Import/Catalogue/Kreisgrenzen_Deutschland_2005",
                "id": "way/325832520"
            },
            "geometry": {
                "type": "LineString",
                "coordinates": [
                    [8.2705949, 50.0115265],
                    [8.2716978, 50.0107597]
                ]
            }
        },
        {
            "type": "Feature",
            "id": "way/325832521",
            "properties": {
                "admin_level": "4",
                "boundary": "administrative",
                "source": "http://wiki.openstreetmap.org/wiki/Import/Catalogue/Kreisgrenzen_Deutschland_2005",
                "id": "way/325832521"
            },
            "geometry": {
                "type": "LineString",
                "coordinates": [
                    [8.2234863, 50.0315625],
                    [8.2273633, 50.0313502],
                    [8.2337337, 50.0307793],
                    [8.2358933, 50.0306053],
                    [8.238164, 50.0299477],
                    [8.2433881, 50.0284268]
                ]
            }
        },
        {
            "type": "Feature",
            "id": "way/335066620",
            "properties": {
                "admin_level": "4",
                "boundary": "administrative",
                "source": "Hessische Verwaltung für Bodenmanagement und Geoinformation - Digitale Verwaltungsgrenzen",
                "id": "way/335066620"
            },
            "geometry": {
                "type": "LineString",
                "coordinates": [
                    [9.1458004, 50.0923395],
                    [9.145684, 50.0925856],
                    [9.1452974, 50.0927911],
                    [9.1448563, 50.0929445],
                    [9.1445383, 50.0930602],
                    [9.1442522, 50.093194],
                    [9.1440182, 50.0933423],
                    [9.1438247, 50.0935195],
                    [9.1437119, 50.0937807],
                    [9.1436867, 50.0941252]
                ]
            }
        },
        {
            "type": "Feature",
            "id": "way/335066622",
            "properties": {
                "admin_level": "4",
                "boundary": "administrative",
                "source": "Hessische Verwaltung für Bodenmanagement und Geoinformation - Digitale Verwaltungsgrenzen",
                "id": "way/335066622"
            },
            "geometry": {
                "type": "LineString",
                "coordinates": [
                    [9.1476165, 50.0915573],
                    [9.1459276, 50.0914696],
                    [9.1458411, 50.0916644],
                    [9.1457821, 50.0918591],
                    [9.145809, 50.0921777],
                    [9.1458004, 50.0923395]
                ]
            }
        },
        {
            "type": "Feature",
            "id": "way/363638877",
            "properties": {
                "admin_level": "4",
                "boundary": "administrative",
                "source": "http://wiki.openstreetmap.org/wiki/Import/Catalogue/Kreisgrenzen_Deutschland_2005",
                "id": "way/363638877"
            },
            "geometry": {
                "type": "LineString",
                "coordinates": [
                    [8.2117011, 50.0330416],
                    [8.2122547, 50.0329559]
                ]
            }
        },
        {
            "type": "Feature",
            "id": "way/363638883",
            "properties": {
                "admin_level": "4",
                "boundary": "administrative",
                "source": "http://wiki.openstreetmap.org/wiki/Import/Catalogue/Kreisgrenzen_Deutschland_2005",
                "id": "way/363638883"
            },
            "geometry": {
                "type": "LineString",
                "coordinates": [
                    [8.2433881, 50.0284268],
                    [8.2458851, 50.0271832],
                    [8.253413, 50.0223772]
                ]
            }
        },
        {
            "type": "Feature",
            "id": "way/377641541",
            "properties": {
                "admin_level": "4",
                "boundary": "administrative",
                "source": "Hessische Verwaltung für Bodenmanagement und Geoinformation - Digitale Verwaltungsgrenzen",
                "id": "way/377641541"
            },
            "geometry": {
                "type": "LineString",
                "coordinates": [
                    [8.3780829, 49.8325393],
                    [8.3783841, 49.8334169],
                    [8.3787916, 49.8343608],
                    [8.3845083, 49.846308],
                    [8.384862, 49.8471773],
                    [8.3851258, 49.8480598],
                    [8.3852983, 49.8489518],
                    [8.385379, 49.8498492],
                    [8.3853675, 49.8507481],
                    [8.3852637, 49.8516444],
                    [8.3851156, 49.8523211],
                    [8.3847208, 49.8535555]
                ]
            }
        },
        {
            "type": "Feature",
            "id": "way/431908893",
            "properties": {
                "admin_level": "4",
                "boundary": "administrative",
                "source": "ALKIS Hessen + Shapefiles",
                "id": "way/431908893"
            },
            "geometry": {
                "type": "LineString",
                "coordinates": [
                    [8.0404398, 50.2268712],
                    [8.0404945, 50.2268224],
                    [8.040516, 50.2268114],
                    [8.0405336, 50.2268223],
                    [8.0406956, 50.2267492],
                    [8.041218, 50.2265449],
                    [8.0412439, 50.2265877],
                    [8.0413939, 50.2265148],
                    [8.0412074, 50.2261965],
                    [8.0410806, 50.2258384],
                    [8.0409453, 50.2256419],
                    [8.0407481, 50.2250453],
                    [8.0402482, 50.2244872],
                    [8.0401728, 50.2245147],
                    [8.0399916, 50.2243134],
                    [8.0397576, 50.2241656],
                    [8.039406, 50.2241382],
                    [8.0391805, 50.2240691],
                    [8.0390731, 50.2239544],
                    [8.0390557, 50.2237133],
                    [8.0388897, 50.2235986],
                    [8.0386567, 50.2235657],
                    [8.0383044, 50.223577],
                    [8.0379952, 50.2236684],
                    [8.037893, 50.2236897],
                    [8.037939, 50.2236987],
                    [8.0379073, 50.2237009],
                    [8.0374981, 50.2235891],
                    [8.0373248, 50.2235314],
                    [8.0365381, 50.22331],
                    [8.0361421, 50.2232244],
                    [8.0360754, 50.2232054],
                    [8.0358498, 50.22314],
                    [8.0357705, 50.2231122],
                    [8.0355998, 50.2230418],
                    [8.035391, 50.2229253],
                    [8.0353089, 50.2228637],
                    [8.0350497, 50.222604],
                    [8.0350002, 50.2225298],
                    [8.03494, 50.222416],
                    [8.0348854, 50.2222787],
                    [8.0348524, 50.2221521],
                    [8.0348388, 50.2220245],
                    [8.0348744, 50.2219473],
                    [8.0348266, 50.2217682],
                    [8.0347091, 50.2217475],
                    [8.0346811, 50.2217536],
                    [8.0346943, 50.2217093],
                    [8.0345773, 50.2217008],
                    [8.034507, 50.2216793],
                    [8.0345228, 50.2215731],
                    [8.0345171, 50.2213774],
                    [8.0344873, 50.221205],
                    [8.0346988, 50.2210566],
                    [8.0349299, 50.22095],
                    [8.0354982, 50.2208549],
                    [8.0356288, 50.2208139],
                    [8.0366221, 50.2204389],
                    [8.0370787, 50.2202571],
                    [8.0373806, 50.2200962],
                    [8.0376102, 50.2199229],
                    [8.0377903, 50.2197039],
                    [8.0378834, 50.2195721],
                    [8.0378774, 50.2192764],
                    [8.0378205, 50.2190701],
                    [8.0376715, 50.2188176],
                    [8.0375001, 50.2185071],
                    [8.0372384, 50.2181067],
                    [8.0369366, 50.2177803],
                    [8.0365896, 50.2175],
                    [8.0359385, 50.2169369],
                    [8.0358884, 50.2169117],
                    [8.0357349, 50.2168864],
                    [8.0355799, 50.216849],
                    [8.0354389, 50.216852],
                    [8.0353883, 50.216844],
                    [8.0351425, 50.2167722],
                    [8.0351054, 50.2166711],
                    [8.0350104, 50.2165117],
                    [8.0349817, 50.216412],
                    [8.03494, 50.2163105],
                    [8.0350036, 50.2160432],
                    [8.0349461, 50.2158338],
                    [8.0348812, 50.2158142]
                ]
            }
        },
        {
            "type": "Feature",
            "id": "way/452822918",
            "properties": {
                "admin_level": "4",
                "boundary": "administrative",
                "source": "Hessische Verwaltung für Bodenmanagement und Geoinformation - Digitale Verwaltungsgrenzen",
                "id": "way/452822918"
            },
            "geometry": {
                "type": "LineString",
                "coordinates": [
                    [9.0218161, 50.0440676],
                    [9.0224548, 50.0439959],
                    [9.0230505, 50.0438972],
                    [9.0232522, 50.0438531]
                ]
            }
        },
        {
            "type": "Feature",
            "id": "way/480838351",
            "properties": {
                "admin_level": "4",
                "boundary": "administrative",
                "source": "Hessische Verwaltung für Bodenmanagement und Geoinformation - Digitale Verwaltungsgrenzen",
                "id": "way/480838351"
            },
            "geometry": {
                "type": "LineString",
                "coordinates": [
                    [10.056728, 50.5545958],
                    [10.055492, 50.5536913],
                    [10.0547374, 50.552419],
                    [10.0534634, 50.5510962],
                    [10.052146, 50.5498899],
                    [10.0502772, 50.5482879],
                    [10.0484661, 50.547005],
                    [10.0472863, 50.5454589],
                    [10.0471603, 50.5442052],
                    [10.0470491, 50.5421905],
                    [10.0481978, 50.5410028],
                    [10.0481413, 50.5407484]
                ]
            }
        },
        {
            "type": "Feature",
            "id": "way/480838352",
            "properties": {
                "admin_level": "4",
                "boundary": "administrative",
                "source": "Hessische Verwaltung für Bodenmanagement und Geoinformation - Digitale Verwaltungsgrenzen",
                "id": "way/480838352"
            },
            "geometry": {
                "type": "LineString",
                "coordinates": [
                    [10.0453187, 50.5744377],
                    [10.045328, 50.5741619]
                ]
            }
        },
        {
            "type": "Feature",
            "id": "way/480840366",
            "properties": {
                "admin_level": "4",
                "boundary": "administrative",
                "source": "Hessische Verwaltung für Bodenmanagement und Geoinformation - Digitale Verwaltungsgrenzen",
                "id": "way/480840366"
            },
            "geometry": {
                "type": "LineString",
                "coordinates": [
                    [10.0501526, 50.5659489],
                    [10.0503607, 50.565692],
                    [10.0502808, 50.564772],
                    [10.0507788, 50.5639445],
                    [10.0510711, 50.5632105]
                ]
            }
        },
        {
            "type": "Feature",
            "id": "way/480840367",
            "properties": {
                "admin_level": "4",
                "boundary": "administrative",
                "source": "Hessische Verwaltung für Bodenmanagement und Geoinformation - Digitale Verwaltungsgrenzen",
                "id": "way/480840367"
            },
            "geometry": {
                "type": "LineString",
                "coordinates": [
                    [10.045328, 50.5741619],
                    [10.0453384, 50.5738517],
                    [10.0454705, 50.573261],
                    [10.0460134, 50.572375],
                    [10.0462303, 50.5715174],
                    [10.0468573, 50.570556],
                    [10.0476555, 50.5694061],
                    [10.0476682, 50.5687461],
                    [10.048528, 50.5675719],
                    [10.0493635, 50.5669232],
                    [10.0501526, 50.5659489]
                ]
            }
        },
        {
            "type": "Feature",
            "id": "way/481001748",
            "properties": {
                "admin_level": "4",
                "boundary": "administrative",
                "source": "Hessische Verwaltung für Bodenmanagement und Geoinformation - Digitale Verwaltungsgrenzen",
                "id": "way/481001748"
            },
            "geometry": {
                "type": "LineString",
                "coordinates": [
                    [9.9638523, 50.6376395],
                    [9.9645235, 50.6380435],
                    [9.9652157, 50.6385801],
                    [9.9652513, 50.6389707],
                    [9.9659704, 50.639332],
                    [9.9662888, 50.6395993],
                    [9.9674099, 50.6401179],
                    [9.9682567, 50.6407207],
                    [9.9687559, 50.6412499],
                    [9.9675415, 50.6424759],
                    [9.9661518, 50.6437995],
                    [9.9651103, 50.6449367],
                    [9.9638292, 50.6459322],
                    [9.9632829, 50.6462526],
                    [9.961899, 50.6471939],
                    [9.9606286, 50.6481498],
                    [9.9598012, 50.6488752],
                    [9.9587141, 50.6497657],
                    [9.9575208, 50.6507253],
                    [9.9563039, 50.6516393],
                    [9.9541881, 50.6531979],
                    [9.9531891, 50.6539436],
                    [9.9529762, 50.6540967],
                    [9.9514322, 50.6550137],
                    [9.9504306, 50.6554952],
                    [9.9503713, 50.6554928],
                    [9.9496368, 50.6560376],
                    [9.9492883, 50.6570375],
                    [9.9489466, 50.6579594],
                    [9.9489847, 50.6580729],
                    [9.9493609, 50.6585755],
                    [9.9500882, 50.6592977],
                    [9.9505005, 50.6596778],
                    [9.9509575, 50.6603026],
                    [9.9493559, 50.6611838],
                    [9.9488095, 50.6615499]
                ]
            }
        },
        {
            "type": "Feature",
            "id": "way/481002578",
            "properties": {
                "admin_level": "4",
                "boundary": "administrative",
                "source": "Hessische Verwaltung für Bodenmanagement und Geoinformation - Digitale Verwaltungsgrenzen",
                "id": "way/481002578"
            },
            "geometry": {
                "type": "LineString",
                "coordinates": [
                    [9.9479685, 50.6621134],
                    [9.9477063, 50.6622784]
                ]
            }
        },
        {
            "type": "Feature",
            "id": "way/481006108",
            "properties": {
                "admin_level": "4",
                "boundary": "administrative",
                "source": "Hessische Verwaltung für Bodenmanagement und Geoinformation - Digitale Verwaltungsgrenzen",
                "id": "way/481006108"
            },
            "geometry": {
                "type": "LineString",
                "coordinates": [
                    [9.9789908, 50.6690526],
                    [9.9791225, 50.6691145],
                    [9.9794873, 50.669286],
                    [9.9818, 50.6704944],
                    [9.9821648, 50.6706792],
                    [9.9825443, 50.67092],
                    [9.9832624, 50.6713307],
                    [9.9835362, 50.6716181],
                    [9.9837556, 50.6717869],
                    [9.9840012, 50.6719369],
                    [9.9849223, 50.6724077],
                    [9.9856709, 50.6728227],
                    [9.9864174, 50.6731631],
                    [9.9867525, 50.6732847],
                    [9.9874699, 50.6736918],
                    [9.9878713, 50.67377],
                    [9.9883282, 50.673971],
                    [9.9889111, 50.6741577],
                    [9.9897824, 50.6744032],
                    [9.9907877, 50.6746442],
                    [9.9917432, 50.6749107],
                    [9.9923168, 50.6748502],
                    [9.9926089, 50.6748518],
                    [9.9932578, 50.6750647],
                    [9.9939606, 50.6753392],
                    [9.9943736, 50.6753184],
                    [9.9953138, 50.6753455],
                    [9.9959579, 50.675418],
                    [9.9968039, 50.6754878],
                    [9.9976546, 50.6756937],
                    [9.9983425, 50.6758942],
                    [9.9994312, 50.67611],
                    [10.0005893, 50.6762737],
                    [10.001901, 50.6765683],
                    [10.0021942, 50.6766276],
                    [10.0029427, 50.6764593],
                    [10.0040576, 50.6763119],
                    [10.0045097, 50.6762958],
                    [10.0047989, 50.6762663],
                    [10.005853, 50.6760838],
                    [10.0063208, 50.6759347],
                    [10.0094058, 50.6753807],
                    [10.0110505, 50.6750611],
                    [10.0139038, 50.6744485],
                    [10.0157994, 50.6740361],
                    [10.0174876, 50.673653],
                    [10.0199488, 50.6731697],
                    [10.0214694, 50.6730744],
                    [10.0225188, 50.6731893],
                    [10.0232842, 50.673383],
                    [10.0241772, 50.6735864],
                    [10.0248272, 50.6738804],
                    [10.0253166, 50.6739333],
                    [10.0266397, 50.6738243],
                    [10.0273731, 50.6740162],
                    [10.0287358, 50.6744451]
                ]
            }
        },
        {
            "type": "Feature",
            "id": "way/481006125",
            "properties": {
                "admin_level": "4",
                "boundary": "administrative",
                "source": "Hessische Verwaltung für Bodenmanagement und Geoinformation - Digitale Verwaltungsgrenzen",
                "id": "way/481006125"
            },
            "geometry": {
                "type": "LineString",
                "coordinates": [
                    [9.9488095, 50.6615499],
                    [9.9479685, 50.6621134]
                ]
            }
        },
        {
            "type": "Feature",
            "id": "way/509957364",
            "properties": {
                "admin_level": "4",
                "boundary": "administrative",
                "source": "Hessische Verwaltung für Bodenmanagement und Geoinformation - Digitale Verwaltungsgrenzen",
                "id": "way/509957364"
            },
            "geometry": {
                "type": "LineString",
                "coordinates": [
                    [9.0771391, 50.1159433],
                    [9.0762113, 50.1165089],
                    [9.0749824, 50.1170122],
                    [9.0739919, 50.1175403],
                    [9.0732092, 50.1181966],
                    [9.0724195, 50.1188499],
                    [9.0715298, 50.1194922]
                ]
            }
        },
        {
            "type": "Feature",
            "id": "way/509967298",
            "properties": {
                "admin_level": "4",
                "boundary": "administrative",
                "source": "Hessische Verwaltung für Bodenmanagement und Geoinformation - Digitale Verwaltungsgrenzen",
                "id": "way/509967298"
            },
            "geometry": {
                "type": "LineString",
                "coordinates": [
                    [9.1530083, 50.1064071],
                    [9.1530632, 50.1064686],
                    [9.1539944, 50.1070741],
                    [9.1545176, 50.1081025],
                    [9.1551006, 50.1102238],
                    [9.1555293, 50.1108182],
                    [9.1559072, 50.1113558],
                    [9.1557891, 50.1122302],
                    [9.1555482, 50.1127674],
                    [9.1553033, 50.1131835],
                    [9.1547545, 50.1136126],
                    [9.1544066, 50.1138172],
                    [9.1539463, 50.1141909],
                    [9.153784, 50.1144704],
                    [9.1537356, 50.1149937],
                    [9.1537443, 50.1154834],
                    [9.153774, 50.116283],
                    [9.1538182, 50.1168055],
                    [9.1537376, 50.1172504],
                    [9.1537264, 50.1177173],
                    [9.153659, 50.1177152],
                    [9.1536489, 50.1177284],
                    [9.1535759, 50.1177451],
                    [9.1535496, 50.1177708],
                    [9.1534598, 50.1178093],
                    [9.1534088, 50.1177908],
                    [9.1533933, 50.1177647],
                    [9.1533425, 50.1177422],
                    [9.1532309, 50.1177163],
                    [9.1531668, 50.117687],
                    [9.1530998, 50.117632],
                    [9.1529699, 50.117583],
                    [9.1528043, 50.1175379],
                    [9.1527704, 50.1175192],
                    [9.1527136, 50.1174267],
                    [9.1526071, 50.1173634],
                    [9.1525234, 50.1173409],
                    [9.1524599, 50.117306],
                    [9.1524622, 50.1172601],
                    [9.152398, 50.1172532],
                    [9.1523044, 50.1172629],
                    [9.1522796, 50.1172541],
                    [9.1522741, 50.1172416],
                    [9.1523342, 50.1171662],
                    [9.152328, 50.1171156],
                    [9.1521476, 50.1171437],
                    [9.152121, 50.1171196],
                    [9.1521576, 50.1169811],
                    [9.1521288, 50.1169227],
                    [9.1518355, 50.1168978],
                    [9.1516917, 50.1168152],
                    [9.1516402, 50.11675],
                    [9.15159, 50.1167321],
                    [9.1515545, 50.1166975],
                    [9.151498, 50.1166919],
                    [9.1514774, 50.1166635],
                    [9.1513912, 50.116593],
                    [9.1513785, 50.1165537],
                    [9.1512687, 50.1164495],
                    [9.151195, 50.1164183],
                    [9.1511732, 50.1163998],
                    [9.1510287, 50.1163614],
                    [9.1509819, 50.1163685],
                    [9.1509437, 50.1163622],
                    [9.1509403, 50.1163108],
                    [9.1508075, 50.1162542],
                    [9.1507404, 50.1162461],
                    [9.150652, 50.1162614],
                    [9.150605, 50.1162218],
                    [9.1505461, 50.1162101],
                    [9.1504726, 50.1161128],
                    [9.150421, 50.1160991],
                    [9.1502958, 50.1161203],
                    [9.1502185, 50.1160934],
                    [9.15018, 50.1160315],
                    [9.1500625, 50.1160307],
                    [9.1500428, 50.11597],
                    [9.1500821, 50.115916],
                    [9.1499499, 50.1158967],
                    [9.1497259, 50.1159715],
                    [9.1496079, 50.1158902],
                    [9.149517, 50.115862],
                    [9.1495323, 50.115826],
                    [9.1494626, 50.1157557],
                    [9.1493753, 50.1157713],
                    [9.1492466, 50.1157258],
                    [9.1491494, 50.1156548],
                    [9.1490955, 50.1156576],
                    [9.149056, 50.1156802],
                    [9.1489775, 50.115678],
                    [9.1488842, 50.1157034],
                    [9.1487947, 50.1156993],
                    [9.1487954, 50.1156333],
                    [9.1487541, 50.1156512],
                    [9.148791, 50.1155595],
                    [9.148753, 50.1155517],
                    [9.1486681, 50.1155244],
                    [9.1485653, 50.1155712],
                    [9.1485282, 50.1156091],
                    [9.1484763, 50.1156312],
                    [9.14848, 50.1155912],
                    [9.1484474, 50.1155449],
                    [9.1484914, 50.1154922],
                    [9.1485336, 50.1154664],
                    [9.1485352, 50.1154215],
                    [9.1484386, 50.115413],
                    [9.1483212, 50.115469],
                    [9.1482762, 50.1154682],
                    [9.148175, 50.1154374],
                    [9.148145, 50.1153338],
                    [9.14794, 50.1152711],
                    [9.1478445, 50.1152759],
                    [9.1477775, 50.11525],
                    [9.1477097, 50.1151903],
                    [9.1476858, 50.115181],
                    [9.1476007, 50.115192],
                    [9.1474912, 50.1151454],
                    [9.1474417, 50.1151115],
                    [9.1474513, 50.115063],
                    [9.1474217, 50.1150494],
                    [9.1472572, 50.1150548],
                    [9.1472243, 50.1150273],
                    [9.1472329, 50.1149763],
                    [9.1471461, 50.1149092],
                    [9.1470551, 50.1149158],
                    [9.1470496, 50.1148801],
                    [9.1469338, 50.1148647],
                    [9.1468607, 50.1148384],
                    [9.1467469, 50.1148279],
                    [9.1465936, 50.1147622],
                    [9.1465526, 50.1146951],
                    [9.1465708, 50.1146771],
                    [9.1465942, 50.1146868],
                    [9.146617, 50.1146643],
                    [9.1465638, 50.1146314],
                    [9.1464704, 50.1146052],
                    [9.1464304, 50.1146184],
                    [9.1463561, 50.114613],
                    [9.1463634, 50.1145926],
                    [9.1462777, 50.1145589],
                    [9.1462661, 50.1145177],
                    [9.1461773, 50.114487],
                    [9.1460489, 50.114489],
                    [9.1459975, 50.1144739],
                    [9.1459937, 50.1144317],
                    [9.1459516, 50.1144141],
                    [9.1459117, 50.1143546],
                    [9.1458635, 50.1143431],
                    [9.145785, 50.1143616],
                    [9.145746, 50.114341],
                    [9.1456393, 50.1143477],
                    [9.1455974, 50.1143431],
                    [9.1455196, 50.1143213],
                    [9.1454914, 50.1143031],
                    [9.1454525, 50.1142955],
                    [9.1454339, 50.1142877],
                    [9.1453617, 50.1142767],
                    [9.1453339, 50.1142844],
                    [9.1452881, 50.1141882],
                    [9.1452589, 50.1141974],
                    [9.1452284, 50.1141856],
                    [9.1442037, 50.114407],
                    [9.1434713, 50.1144872],
                    [9.1428266, 50.1146482],
                    [9.1418848, 50.1151641],
                    [9.1409438, 50.1155278],
                    [9.1398939, 50.1159221],
                    [9.1395315, 50.1162226],
                    [9.1390905, 50.1166183],
                    [9.1388928, 50.1171222],
                    [9.1387229, 50.117452],
                    [9.1381976, 50.1177568],
                    [9.1371859, 50.1180318],
                    [9.1358391, 50.1186141],
                    [9.1344262, 50.1193303],
                    [9.1337224, 50.1197113],
                    [9.1316112, 50.1207364],
                    [9.1298461, 50.1214711],
                    [9.1291362, 50.1218323]
                ]
            }
        },
        {
            "type": "Feature",
            "id": "way/509967302",
            "properties": {
                "admin_level": "4",
                "boundary": "administrative",
                "source": "Hessische Verwaltung für Bodenmanagement und Geoinformation - Digitale Verwaltungsgrenzen",
                "id": "way/509967302"
            },
            "geometry": {
                "type": "LineString",
                "coordinates": [
                    [9.089838, 50.1174386],
                    [9.089506, 50.1172201],
                    [9.0893141, 50.1170456],
                    [9.0885698, 50.1170733],
                    [9.0869882, 50.1170778],
                    [9.0866504, 50.1170058],
                    [9.0862392, 50.1169666],
                    [9.085651, 50.117073],
                    [9.0851804, 50.1170223],
                    [9.0842234, 50.1169075],
                    [9.0816477, 50.1163521],
                    [9.0798796, 50.1160607],
                    [9.0791497, 50.1159825],
                    [9.0786013, 50.1159109],
                    [9.0771391, 50.1159433]
                ]
            }
        },
        {
            "type": "Feature",
            "id": "way/511139003",
            "properties": {
                "admin_level": "4",
                "boundary": "administrative",
                "source": "Hessische Verwaltung für Bodenmanagement und Geoinformation - Digitale Verwaltungsgrenzen",
                "id": "way/511139003"
            },
            "geometry": {
                "type": "LineString",
                "coordinates": [
                    [9.032233, 49.9245949],
                    [9.0319754, 49.9239309],
                    [9.0312126, 49.9226052],
                    [9.0302501, 49.9210727],
                    [9.0297514, 49.9199874],
                    [9.0286967, 49.9187388],
                    [9.0282547, 49.9180561],
                    [9.0273513, 49.9169473],
                    [9.0268181, 49.9158245],
                    [9.0266834, 49.9152017],
                    [9.0261819, 49.9142198],
                    [9.0255385, 49.9133472],
                    [9.0250828, 49.9129104],
                    [9.0247777, 49.912669],
                    [9.0239023, 49.911236],
                    [9.0233658, 49.9101449]
                ]
            }
        },
        {
            "type": "Feature",
            "id": "way/511152729",
            "properties": {
                "admin_level": "4",
                "boundary": "administrative",
                "source": "Hessische Verwaltung für Bodenmanagement und Geoinformation - Digitale Verwaltungsgrenzen",
                "id": "way/511152729"
            },
            "geometry": {
                "type": "LineString",
                "coordinates": [
                    [9.0377344, 49.8923368],
                    [9.0378239, 49.8921789],
                    [9.0378876, 49.8917911],
                    [9.0374966, 49.8917133],
                    [9.0374312, 49.8916822],
                    [9.0374971, 49.8910907],
                    [9.0375793, 49.890435],
                    [9.0380327, 49.8904091],
                    [9.0377402, 49.8898706],
                    [9.0380014, 49.8898044],
                    [9.0375609, 49.8891367],
                    [9.0377064, 49.889106],
                    [9.037561, 49.8887667],
                    [9.0374885, 49.8885123],
                    [9.0374648, 49.8882571],
                    [9.0374687, 49.8881263],
                    [9.0375852, 49.8876563],
                    [9.0375161, 49.8876435],
                    [9.0375674, 49.8875535],
                    [9.0377202, 49.8873278],
                    [9.0378993, 49.8873704],
                    [9.0379493, 49.8872757],
                    [9.0377089, 49.8872195],
                    [9.0377071, 49.8871022],
                    [9.0374638, 49.8870468],
                    [9.0375471, 49.8868686],
                    [9.0377189, 49.8864605],
                    [9.0378806, 49.8859847],
                    [9.0371241, 49.8858613],
                    [9.0376339, 49.8849116],
                    [9.0374302, 49.8847567],
                    [9.0375376, 49.8846129],
                    [9.0372021, 49.8845363],
                    [9.0373856, 49.8841821],
                    [9.0376021, 49.8837839],
                    [9.0376663, 49.8834963],
                    [9.0377019, 49.8834969],
                    [9.0377169, 49.8819119],
                    [9.0373593, 49.8803967],
                    [9.037349, 49.8801561],
                    [9.0372726, 49.8797028],
                    [9.0372343, 49.8791074],
                    [9.0374666, 49.878598],
                    [9.0376103, 49.8781022],
                    [9.0378445, 49.8775686],
                    [9.0381532, 49.8770829],
                    [9.0385895, 49.8761264],
                    [9.0395521, 49.8753069],
                    [9.0402494, 49.8748898],
                    [9.0413873, 49.8741579],
                    [9.0426355, 49.873449],
                    [9.0442695, 49.8723363],
                    [9.045007, 49.8710428],
                    [9.0451667, 49.8702637],
                    [9.04586, 49.8696798],
                    [9.0471695, 49.8693725],
                    [9.0482552, 49.8690767],
                    [9.0489393, 49.8685811],
                    [9.0489898, 49.8680491],
                    [9.0504124, 49.8676799],
                    [9.050522, 49.8672938],
                    [9.050527, 49.8668773],
                    [9.0503093, 49.8662363]
                ]
            }
        },
        {
            "type": "Feature",
            "id": "way/511152733",
            "properties": {
                "admin_level": "4",
                "boundary": "administrative",
                "source": "Hessische Verwaltung für Bodenmanagement und Geoinformation - Digitale Verwaltungsgrenzen",
                "id": "way/511152733"
            },
            "geometry": {
                "type": "LineString",
                "coordinates": [
                    [9.0257286, 49.9387746],
                    [9.0258231, 49.9379557],
                    [9.0259476, 49.9375455],
                    [9.0259926, 49.9372672],
                    [9.0262644, 49.9362962],
                    [9.0266485, 49.9354432],
                    [9.027136, 49.9341861],
                    [9.0279172, 49.9330597],
                    [9.0283396, 49.9327474],
                    [9.0291673, 49.932396],
                    [9.029634, 49.931527],
                    [9.0295573, 49.9308896],
                    [9.029396, 49.929901],
                    [9.0295676, 49.9284462],
                    [9.0291654, 49.9274947],
                    [9.0298274, 49.9268708],
                    [9.0310949, 49.925942],
                    [9.0318896, 49.9251703],
                    [9.0321895, 49.9248395],
                    [9.032233, 49.9245949]
                ]
            }
        },
        {
            "type": "Feature",
            "id": "way/511662018",
            "properties": {
                "admin_level": "4",
                "boundary": "administrative",
                "source": "Hessische Verwaltung für Bodenmanagement und Geoinformation - Digitale Verwaltungsgrenzen",
                "id": "way/511662018"
            },
            "geometry": {
                "type": "LineString",
                "coordinates": [
                    [9.1747958, 50.1140824],
                    [9.1746348, 50.1141103],
                    [9.1744752, 50.1140529],
                    [9.1744628, 50.1139707],
                    [9.1741403, 50.1137608],
                    [9.1740232, 50.1137585],
                    [9.1739218, 50.1137161],
                    [9.1739559, 50.1136793],
                    [9.1738356, 50.1136278],
                    [9.1737547, 50.1136693],
                    [9.1736436, 50.1136739],
                    [9.1734858, 50.1136919],
                    [9.1733555, 50.1136399],
                    [9.173214, 50.1136074],
                    [9.1731275, 50.1135048],
                    [9.1729667, 50.1133717],
                    [9.1728506, 50.1133538],
                    [9.1727379, 50.1132417],
                    [9.1726652, 50.1130533],
                    [9.1724639, 50.1129585],
                    [9.1722985, 50.112875],
                    [9.1720825, 50.112835],
                    [9.1719646, 50.1128661],
                    [9.1717843, 50.1127593],
                    [9.1717547, 50.112603],
                    [9.1717112, 50.1125435],
                    [9.1716763, 50.1123969],
                    [9.1715208, 50.1123236],
                    [9.1712858, 50.1122725],
                    [9.171002, 50.1120933],
                    [9.1710193, 50.1120337],
                    [9.170834, 50.1119898],
                    [9.1706743, 50.111896],
                    [9.1705909, 50.1117975],
                    [9.1705561, 50.1117143],
                    [9.1704446, 50.1115485],
                    [9.1702492, 50.111427],
                    [9.1700624, 50.1114035],
                    [9.1697938, 50.1112796],
                    [9.1695504, 50.1111929],
                    [9.1693525, 50.1110846],
                    [9.1692556, 50.1110171],
                    [9.169248, 50.1109595],
                    [9.1690422, 50.110873],
                    [9.1689528, 50.1108156],
                    [9.1688618, 50.11072],
                    [9.1688481, 50.1105311],
                    [9.1688183, 50.1104833],
                    [9.1685342, 50.1104836],
                    [9.1684831, 50.1104563],
                    [9.1684551, 50.1104359],
                    [9.1684462, 50.1103982],
                    [9.1685104, 50.1103671],
                    [9.1684331, 50.1102941],
                    [9.1682728, 50.110187],
                    [9.1681801, 50.1101137],
                    [9.1680575, 50.1100398],
                    [9.167977, 50.1100216],
                    [9.1677565, 50.1099584],
                    [9.1676115, 50.1099228],
                    [9.1675482, 50.1097848],
                    [9.1676095, 50.1095893],
                    [9.1675291, 50.1095281],
                    [9.1674022, 50.1094006],
                    [9.1673721, 50.1093106],
                    [9.1672728, 50.1092175],
                    [9.1671129, 50.1091435],
                    [9.1667842, 50.1090966],
                    [9.166659, 50.1090504],
                    [9.1666027, 50.1089471],
                    [9.166421, 50.1087546],
                    [9.16639, 50.1085963],
                    [9.1664473, 50.1085154],
                    [9.1665665, 50.1084],
                    [9.1664898, 50.108346],
                    [9.1665086, 50.108286],
                    [9.16646, 50.1081654],
                    [9.1665328, 50.1080703],
                    [9.1665541, 50.1079494],
                    [9.1664854, 50.1078821],
                    [9.1663767, 50.1077948],
                    [9.1662963, 50.1076856],
                    [9.1661423, 50.1075758],
                    [9.1660866, 50.1075158],
                    [9.1660771, 50.1074216],
                    [9.1661896, 50.1074018],
                    [9.1663142, 50.1073904],
                    [9.1664431, 50.1073471],
                    [9.1664515, 50.1072754],
                    [9.1663728, 50.1072673],
                    [9.1662889, 50.1072205],
                    [9.16621, 50.107116],
                    [9.1661368, 50.1070659],
                    [9.1660637, 50.1069589],
                    [9.166095, 50.1068736],
                    [9.1660816, 50.1067292],
                    [9.1659963, 50.1066512],
                    [9.1659853, 50.1065302],
                    [9.1658841, 50.1064431],
                    [9.1658732, 50.1064037],
                    [9.165771, 50.1063251],
                    [9.1656926, 50.1063151],
                    [9.1655012, 50.1062655],
                    [9.1653817, 50.1061772],
                    [9.1652722, 50.1061183],
                    [9.1650953, 50.1060618],
                    [9.1649631, 50.1060366],
                    [9.1648915, 50.1059699],
                    [9.1646087, 50.1058314],
                    [9.1644451, 50.1057657],
                    [9.1642147, 50.1057105],
                    [9.1638938, 50.1057642],
                    [9.1636174, 50.1057567],
                    [9.163386, 50.1056106],
                    [9.1633482, 50.1055504],
                    [9.1633084, 50.1054998],
                    [9.1632929, 50.1054072],
                    [9.1632999, 50.1053322],
                    [9.1631783, 50.1052365],
                    [9.1630849, 50.1052182],
                    [9.1630349, 50.1051902],
                    [9.1629187, 50.105098],
                    [9.1628265, 50.1050033],
                    [9.1627601, 50.1048491],
                    [9.1627783, 50.1047876],
                    [9.1629053, 50.1047494],
                    [9.1629428, 50.1046549],
                    [9.1627234, 50.1044478],
                    [9.1626631, 50.1044228],
                    [9.1625423, 50.1044278],
                    [9.1624619, 50.1044075],
                    [9.1623644, 50.1043376],
                    [9.1623701, 50.1042973],
                    [9.162541, 50.1042107],
                    [9.1626405, 50.1041971],
                    [9.1627671, 50.1041443],
                    [9.1627045, 50.1040833],
                    [9.1626216, 50.1040433],
                    [9.1620959, 50.1036103],
                    [9.1615921, 50.1033856],
                    [9.1615415, 50.1032849],
                    [9.1615152, 50.1030102],
                    [9.1611643, 50.1028857],
                    [9.1610322, 50.1028196],
                    [9.1609096, 50.1027902],
                    [9.1607616, 50.102731],
                    [9.1607029, 50.102628],
                    [9.1606152, 50.1025253],
                    [9.1604565, 50.1024044],
                    [9.160307, 50.1021669],
                    [9.1602875, 50.102028],
                    [9.1603915, 50.1018254],
                    [9.1604289, 50.1016784],
                    [9.1602649, 50.1015175],
                    [9.1601353, 50.1013164],
                    [9.160049, 50.1012406],
                    [9.1599328, 50.1011935],
                    [9.1598007, 50.1011562],
                    [9.159808, 50.1011035],
                    [9.1598804, 50.1010308],
                    [9.1599461, 50.1008689],
                    [9.1598779, 50.1007512],
                    [9.1598492, 50.1005423],
                    [9.1598158, 50.1004274],
                    [9.1597231, 50.1003715],
                    [9.1595607, 50.1002279],
                    [9.1592522, 50.1000727],
                    [9.1591634, 50.0999923],
                    [9.1592908, 50.0998892],
                    [9.1600668, 50.0992293],
                    [9.1610016, 50.0986436],
                    [9.1619787, 50.0983593],
                    [9.1625047, 50.0982273]
                ]
            }
        },
        {
            "type": "Feature",
            "id": "way/512315232",
            "properties": {
                "admin_level": "4",
                "boundary": "administrative",
                "source": "Hessische Verwaltung für Bodenmanagement und Geoinformation - Digitale Verwaltungsgrenzen",
                "id": "way/512315232"
            },
            "geometry": {
                "type": "LineString",
                "coordinates": [
                    [9.5115241, 50.1269857],
                    [9.5121137, 50.1252808],
                    [9.5125693, 50.1239338],
                    [9.513662, 50.1222421],
                    [9.5143622, 50.121158],
                    [9.5159563, 50.1188035],
                    [9.516928, 50.1173272],
                    [9.5178768, 50.1158976],
                    [9.5188615, 50.114217],
                    [9.5194639, 50.1131994],
                    [9.5189189, 50.1114001],
                    [9.5186893, 50.1106243],
                    [9.5185928, 50.109866],
                    [9.518502, 50.109152],
                    [9.5183987, 50.1083395],
                    [9.5183039, 50.107594],
                    [9.5188652, 50.1067602],
                    [9.5188655, 50.1067597],
                    [9.5193512, 50.1060242]
                ]
            }
        },
        {
            "type": "Feature",
            "id": "way/532267006",
            "properties": {
                "admin_level": "4",
                "boundary": "administrative",
                "source": "Hessische Verwaltung für Bodenmanagement und Geoinformation - Digitale Verwaltungsgrenzen",
                "id": "way/532267006"
            },
            "geometry": {
                "type": "LineString",
                "coordinates": [
                    [8.9988318, 50.0799344],
                    [8.9988045, 50.0795446],
                    [8.998591, 50.0779584],
                    [8.9984848, 50.0772159]
                ]
            }
        },
        {
            "type": "Feature",
            "id": "way/535251958",
            "properties": {
                "admin_level": "4",
                "boundary": "administrative",
                "source": "ALKIS Hessen + Shapefiles",
                "id": "way/535251958"
            },
            "geometry": {
                "type": "LineString",
                "coordinates": [
                    [9.0821613, 49.8110048],
                    [9.0826142, 49.8103312],
                    [9.0836915, 49.8095854],
                    [9.0847842, 49.8087962],
                    [9.0855471, 49.8077925],
                    [9.0859668, 49.8068647],
                    [9.0863094, 49.8065805],
                    [9.0865227, 49.8060407],
                    [9.0868148, 49.8052409],
                    [9.0869538, 49.8044807],
                    [9.0871726, 49.8036542],
                    [9.0872716, 49.8029197],
                    [9.0872973, 49.8021638],
                    [9.0875442, 49.8014849],
                    [9.0877808, 49.8007792],
                    [9.0872977, 49.799645],
                    [9.0870316, 49.799423],
                    [9.0875816, 49.798636]
                ]
            }
        },
        {
            "type": "Feature",
            "id": "way/541175315",
            "properties": {
                "admin_level": "4",
                "boundary": "administrative",
                "source": "Hessische Verwaltung für Bodenmanagement und Geoinformation - Digitale Verwaltungsgrenzen",
                "id": "way/541175315"
            },
            "geometry": {
                "type": "LineString",
                "coordinates": [
                    [9.0878649, 49.5975388],
                    [9.0883788, 49.5968934],
                    [9.088476, 49.5963438],
                    [9.0886499, 49.5958274],
                    [9.0884107, 49.5954127],
                    [9.0884846, 49.5948636],
                    [9.0885809, 49.5943067],
                    [9.0887871, 49.5937813],
                    [9.0889833, 49.5932371],
                    [9.0895899, 49.5924208],
                    [9.089888, 49.5920417],
                    [9.0904067, 49.5910785],
                    [9.0905062, 49.5908975],
                    [9.090557, 49.5908189],
                    [9.0907905, 49.5903627],
                    [9.0910324, 49.5899897],
                    [9.0912186, 49.5896421],
                    [9.09137, 49.5894131],
                    [9.0915551, 49.5891472],
                    [9.091755, 49.5888788],
                    [9.0919307, 49.588621],
                    [9.0921826, 49.5884427],
                    [9.0924128, 49.5882541],
                    [9.0928016, 49.5878507],
                    [9.0929878, 49.5876276],
                    [9.0933113, 49.5873218],
                    [9.0934672, 49.5872308],
                    [9.0937095, 49.5871074],
                    [9.0939621, 49.5869573],
                    [9.0942705, 49.5868219],
                    [9.0945704, 49.5866794],
                    [9.0949843, 49.5864697],
                    [9.0954001, 49.5862292],
                    [9.0960733, 49.5857867],
                    [9.0965822, 49.5854381],
                    [9.0969544, 49.5851374],
                    [9.0972292, 49.5847781],
                    [9.0975709, 49.5844857],
                    [9.0980204, 49.5839774],
                    [9.0981747, 49.5837461],
                    [9.0983199, 49.5835164],
                    [9.0985095, 49.5831414],
                    [9.0987061, 49.5829279],
                    [9.0988897, 49.5827157],
                    [9.0993518, 49.5820845],
                    [9.0995748, 49.5818788],
                    [9.1000875, 49.5814245],
                    [9.1006352, 49.5810683],
                    [9.101142, 49.580914],
                    [9.1014097, 49.5808282],
                    [9.1016068, 49.5806732],
                    [9.1017873, 49.5805237],
                    [9.1020639, 49.5802532],
                    [9.1023751, 49.5798421],
                    [9.1026027, 49.5794731],
                    [9.1027644, 49.5791735],
                    [9.1027334, 49.5784997],
                    [9.1025799, 49.5778885],
                    [9.102729, 49.5774873]
                ]
            }
        },
        {
            "type": "Feature",
            "id": "way/541393500",
            "properties": {
                "admin_level": "4",
                "boundary": "administrative",
                "source": "ALKIS Hessen + Shapefiles",
                "id": "way/541393500"
            },
            "geometry": {
                "type": "LineString",
                "coordinates": [
                    [9.0893251, 49.6786499],
                    [9.0895227, 49.6768406],
                    [9.0887209, 49.6752259],
                    [9.0886002, 49.6742472],
                    [9.0888354, 49.6735385],
                    [9.0891658, 49.6719916],
                    [9.0890749, 49.6700159],
                    [9.0889064, 49.6694308],
                    [9.0886843, 49.6689757],
                    [9.0888737, 49.6687569],
                    [9.0897262, 49.6683424],
                    [9.0902876, 49.6680029],
                    [9.0908677, 49.6677556],
                    [9.0913944, 49.6675493],
                    [9.0920169, 49.6672687],
                    [9.0921561, 49.6672549],
                    [9.0922257, 49.6672271],
                    [9.0923078, 49.6671099],
                    [9.0923823, 49.667033],
                    [9.0925041, 49.6669825],
                    [9.0928593, 49.666766],
                    [9.0928787, 49.6666583],
                    [9.093092, 49.6664354],
                    [9.0932399, 49.6663708],
                    [9.0934507, 49.6663426],
                    [9.0936645, 49.6662284],
                    [9.0938852, 49.6660844],
                    [9.0939584, 49.6660714],
                    [9.0940411, 49.6659953],
                    [9.0943497, 49.6658479],
                    [9.0945022, 49.6657223],
                    [9.0945773, 49.6656757],
                    [9.094649, 49.6656519],
                    [9.0947386, 49.6656321],
                    [9.095034, 49.6656517],
                    [9.0951346, 49.66555],
                    [9.0952681, 49.6655262],
                    [9.095416, 49.6655578],
                    [9.0956399, 49.6655366],
                    [9.0957294, 49.6654212],
                    [9.0959095, 49.6654076],
                    [9.0960293, 49.6652267],
                    [9.0962751, 49.6650684],
                    [9.0963581, 49.6649277],
                    [9.0965115, 49.6648074],
                    [9.0966885, 49.6647856],
                    [9.0968054, 49.6647255],
                    [9.0971826, 49.6642445],
                    [9.0972302, 49.664055],
                    [9.0973654, 49.6639067],
                    [9.0976798, 49.6637454],
                    [9.0977761, 49.6636172],
                    [9.0977534, 49.6635122],
                    [9.0976942, 49.6633722],
                    [9.0978612, 49.6633221],
                    [9.0980278, 49.6632227],
                    [9.0980752, 49.6631295],
                    [9.0980971, 49.6630595],
                    [9.0981114, 49.6629777],
                    [9.0982116, 49.6629753],
                    [9.0983033, 49.6629079],
                    [9.0984317, 49.6628675],
                    [9.098553, 49.6626732],
                    [9.0985497, 49.6625659],
                    [9.0986721, 49.6623536],
                    [9.0987609, 49.6622478],
                    [9.0992174, 49.6621424],
                    [9.0992867, 49.662063],
                    [9.0993685, 49.6620021],
                    [9.0994902, 49.6618925],
                    [9.0996465, 49.6618016],
                    [9.0997668, 49.6617495],
                    [9.0999158, 49.661608],
                    [9.0999173, 49.6615505],
                    [9.1000882, 49.6614391],
                    [9.1002355, 49.6614316],
                    [9.1006589, 49.6613034],
                    [9.1007231, 49.6612446],
                    [9.1008124, 49.6612101],
                    [9.1009278, 49.6612022],
                    [9.1010847, 49.6611529],
                    [9.101171, 49.6611571],
                    [9.1012595, 49.6610802],
                    [9.1013357, 49.6610325],
                    [9.1015513, 49.6608762],
                    [9.1017437, 49.6608629],
                    [9.1019484, 49.6608205],
                    [9.1020642, 49.6607296],
                    [9.1020965, 49.6606745],
                    [9.1023399, 49.6605834],
                    [9.1025706, 49.6606004],
                    [9.1027893, 49.6606453],
                    [9.1028953, 49.6605624]
                ]
            }
        },
        {
            "type": "Feature",
            "id": "way/546913666",
            "properties": {
                "admin_level": "4",
                "boundary": "administrative",
                "source": "Hessische Verwaltung für Bodenmanagement und Geoinformation - Digitale Verwaltungsgrenzen (Shapefile)",
                "id": "way/546913666"
            },
            "geometry": {
                "type": "LineString",
                "coordinates": [
                    [8.0526299, 50.3752566],
                    [8.0525193, 50.3753035]
                ]
            }
        },
        {
            "type": "Feature",
            "id": "way/546913667",
            "properties": {
                "admin_level": "4",
                "boundary": "administrative",
                "source": "Hessische Verwaltung für Bodenmanagement und Geoinformation - Digitale Verwaltungsgrenzen (Shapefile)",
                "id": "way/546913667"
            },
            "geometry": {
                "type": "LineString",
                "coordinates": [
                    [8.0525193, 50.3753035],
                    [8.0522909, 50.3754005],
                    [8.0506356, 50.3761724]
                ]
            }
        },
        {
            "type": "Feature",
            "id": "way/546913671",
            "properties": {
                "admin_level": "4",
                "boundary": "administrative",
                "source": "Hessische Verwaltung für Bodenmanagement und Geoinformation - Digitale Verwaltungsgrenzen (Shapefile)",
                "id": "way/546913671"
            },
            "geometry": {
                "type": "LineString",
                "coordinates": [
                    [8.0639193, 50.3689745],
                    [8.0626978, 50.3708399],
                    [8.062686, 50.3708264],
                    [8.0626095, 50.370943],
                    [8.0626201, 50.370954]
                ]
            }
        },
        {
            "type": "Feature",
            "id": "way/552380063",
            "properties": {
                "admin_level": "4",
                "boundary": "administrative",
                "source": "Hessische Verwaltung für Bodenmanagement und Geoinformation - Digitale Verwaltungsgrenzen (Shapefile)",
                "id": "way/552380063"
            },
            "geometry": {
                "type": "LineString",
                "coordinates": [
                    [7.9066031, 50.2016354],
                    [7.907929, 50.202458],
                    [7.9098223, 50.2038024],
                    [7.9121872, 50.2036872],
                    [7.9126523, 50.2036694],
                    [7.9127523, 50.2036962],
                    [7.913436, 50.2043703],
                    [7.9150598, 50.205772],
                    [7.916789, 50.2063331],
                    [7.9169747, 50.2063216],
                    [7.9177119, 50.2066917],
                    [7.9187307, 50.2070525],
                    [7.9208299, 50.2078735],
                    [7.9246526, 50.2077966],
                    [7.9263763, 50.2079478],
                    [7.9286856, 50.2079663]
                ]
            }
        },
        {
            "type": "Feature",
            "id": "way/552420755",
            "properties": {
                "admin_level": "4",
                "boundary": "administrative",
                "source": "Hessische Verwaltung für Bodenmanagement und Geoinformation - Digitale Verwaltungsgrenzen",
                "id": "way/552420755"
            },
            "geometry": {
                "type": "LineString",
                "coordinates": [
                    [8.9984848, 50.0772159],
                    [8.9983665, 50.0763887],
                    [8.9986583, 50.0749432],
                    [8.9989935, 50.0735365],
                    [8.999069, 50.0719708],
                    [8.9991838, 50.0699714],
                    [8.9994023, 50.0695432],
                    [8.9992963, 50.0693405],
                    [8.9991393, 50.069362],
                    [8.9989827, 50.0693362],
                    [8.9988549, 50.0693069],
                    [8.9987201, 50.0692264],
                    [8.9985924, 50.0691218],
                    [8.998484, 50.0690545],
                    [8.9982405, 50.0689854],
                    [8.99819, 50.0689546],
                    [8.9980192, 50.0689061],
                    [8.9978076, 50.0688977],
                    [8.9976489, 50.0688761],
                    [8.9971148, 50.0688448],
                    [8.9969892, 50.0688478],
                    [8.99684, 50.0688701],
                    [8.996614, 50.0689224],
                    [8.9966067, 50.068987],
                    [8.9965853, 50.0690722],
                    [8.9965404, 50.069179],
                    [8.996448, 50.069211],
                    [8.9962114, 50.0691045],
                    [8.9958396, 50.0690176],
                    [8.9956697, 50.0690023],
                    [8.9955564, 50.0689326],
                    [8.9955256, 50.0688946],
                    [8.9954195, 50.068661],
                    [8.9953702, 50.0686239],
                    [8.9953702, 50.068568],
                    [8.9954865, 50.068517],
                    [8.99553, 50.0684231],
                    [8.995637, 50.0682939],
                    [8.9956743, 50.0681744],
                    [8.9956613, 50.0681178],
                    [8.9955956, 50.0680437],
                    [8.9954436, 50.0680006],
                    [8.9952492, 50.0679326],
                    [8.9949751, 50.0678698],
                    [8.9947556, 50.0678801],
                    [8.9946451, 50.0679079],
                    [8.9944681, 50.0679688],
                    [8.9943472, 50.0680433],
                    [8.9942465, 50.068159],
                    [8.9941874, 50.0682044],
                    [8.994108, 50.0682121],
                    [8.9940544, 50.0682244],
                    [8.9939111, 50.0682125],
                    [8.9938468, 50.0681847],
                    [8.9938168, 50.0681362],
                    [8.9937637, 50.0680709],
                    [8.9937061, 50.0679362],
                    [8.9937611, 50.0677959],
                    [8.9937984, 50.0677455],
                    [8.9939006, 50.0676598],
                    [8.9940043, 50.0675993],
                    [8.9940452, 50.0675503],
                    [8.9940589, 50.0675063],
                    [8.9939627, 50.0673958],
                    [8.9938705, 50.0673536],
                    [8.9937132, 50.0673119],
                    [8.993395, 50.067194],
                    [8.9933096, 50.0671761],
                    [8.9931604, 50.0671688],
                    [8.9928278, 50.0671784],
                    [8.9926704, 50.0672112],
                    [8.9925747, 50.0672503],
                    [8.9923561, 50.0673622],
                    [8.9922339, 50.067441],
                    [8.991896, 50.0679631],
                    [8.9918151, 50.0680737],
                    [8.991655, 50.0682113],
                    [8.9914287, 50.0683631]
                ]
            }
        },
        {
            "type": "Feature",
            "id": "way/552420757",
            "properties": {
                "admin_level": "4",
                "boundary": "administrative",
                "source": "Hessische Verwaltung für Bodenmanagement und Geoinformation - Digitale Verwaltungsgrenzen",
                "id": "way/552420757"
            },
            "geometry": {
                "type": "LineString",
                "coordinates": [
                    [8.998924, 50.081253],
                    [8.9988318, 50.0799344]
                ]
            }
        },
        {
            "type": "Feature",
            "id": "way/582264300",
            "properties": {
                "admin_level": "4",
                "boundary": "administrative",
                "source": "ALKIS Hessen + Shapefiles",
                "id": "way/582264300"
            },
            "geometry": {
                "type": "LineString",
                "coordinates": [
                    [9.1058929, 49.6970407],
                    [9.1057417, 49.6969703]
                ]
            }
        },
        {
            "type": "Feature",
            "id": "way/676994678",
            "properties": {
                "admin_level": "4",
                "boundary": "administrative",
                "source": "Hessische Verwaltung für Bodenmanagement und Geoinformation - Digitale Verwaltungsgrenzen",
                "id": "way/676994678"
            },
            "geometry": {
                "type": "LineString",
                "coordinates": [
                    [9.2733058, 50.142618],
                    [9.2707191, 50.1421629],
                    [9.2694976, 50.1415652],
                    [9.2685094, 50.1407628],
                    [9.267559, 50.1399764],
                    [9.2664281, 50.1394775],
                    [9.2652379, 50.1393117],
                    [9.2623288, 50.1391096],
                    [9.2600408, 50.1387797]
                ]
            }
        },
        {
            "type": "Feature",
            "id": "way/683885834",
            "properties": {
                "admin_level": "4",
                "boundary": "administrative",
                "source": "Hessische Verwaltung für Bodenmanagement und Geoinformation - Digitale Verwaltungsgrenzen",
                "id": "way/683885834"
            },
            "geometry": {
                "type": "LineString",
                "coordinates": [
                    [9.1004902, 49.561356],
                    [9.10006, 49.5609617],
                    [9.099701, 49.5607391],
                    [9.0991204, 49.5605923],
                    [9.0982367, 49.5604732],
                    [9.0974769, 49.5605072],
                    [9.0967161, 49.5604588],
                    [9.0958824, 49.5605012],
                    [9.0950901, 49.5605578],
                    [9.0939409, 49.5607562],
                    [9.0931583, 49.561077],
                    [9.0927133, 49.5613594],
                    [9.0924479, 49.5613927],
                    [9.0919799, 49.5614119],
                    [9.0908712, 49.5610831],
                    [9.0892644, 49.5606865],
                    [9.0877864, 49.5609412],
                    [9.0872035, 49.5609963],
                    [9.085796, 49.5610659],
                    [9.0843966, 49.5612928],
                    [9.0837681, 49.5614753],
                    [9.0826663, 49.5616662],
                    [9.0815328, 49.5633148],
                    [9.080895, 49.5645042],
                    [9.0813954, 49.5675173],
                    [9.08147, 49.5683064],
                    [9.0814017, 49.56914],
                    [9.0810681, 49.5701389],
                    [9.0806169, 49.5707914],
                    [9.0796977, 49.5719886],
                    [9.0793337, 49.5726492],
                    [9.0789932, 49.5733795],
                    [9.0780946, 49.5747979],
                    [9.0772886, 49.5749074],
                    [9.0766038, 49.5749712],
                    [9.0755581, 49.5751292],
                    [9.0741322, 49.575153],
                    [9.0738633, 49.5751221]
                ]
            }
        },
        {
            "type": "Feature",
            "id": "way/683900669",
            "properties": {
                "admin_level": "4",
                "boundary": "administrative",
                "source": "Hessische Verwaltung für Bodenmanagement und Geoinformation - Digitale Verwaltungsgrenzen",
                "id": "way/683900669"
            },
            "geometry": {
                "type": "LineString",
                "coordinates": [
                    [9.0474933, 49.511226],
                    [9.0474596, 49.511055],
                    [9.0474447, 49.510829],
                    [9.047378, 49.510698],
                    [9.0473518, 49.5105602]
                ]
            }
        },
        {
            "type": "Feature",
            "id": "way/699223189",
            "properties": {
                "admin_level": "4",
                "boundary": "administrative",
                "source": "Hessische Verwaltung für Bodenmanagement und Geoinformation - Digitale Verwaltungsgrenzen (Shapefile)",
                "id": "way/699223189"
            },
            "geometry": {
                "type": "LineString",
                "coordinates": [
                    [7.945996, 49.9749783],
                    [7.9456989, 49.9749205],
                    [7.9420532, 49.9747055],
                    [7.9419302, 49.9746193]
                ]
            }
        },
        {
            "type": "Feature",
            "id": "way/699223190",
            "properties": {
                "admin_level": "4",
                "boundary": "administrative",
                "source": "Hessische Verwaltung für Bodenmanagement und Geoinformation - Digitale Verwaltungsgrenzen (Shapefile)",
                "id": "way/699223190"
            },
            "geometry": {
                "type": "LineString",
                "coordinates": [
                    [7.9419302, 49.9746193],
                    [7.9417274, 49.9745092],
                    [7.9405137, 49.9743889],
                    [7.9371034, 49.9739714],
                    [7.9365147, 49.9739591],
                    [7.9347089, 49.9740247],
                    [7.9331403, 49.9742366],
                    [7.9329528, 49.9742836],
                    [7.9319086, 49.9742773],
                    [7.9288627, 49.9741779]
                ]
            }
        },
        {
            "type": "Feature",
            "id": "way/699223191",
            "properties": {
                "admin_level": "4",
                "boundary": "administrative",
                "source": "Hessische Verwaltung für Bodenmanagement und Geoinformation - Digitale Verwaltungsgrenzen (Shapefile)",
                "id": "way/699223191"
            },
            "geometry": {
                "type": "LineString",
                "coordinates": [
                    [7.8865825, 49.9718945],
                    [7.8827603, 49.972136],
                    [7.8773686, 49.9727772],
                    [7.8769525, 49.9729269],
                    [7.8737995, 49.974138]
                ]
            }
        },
        {
            "type": "Feature",
            "id": "way/705696046",
            "properties": {
                "admin_level": "4",
                "boundary": "administrative",
                "source": "Hessische Verwaltung für Bodenmanagement und Geoinformation - Digitale Verwaltungsgrenzen",
                "id": "way/705696046"
            },
            "geometry": {
                "type": "LineString",
                "coordinates": [
                    [8.2991327, 49.9887088],
                    [8.2988819, 49.9888429],
                    [8.2924742, 49.9922443],
                    [8.2907728, 49.9932374]
                ]
            }
        },
        {
            "type": "Feature",
            "id": "way/705696047",
            "properties": {
                "admin_level": "4",
                "boundary": "administrative",
                "source": "Hessische Verwaltung für Bodenmanagement und Geoinformation - Digitale Verwaltungsgrenzen",
                "id": "way/705696047"
            },
            "geometry": {
                "type": "LineString",
                "coordinates": [
                    [8.3273554, 49.9690516],
                    [8.3263695, 49.9700619],
                    [8.3234991, 49.972871],
                    [8.3230619, 49.9731687],
                    [8.3176731, 49.9768951],
                    [8.3080784, 49.9839255],
                    [8.2991327, 49.9887088]
                ]
            }
        },
        {
            "type": "Feature",
            "id": "way/705696048",
            "properties": {
                "admin_level": "4",
                "boundary": "administrative",
                "source": "Hessische Verwaltung für Bodenmanagement und Geoinformation - Digitale Verwaltungsgrenzen",
                "id": "way/705696048"
            },
            "geometry": {
                "type": "LineString",
                "coordinates": [
                    [8.3431435, 49.9402874],
                    [8.34281, 49.9413924],
                    [8.3426857, 49.9425283],
                    [8.3424016, 49.9478537],
                    [8.3421333, 49.949189],
                    [8.3377738, 49.9559684],
                    [8.3353222, 49.9595567],
                    [8.3323335, 49.9634424],
                    [8.3295917, 49.9666447],
                    [8.3273554, 49.9690516]
                ]
            }
        },
        {
            "type": "Feature",
            "id": "way/706719399",
            "properties": {
                "admin_level": "4",
                "boundary": "administrative",
                "source": "Hessische Verwaltung für Bodenmanagement und Geoinformation - Digitale Verwaltungsgrenzen",
                "id": "way/706719399"
            },
            "geometry": {
                "type": "LineString",
                "coordinates": [
                    [9.6521343, 50.268847],
                    [9.6517749, 50.2678883],
                    [9.6515859, 50.2679114],
                    [9.6514439, 50.2678362],
                    [9.6513483, 50.2678221],
                    [9.6505703, 50.2675829],
                    [9.6503975, 50.267504],
                    [9.6503656, 50.2674805],
                    [9.6505818, 50.2673274],
                    [9.6507396, 50.267274],
                    [9.6508036, 50.2670749],
                    [9.6507639, 50.2669982],
                    [9.6504361, 50.2669462],
                    [9.6504028, 50.2668418],
                    [9.6502096, 50.2666882],
                    [9.6498858, 50.2666002],
                    [9.649698, 50.2663593],
                    [9.649611, 50.2663309],
                    [9.6489942, 50.2664174],
                    [9.6488914, 50.2663637],
                    [9.6488558, 50.2662765],
                    [9.6485654, 50.2660812],
                    [9.6484523, 50.2659575],
                    [9.6484102, 50.2658719],
                    [9.6484635, 50.2655235],
                    [9.648562, 50.2654875],
                    [9.6486808, 50.2654917],
                    [9.6488106, 50.2655732],
                    [9.6489752, 50.2655979],
                    [9.6491556, 50.2655288],
                    [9.6491866, 50.2654493],
                    [9.6489768, 50.2653046],
                    [9.6490964, 50.2652057],
                    [9.6490339, 50.2649784],
                    [9.648797, 50.264955],
                    [9.6484624, 50.2649731],
                    [9.6483184, 50.2650667],
                    [9.6481616, 50.2651107],
                    [9.648016, 50.265073],
                    [9.6480503, 50.2648947],
                    [9.6479666, 50.2646954],
                    [9.6476306, 50.2646347],
                    [9.6475592, 50.2645768],
                    [9.6475384, 50.2644587],
                    [9.6477498, 50.2642477],
                    [9.6478787, 50.2639718],
                    [9.6480294, 50.2637892],
                    [9.6481158, 50.263502],
                    [9.6480987, 50.26338],
                    [9.64815, 50.2633457]
                ]
            }
        },
        {
            "type": "Feature",
            "id": "way/706728533",
            "properties": {
                "admin_level": "4",
                "boundary": "administrative",
                "source": "Hessische Verwaltung für Bodenmanagement und Geoinformation - Digitale Verwaltungsgrenzen",
                "id": "way/706728533"
            },
            "geometry": {
                "type": "LineString",
                "coordinates": [
                    [9.7146232, 50.2921506],
                    [9.7134156, 50.2915228],
                    [9.712304, 50.2908115],
                    [9.7112481, 50.2900558],
                    [9.7105025, 50.2894545],
                    [9.7095239, 50.2884376],
                    [9.7088452, 50.28756],
                    [9.7081253, 50.2866657],
                    [9.7073758, 50.2857733],
                    [9.7067328, 50.2848608],
                    [9.7059291, 50.2840023],
                    [9.7053764, 50.2834355],
                    [9.7047312, 50.2824583],
                    [9.704059, 50.2815984],
                    [9.7036856, 50.2810874],
                    [9.7033759, 50.2807214],
                    [9.7033127, 50.2806953]
                ]
            }
        },
        {
            "type": "Feature",
            "id": "way/706728540",
            "properties": {
                "admin_level": "4",
                "boundary": "administrative",
                "source": "Hessische Verwaltung für Bodenmanagement und Geoinformation - Digitale Verwaltungsgrenzen",
                "id": "way/706728540"
            },
            "geometry": {
                "type": "LineString",
                "coordinates": [
                    [9.6560009, 50.2715587],
                    [9.6548496, 50.2714055],
                    [9.6545436, 50.2713648],
                    [9.6536404, 50.2705446],
                    [9.6527284, 50.2697533],
                    [9.6521343, 50.268847]
                ]
            }
        },
        {
            "type": "Feature",
            "id": "way/706736513",
            "properties": {
                "admin_level": "4",
                "boundary": "administrative",
                "source": "Hessische Verwaltung für Bodenmanagement und Geoinformation - Digitale Verwaltungsgrenzen",
                "id": "way/706736513"
            },
            "geometry": {
                "type": "LineString",
                "coordinates": [
                    [9.744808, 50.3274653],
                    [9.7454686, 50.3267844],
                    [9.7458589, 50.3263102],
                    [9.7464356, 50.3260105],
                    [9.7475118, 50.3255377],
                    [9.7479103, 50.3254468]
                ]
            }
        },
        {
            "type": "Feature",
            "id": "way/706746032",
            "properties": {
                "admin_level": "4",
                "boundary": "administrative",
                "source": "Hessische Verwaltung für Bodenmanagement und Geoinformation - Digitale Verwaltungsgrenzen",
                "id": "way/706746032"
            },
            "geometry": {
                "type": "LineString",
                "coordinates": [
                    [9.1291362, 50.1218323],
                    [9.1286427, 50.1220834],
                    [9.1274852, 50.1226898],
                    [9.1254051, 50.1235234],
                    [9.1238239, 50.1245301],
                    [9.1224011, 50.1253329]
                ]
            }
        },
        {
            "type": "Feature",
            "id": "way/711058906",
            "properties": {
                "admin_level": "4",
                "boundary": "administrative",
                "source": "Hessische Verwaltung für Bodenmanagement und Geoinformation - Digitale Verwaltungsgrenzen",
                "id": "way/711058906"
            },
            "geometry": {
                "type": "LineString",
                "coordinates": [
                    [9.7545559, 50.3876406],
                    [9.7545313, 50.3872397],
                    [9.754392, 50.3865886],
                    [9.753864, 50.3861501],
                    [9.7535652, 50.3855038],
                    [9.7533694, 50.3848736],
                    [9.7532953, 50.3841465],
                    [9.7523851, 50.3833713],
                    [9.7519803, 50.3825973],
                    [9.7516373, 50.3816753],
                    [9.7513583, 50.3806009],
                    [9.7506039, 50.3797293],
                    [9.750225, 50.3789372],
                    [9.7500225, 50.3780589],
                    [9.7494646, 50.3773362],
                    [9.7487898, 50.3766131],
                    [9.7455163, 50.3730285],
                    [9.7442272, 50.3716071],
                    [9.7444847, 50.3707638],
                    [9.7449832, 50.3692205],
                    [9.7454732, 50.3676751],
                    [9.7459716, 50.3661367],
                    [9.7450057, 50.3647845],
                    [9.7435566, 50.3627853],
                    [9.7430801, 50.3621154],
                    [9.7398096, 50.3602999],
                    [9.7382435, 50.3594209],
                    [9.7375112, 50.3591374],
                    [9.7370445, 50.3586972],
                    [9.7357143, 50.3577166],
                    [9.7349778, 50.3573988],
                    [9.733914, 50.3567889],
                    [9.7330014, 50.3561446]
                ]
            }
        },
        {
            "type": "Feature",
            "id": "way/716275647",
            "properties": {
                "admin_level": "4",
                "boundary": "administrative",
                "source": "Hessische Verwaltung für Bodenmanagement und Geoinformation - Digitale Verwaltungsgrenzen (Shapefile)",
                "id": "way/716275647"
            },
            "geometry": {
                "type": "LineString",
                "coordinates": [
                    [7.9852761, 49.9834245],
                    [7.9849362, 49.9833009],
                    [7.9835685, 49.9828035]
                ]
            }
        },
        {
            "type": "Feature",
            "id": "way/716275648",
            "properties": {
                "admin_level": "4",
                "boundary": "administrative",
                "source": "Hessische Verwaltung für Bodenmanagement und Geoinformation - Digitale Verwaltungsgrenzen (Shapefile)",
                "id": "way/716275648"
            },
            "geometry": {
                "type": "LineString",
                "coordinates": [
                    [8.0363787, 50.0021087],
                    [8.0334849, 50.0013308],
                    [8.0277636, 49.9992671]
                ]
            }
        },
        {
            "type": "Feature",
            "id": "way/758894611",
            "properties": {
                "admin_level": "4",
                "boundary": "administrative",
                "source": "Hessische Verwaltung für Bodenmanagement und Geoinformation - Digitale Verwaltungsgrenzen (Shapefile)",
                "id": "way/758894611"
            },
            "geometry": {
                "type": "LineString",
                "coordinates": [
                    [8.070068, 50.3555665],
                    [8.0704832, 50.3555714],
                    [8.0704364, 50.3555937],
                    [8.0698015, 50.3581896]
                ]
            }
        },
        {
            "type": "Feature",
            "id": "way/794945952",
            "properties": {
                "admin_level": "4",
                "boundary": "administrative",
                "source": "Hessische Verwaltung für Bodenmanagement und Geoinformation - Digitale Verwaltungsgrenzen",
                "id": "way/794945952"
            },
            "geometry": {
                "type": "LineString",
                "coordinates": [
                    [10.0738305, 50.6441833],
                    [10.0740734, 50.6432156],
                    [10.074125, 50.643175]
                ]
            }
        },
        {
            "type": "Feature",
            "id": "way/794945955",
            "properties": {
                "admin_level": "4",
                "boundary": "administrative",
                "source": "Hessische Verwaltung für Bodenmanagement und Geoinformation - Digitale Verwaltungsgrenzen",
                "id": "way/794945955"
            },
            "geometry": {
                "type": "LineString",
                "coordinates": [
                    [9.9607345, 50.6292424],
                    [9.9608453, 50.6303782],
                    [9.9610642, 50.6318688],
                    [9.9610937, 50.6328154],
                    [9.9612056, 50.6331798],
                    [9.9611879, 50.6333392],
                    [9.9608154, 50.6343117],
                    [9.9605776, 50.6347681],
                    [9.9606169, 50.6352885],
                    [9.9604815, 50.6356856],
                    [9.9607359, 50.6360546],
                    [9.9636528, 50.6375194],
                    [9.9638523, 50.6376395]
                ]
            }
        },
        {
            "type": "Feature",
            "id": "way/794945962",
            "properties": {
                "admin_level": "4",
                "boundary": "administrative",
                "source": "Hessische Verwaltung für Bodenmanagement und Geoinformation - Digitale Verwaltungsgrenzen",
                "id": "way/794945962"
            },
            "geometry": {
                "type": "LineString",
                "coordinates": [
                    [10.0287358, 50.6744451],
                    [10.0288103, 50.6744707],
                    [10.0302187, 50.6749532],
                    [10.0308016, 50.6752488],
                    [10.0316814, 50.6755172],
                    [10.0318988, 50.6755497],
                    [10.0330228, 50.675555],
                    [10.0340887, 50.6752477],
                    [10.0350348, 50.6751001],
                    [10.0360403, 50.6748277],
                    [10.0394681, 50.674629],
                    [10.0416423, 50.6743879],
                    [10.0438962, 50.6742311],
                    [10.0457372, 50.6740832],
                    [10.0474972, 50.6739488],
                    [10.0507706, 50.6736394],
                    [10.0513111, 50.6731176],
                    [10.0520402, 50.6724658],
                    [10.0529653, 50.67169],
                    [10.0542131, 50.6710379],
                    [10.053272, 50.6706406],
                    [10.0531678, 50.6703869],
                    [10.0534351, 50.6698586],
                    [10.0536544, 50.6691343],
                    [10.0536162, 50.6688083],
                    [10.0538216, 50.6684687],
                    [10.0541907, 50.6682777],
                    [10.0545783, 50.6681686],
                    [10.0550417, 50.6681521],
                    [10.0558508, 50.6679373],
                    [10.0567779, 50.6674227]
                ]
            }
        },
        {
            "type": "Feature",
            "id": "way/794945964",
            "properties": {
                "admin_level": "4",
                "boundary": "administrative",
                "source": "Hessische Verwaltung für Bodenmanagement und Geoinformation - Digitale Verwaltungsgrenzen",
                "id": "way/794945964"
            },
            "geometry": {
                "type": "LineString",
                "coordinates": [
                    [10.0703997, 50.6548053],
                    [10.0702877, 50.6544023],
                    [10.0703732, 50.653534],
                    [10.070369, 50.653071],
                    [10.0709292, 50.6525578],
                    [10.0713466, 50.6518252],
                    [10.0714888, 50.6513898]
                ]
            }
        },
        {
            "type": "Feature",
            "id": "way/800317504",
            "properties": {
                "admin_level": "4",
                "boundary": "administrative",
                "source": "Hessische Verwaltung für Bodenmanagement und Geoinformation - Digitale Verwaltungsgrenzen",
                "id": "way/800317504"
            },
            "geometry": {
                "type": "LineString",
                "coordinates": [
                    [9.8791498, 50.6345429],
                    [9.8796559, 50.6343878],
                    [9.8801688, 50.6342675],
                    [9.8808153, 50.6341087],
                    [9.8819149, 50.63393],
                    [9.8823772, 50.633892],
                    [9.8831384, 50.6338734],
                    [9.8836787, 50.6338553],
                    [9.884454, 50.6338609],
                    [9.8852382, 50.6338522],
                    [9.8862645, 50.6339577],
                    [9.887495, 50.6341481],
                    [9.8879121, 50.6339015]
                ]
            }
        },
        {
            "type": "Feature",
            "id": "way/800317509",
            "properties": {
                "admin_level": "4",
                "boundary": "administrative",
                "source": "Hessische Verwaltung für Bodenmanagement und Geoinformation - Digitale Verwaltungsgrenzen",
                "id": "way/800317509"
            },
            "geometry": {
                "type": "LineString",
                "coordinates": [
                    [9.8832994, 50.6575803],
                    [9.8835236, 50.6572484],
                    [9.8842906, 50.6561124],
                    [9.8854028, 50.6544851],
                    [9.885347, 50.6529536],
                    [9.8856834, 50.6526752]
                ]
            }
        },
        {
            "type": "Feature",
            "id": "way/800317510",
            "properties": {
                "admin_level": "4",
                "boundary": "administrative",
                "source": "Hessische Verwaltung für Bodenmanagement und Geoinformation - Digitale Verwaltungsgrenzen",
                "id": "way/800317510"
            },
            "geometry": {
                "type": "LineString",
                "coordinates": [
                    [9.8825884, 50.6619369],
                    [9.882775, 50.6617378],
                    [9.8829804, 50.6615841],
                    [9.8830017, 50.6610742],
                    [9.8830325, 50.6604524],
                    [9.8830634, 50.6598261],
                    [9.8830909, 50.6594238],
                    [9.8831324, 50.6588418],
                    [9.8832511, 50.6583975],
                    [9.8833117, 50.6580935],
                    [9.8832892, 50.6577674],
                    [9.8832994, 50.6575803]
                ]
            }
        },
        {
            "type": "Feature",
            "id": "way/800317512",
            "properties": {
                "admin_level": "4",
                "boundary": "administrative",
                "source": "Hessische Verwaltung für Bodenmanagement und Geoinformation - Digitale Verwaltungsgrenzen",
                "id": "way/800317512"
            },
            "geometry": {
                "type": "LineString",
                "coordinates": [
                    [9.8879121, 50.6339015],
                    [9.8885571, 50.6341446],
                    [9.8894536, 50.634384],
                    [9.8904152, 50.6347016],
                    [9.8910332, 50.6350212],
                    [9.8921039, 50.6353189],
                    [9.8932893, 50.6353662],
                    [9.8936862, 50.6353451],
                    [9.8939706, 50.635353],
                    [9.8941696, 50.6353701],
                    [9.8944165, 50.6354423],
                    [9.8949808, 50.6356501],
                    [9.8954685, 50.6358517],
                    [9.8958994, 50.6359892],
                    [9.8973215, 50.6363693],
                    [9.8985448, 50.6365687],
                    [9.8993603, 50.6365511],
                    [9.8997314, 50.6370365],
                    [9.8999287, 50.6375245],
                    [9.9004422, 50.6382399],
                    [9.9011813, 50.6386863],
                    [9.9017565, 50.6390012],
                    [9.9026482, 50.6394012],
                    [9.9040161, 50.6398246],
                    [9.9044528, 50.6401058],
                    [9.9046883, 50.6401736],
                    [9.9049747, 50.6402261],
                    [9.9053425, 50.6402598],
                    [9.9056482, 50.640275],
                    [9.9058468, 50.6402718],
                    [9.9060825, 50.6402178],
                    [9.9063362, 50.6401366],
                    [9.9070885, 50.6397715],
                    [9.9075346, 50.6395388],
                    [9.9079138, 50.6390448],
                    [9.9081888, 50.6386974],
                    [9.9086483, 50.6382215],
                    [9.9087959, 50.6379251],
                    [9.908976, 50.6376207],
                    [9.9092455, 50.6372305],
                    [9.9095318, 50.6370619],
                    [9.9098665, 50.6367307],
                    [9.9101071, 50.6364819],
                    [9.9106416, 50.636415],
                    [9.9118852, 50.6363809],
                    [9.9127886, 50.6363691],
                    [9.9136345, 50.636411],
                    [9.9151834, 50.6365438],
                    [9.9169686, 50.6363358],
                    [9.9185771, 50.6357619],
                    [9.919468, 50.6353566],
                    [9.9202652, 50.6349521],
                    [9.9209748, 50.6347279],
                    [9.922439, 50.634376],
                    [9.9227721, 50.6340026],
                    [9.9236268, 50.633577],
                    [9.9237287, 50.6334134],
                    [9.9247836, 50.6330024],
                    [9.9252066, 50.6323936],
                    [9.9261373, 50.6312947],
                    [9.9269127, 50.6298517]
                ]
            }
        },
        {
            "type": "Feature",
            "id": "way/800478626",
            "properties": {
                "admin_level": "4",
                "boundary": "administrative",
                "source": "Hessische Verwaltung für Bodenmanagement und Geoinformation - Digitale Verwaltungsgrenzen",
                "id": "way/800478626"
            },
            "geometry": {
                "type": "LineString",
                "coordinates": [
                    [10.0388632, 50.5016329],
                    [10.0382114, 50.5009813],
                    [10.0379201, 50.5008234],
                    [10.0378003, 50.5006032],
                    [10.0372058, 50.5000411],
                    [10.0371063, 50.4999398]
                ]
            }
        },
        {
            "type": "Feature",
            "id": "way/800478629",
            "properties": {
                "admin_level": "4",
                "boundary": "administrative",
                "source": "Hessische Verwaltung für Bodenmanagement und Geoinformation - Digitale Verwaltungsgrenzen",
                "id": "way/800478629"
            },
            "geometry": {
                "type": "LineString",
                "coordinates": [
                    [10.041237, 50.5164687],
                    [10.0404468, 50.5161365],
                    [10.0397067, 50.515655],
                    [10.0395927, 50.5150869],
                    [10.0395952, 50.5142979],
                    [10.0401076, 50.513512],
                    [10.0406067, 50.5127634],
                    [10.0411445, 50.5116432],
                    [10.0412698, 50.5111116]
                ]
            }
        },
        {
            "type": "Feature",
            "id": "way/800478632",
            "properties": {
                "admin_level": "4",
                "boundary": "administrative",
                "source": "Hessische Verwaltung für Bodenmanagement und Geoinformation - Digitale Verwaltungsgrenzen",
                "id": "way/800478632"
            },
            "geometry": {
                "type": "LineString",
                "coordinates": [
                    [10.0420244, 50.5338544],
                    [10.0415709, 50.5336271],
                    [10.0408157, 50.5333188],
                    [10.0397581, 50.5325908],
                    [10.0397178, 50.5324642],
                    [10.0397575, 50.5323347],
                    [10.0395733, 50.5319312]
                ]
            }
        },
        {
            "type": "Feature",
            "id": "way/801347093",
            "properties": {
                "admin_level": "4",
                "boundary": "administrative",
                "source": "Hessische Verwaltung für Bodenmanagement und Geoinformation - Digitale Verwaltungsgrenzen",
                "id": "way/801347093"
            },
            "geometry": {
                "type": "LineString",
                "coordinates": [
                    [9.8879688, 50.4013973],
                    [9.8878141, 50.4012343],
                    [9.8865842, 50.40066],
                    [9.8861567, 50.4002889],
                    [9.8858234, 50.399982],
                    [9.8856466, 50.3997798],
                    [9.8844572, 50.3994203],
                    [9.8839125, 50.3992239],
                    [9.8831535, 50.3988326],
                    [9.8822014, 50.3994108],
                    [9.8813664, 50.3997627],
                    [9.8798013, 50.4005539],
                    [9.8793182, 50.4009998],
                    [9.8772729, 50.4027042],
                    [9.8769316, 50.4033688],
                    [9.8767823, 50.4037613],
                    [9.8766165, 50.4042359],
                    [9.8765694, 50.4044288],
                    [9.8763005, 50.4047434],
                    [9.8758813, 50.4052914],
                    [9.8748044, 50.406533],
                    [9.8738625, 50.4078209],
                    [9.8734081, 50.4087962],
                    [9.8713331, 50.4094428]
                ]
            }
        },
        {
            "type": "Feature",
            "id": "way/801347095",
            "properties": {
                "admin_level": "4",
                "boundary": "administrative",
                "source": "Hessische Verwaltung für Bodenmanagement und Geoinformation - Digitale Verwaltungsgrenzen",
                "id": "way/801347095"
            },
            "geometry": {
                "type": "LineString",
                "coordinates": [
                    [9.9378185, 50.4206637],
                    [9.9375414, 50.4205544],
                    [9.9368078, 50.4202378],
                    [9.9364438, 50.4201075],
                    [9.9363061, 50.4200632],
                    [9.9360905, 50.4200081],
                    [9.9356614, 50.4199285],
                    [9.9353559, 50.4198617],
                    [9.9351001, 50.4197854],
                    [9.9335479, 50.419292],
                    [9.932826, 50.4190521],
                    [9.9326873, 50.4189979],
                    [9.9324525, 50.4188751],
                    [9.9319365, 50.418591],
                    [9.93087, 50.4180177],
                    [9.9303927, 50.4177955],
                    [9.9298757, 50.4175777],
                    [9.9292676, 50.417356],
                    [9.9279597, 50.416978]
                ]
            }
        },
        {
            "type": "Feature",
            "id": "way/801347098",
            "properties": {
                "admin_level": "4",
                "boundary": "administrative",
                "source": "Hessische Verwaltung für Bodenmanagement und Geoinformation - Digitale Verwaltungsgrenzen",
                "id": "way/801347098"
            },
            "geometry": {
                "type": "LineString",
                "coordinates": [
                    [9.9279597, 50.416978],
                    [9.9272577, 50.4167464],
                    [9.9264302, 50.416318],
                    [9.9263278, 50.4162353],
                    [9.9261229, 50.4159867],
                    [9.9260255, 50.4158908],
                    [9.9252743, 50.4152022],
                    [9.9251178, 50.4150128],
                    [9.9242611, 50.4143135],
                    [9.924118, 50.4141542],
                    [9.9240226, 50.414023],
                    [9.9238083, 50.4138202],
                    [9.9236078, 50.4136387],
                    [9.9235026, 50.4135511],
                    [9.9233306, 50.413382],
                    [9.9232242, 50.4133023],
                    [9.9230778, 50.4132036],
                    [9.9229518, 50.4131242],
                    [9.922786, 50.4130383],
                    [9.922665, 50.4129486],
                    [9.9225213, 50.4128213],
                    [9.9222571, 50.4126266],
                    [9.9220897, 50.412483],
                    [9.9217803, 50.4122973],
                    [9.9212532, 50.4120245],
                    [9.9205582, 50.4116838],
                    [9.920388, 50.411611],
                    [9.9202285, 50.4115636],
                    [9.9200419, 50.4114929],
                    [9.919812, 50.41136],
                    [9.919605, 50.4112305],
                    [9.9195037, 50.4110669],
                    [9.9194335, 50.4110015],
                    [9.9193053, 50.4109085],
                    [9.9192528, 50.4108349],
                    [9.9191433, 50.4106496],
                    [9.9178421, 50.410692],
                    [9.9175377, 50.410696],
                    [9.9158451, 50.4102964],
                    [9.914897, 50.4099306],
                    [9.9144536, 50.4097052],
                    [9.9141532, 50.4095591],
                    [9.9130519, 50.4092063],
                    [9.9120986, 50.4089173],
                    [9.9117688, 50.4087179],
                    [9.9112072, 50.4086921],
                    [9.9105093, 50.4088756],
                    [9.9101867, 50.4087407],
                    [9.9096655, 50.4083699],
                    [9.9095988, 50.4083308],
                    [9.9093797, 50.4080399],
                    [9.9089714, 50.4075982],
                    [9.9084366, 50.407146],
                    [9.9080322, 50.4070417],
                    [9.9068215, 50.4066838],
                    [9.9062774, 50.4063764],
                    [9.905888, 50.4061171],
                    [9.9051613, 50.4057622],
                    [9.9041894, 50.4052315],
                    [9.9036763, 50.4049448],
                    [9.903163, 50.4046707],
                    [9.9022219, 50.4042392],
                    [9.9014971, 50.403918],
                    [9.9007833, 50.4037105],
                    [9.8999823, 50.4037458],
                    [9.8986829, 50.4038296],
                    [9.8966058, 50.4037815],
                    [9.8950708, 50.4038979],
                    [9.8934242, 50.4037913],
                    [9.8924324, 50.403458],
                    [9.8919074, 50.4033576],
                    [9.890193, 50.4027243],
                    [9.8894631, 50.4024106],
                    [9.8886889, 50.4020928],
                    [9.8885015, 50.4019416],
                    [9.8882184, 50.401626],
                    [9.8879688, 50.4013973]
                ]
            }
        },
        {
            "type": "Feature",
            "id": "way/801347101",
            "properties": {
                "admin_level": "4",
                "boundary": "administrative",
                "source": "Hessische Verwaltung für Bodenmanagement und Geoinformation - Digitale Verwaltungsgrenzen",
                "id": "way/801347101"
            },
            "geometry": {
                "type": "LineString",
                "coordinates": [
                    [9.9625087, 50.4266104],
                    [9.9625113, 50.426475],
                    [9.9622482, 50.4262282],
                    [9.9614054, 50.4255002],
                    [9.9602888, 50.4246341],
                    [9.9600699, 50.4244955],
                    [9.9595354, 50.4242039],
                    [9.9589721, 50.423933],
                    [9.9577399, 50.4233781],
                    [9.9577453, 50.4232654],
                    [9.9570823, 50.4232079],
                    [9.9562925, 50.4230727],
                    [9.9552895, 50.4229366],
                    [9.9542808, 50.4228325],
                    [9.9530854, 50.4226986],
                    [9.9523501, 50.4224621],
                    [9.9513418, 50.4227502],
                    [9.9497847, 50.4232401],
                    [9.9493506, 50.4233105],
                    [9.9490781, 50.4233486],
                    [9.9483841, 50.4233707],
                    [9.947961, 50.4235456],
                    [9.9477319, 50.4236757],
                    [9.9474106, 50.4238223],
                    [9.9471285, 50.4238855],
                    [9.9465781, 50.4238984],
                    [9.9459519, 50.4238064],
                    [9.9452419, 50.4236271],
                    [9.9446643, 50.4235239],
                    [9.9442644, 50.4234988],
                    [9.9436755, 50.4234807],
                    [9.9433792, 50.4234058],
                    [9.9428921, 50.4230315],
                    [9.9425482, 50.4227371],
                    [9.9415961, 50.4222512],
                    [9.9409874, 50.4220202],
                    [9.9404412, 50.4216119],
                    [9.9401714, 50.4214696],
                    [9.9398744, 50.4213279],
                    [9.9395192, 50.4212277],
                    [9.9391599, 50.4210948],
                    [9.9388137, 50.4209848],
                    [9.9383834, 50.420942],
                    [9.9381763, 50.4208269],
                    [9.9380208, 50.4207351],
                    [9.9378185, 50.4206637]
                ]
            }
        },
        {
            "type": "Feature",
            "id": "way/813271296",
            "properties": {
                "admin_level": "4",
                "boundary": "administrative",
                "source": "Hessische Verwaltung für Bodenmanagement und Geoinformation - Digitale Verwaltungsgrenzen",
                "id": "way/813271296"
            },
            "geometry": {
                "type": "LineString",
                "coordinates": [
                    [9.5722064, 50.2317028],
                    [9.5718423, 50.2317558]
                ]
            }
        },
        {
            "type": "Feature",
            "id": "way/938450655",
            "properties": {
                "admin_level": "4",
                "boundary": "administrative",
                "source": "ALKIS Hessen + Shapefiles",
                "id": "way/938450655"
            },
            "geometry": {
                "type": "LineString",
                "coordinates": [
                    [9.1125395, 49.7688634],
                    [9.1132917, 49.7679983],
                    [9.113515, 49.7672381],
                    [9.1120102, 49.7667268],
                    [9.1105894, 49.7662629],
                    [9.1103521, 49.7654102],
                    [9.1099039, 49.7644329],
                    [9.1096517, 49.7640033],
                    [9.1094558, 49.763689],
                    [9.1088999, 49.7631596],
                    [9.108498, 49.7627671],
                    [9.1078952, 49.7617793],
                    [9.1075471, 49.7608094],
                    [9.1075135, 49.7597189],
                    [9.1068885, 49.758743],
                    [9.1075377, 49.7585134],
                    [9.1081178, 49.7583136],
                    [9.1094691, 49.757598],
                    [9.1106493, 49.7571105],
                    [9.111955, 49.756668],
                    [9.1126205, 49.7565597],
                    [9.1133588, 49.7564328],
                    [9.1158309, 49.7564287],
                    [9.1176129, 49.7563157],
                    [9.1185971, 49.7560341],
                    [9.1200191, 49.7559789],
                    [9.1213718, 49.7560006],
                    [9.1233097, 49.7559581],
                    [9.1241908, 49.7558932],
                    [9.1252582, 49.7558548],
                    [9.1260711, 49.7557361],
                    [9.1271307, 49.7554336],
                    [9.1277299, 49.7552381]
                ]
            }
        },
        {
            "type": "Feature",
            "id": "way/995998472",
            "properties": {
                "admin_level": "4",
                "boundary": "administrative",
                "source": "Hessische Verwaltung für Bodenmanagement und Geoinformation - Digitale Verwaltungsgrenzen",
                "id": "way/995998472"
            },
            "geometry": {
                "type": "LineString",
                "coordinates": [
                    [9.5311601, 50.16086],
                    [9.5311509, 50.1608492]
                ]
            }
        },
        {
            "type": "Feature",
            "id": "way/1028632243",
            "properties": {
                "admin_level": "4",
                "boundary": "administrative",
                "source": "Hessische Verwaltung für Bodenmanagement und Geoinformation - Digitale Verwaltungsgrenzen (Shapefile)",
                "id": "way/1028632243"
            },
            "geometry": {
                "type": "LineString",
                "coordinates": [
                    [8.1604879, 50.8013334],
                    [8.1613017, 50.8016268],
                    [8.1621616, 50.8019487],
                    [8.1652283, 50.8030708],
                    [8.1662295, 50.8041108],
                    [8.1672671, 50.8050999],
                    [8.1676317, 50.8052443]
                ]
            }
        },
        {
            "type": "Feature",
            "id": "way/1028632251",
            "properties": {
                "admin_level": "4",
                "boundary": "administrative",
                "source": "Hessische Verwaltung für Bodenmanagement und Geoinformation - Digitale Verwaltungsgrenzen (Shapefile)",
                "id": "way/1028632251"
            },
            "geometry": {
                "type": "LineString",
                "coordinates": [
                    [8.1981726, 50.8340302],
                    [8.2016913, 50.8354609],
                    [8.203236, 50.8359084],
                    [8.2043777, 50.8362339]
                ]
            }
        },
        {
            "type": "Feature",
            "id": "way/1028632252",
            "properties": {
                "admin_level": "4",
                "boundary": "administrative",
                "source": "Hessische Verwaltung für Bodenmanagement und Geoinformation - Digitale Verwaltungsgrenzen (Shapefile)",
                "id": "way/1028632252"
            },
            "geometry": {
                "type": "LineString",
                "coordinates": [
                    [8.1454167, 50.7959003],
                    [8.146775, 50.7966799],
                    [8.147559, 50.79692],
                    [8.1487243, 50.7972686],
                    [8.1513096, 50.7973747],
                    [8.1527484, 50.7980879],
                    [8.155633, 50.799346],
                    [8.1581568, 50.8002975],
                    [8.1602733, 50.801256],
                    [8.1604879, 50.8013334]
                ]
            }
        },
        {
            "type": "Feature",
            "id": "way/1028632253",
            "properties": {
                "admin_level": "4",
                "boundary": "administrative",
                "source": "Hessische Verwaltung für Bodenmanagement und Geoinformation - Digitale Verwaltungsgrenzen (Shapefile)",
                "id": "way/1028632253"
            },
            "geometry": {
                "type": "LineString",
                "coordinates": [
                    [8.1291094, 50.7891954],
                    [8.1307465, 50.789863],
                    [8.1312583, 50.7897151],
                    [8.1318559, 50.7894138],
                    [8.1330879, 50.7891228],
                    [8.1343797, 50.7895018],
                    [8.1346401, 50.7893286],
                    [8.1351222, 50.7896724],
                    [8.1358704, 50.789922],
                    [8.136488, 50.7899243],
                    [8.1372406, 50.7900603],
                    [8.1381187, 50.7904062],
                    [8.1391802, 50.7914697],
                    [8.1401452, 50.7924039],
                    [8.140325, 50.7926005],
                    [8.1409739, 50.7933636],
                    [8.142477, 50.794553],
                    [8.1434711, 50.7949291],
                    [8.144357, 50.7952842],
                    [8.1454167, 50.7959003]
                ]
            }
        },
        {
            "type": "Feature",
            "id": "way/1028632254",
            "properties": {
                "admin_level": "4",
                "boundary": "administrative",
                "source": "Hessische Verwaltung für Bodenmanagement und Geoinformation - Digitale Verwaltungsgrenzen (Shapefile)",
                "id": "way/1028632254"
            },
            "geometry": {
                "type": "LineString",
                "coordinates": [
                    [8.1669242, 50.7360786],
                    [8.1667936, 50.7363272]
                ]
            }
        },
        {
            "type": "Feature",
            "id": "way/1028632255",
            "properties": {
                "admin_level": "4",
                "boundary": "administrative",
                "source": "Hessische Verwaltung für Bodenmanagement und Geoinformation - Digitale Verwaltungsgrenzen (Shapefile)",
                "id": "way/1028632255"
            },
            "geometry": {
                "type": "LineString",
                "coordinates": [
                    [8.1503338, 50.7054126],
                    [8.150902, 50.7091848],
                    [8.15096, 50.7133001],
                    [8.1516162, 50.7140871],
                    [8.1519532, 50.7144788],
                    [8.1537377, 50.7165904],
                    [8.1554818, 50.7185313],
                    [8.1557823, 50.7190842],
                    [8.1560883, 50.7196866],
                    [8.1567374, 50.7209232],
                    [8.1575192, 50.7217978],
                    [8.1582557, 50.7227008],
                    [8.1592234, 50.7238275],
                    [8.1605146, 50.7249696],
                    [8.1602525, 50.7253985],
                    [8.1590104, 50.7258239],
                    [8.1596989, 50.7265155],
                    [8.1603621, 50.7270476],
                    [8.1611839, 50.7274795],
                    [8.1613035, 50.7275536],
                    [8.1619529, 50.728012],
                    [8.1623029, 50.7281653],
                    [8.1632192, 50.729684],
                    [8.1634542, 50.7311013],
                    [8.1661488, 50.7321863],
                    [8.1669242, 50.7360786]
                ]
            }
        },
        {
            "type": "Feature",
            "id": "way/1028632256",
            "properties": {
                "admin_level": "4",
                "boundary": "administrative",
                "source": "Hessische Verwaltung für Bodenmanagement und Geoinformation - Digitale Verwaltungsgrenzen (Shapefile)",
                "id": "way/1028632256"
            },
            "geometry": {
                "type": "LineString",
                "coordinates": [
                    [8.1425015, 50.6955296],
                    [8.1437774, 50.6972358],
                    [8.1446854, 50.6984518],
                    [8.1456299, 50.6996158],
                    [8.1466668, 50.7008705],
                    [8.1503338, 50.7054126]
                ]
            }
        },
        {
            "type": "Feature",
            "id": "way/1029690180",
            "properties": {
                "admin_level": "4",
                "boundary": "administrative",
                "source": "Hessische Verwaltung für Bodenmanagement und Geoinformation - Digitale Verwaltungsgrenzen (Shapefile)",
                "id": "way/1029690180"
            },
            "geometry": {
                "type": "LineString",
                "coordinates": [
                    [8.1226863, 50.5488079],
                    [8.1235023, 50.5487834],
                    [8.1236735, 50.5482388],
                    [8.1250293, 50.5490118],
                    [8.1263742, 50.5497852],
                    [8.128768, 50.5500676],
                    [8.1334236, 50.550603],
                    [8.1373438, 50.5521877]
                ]
            }
        },
        {
            "type": "Feature",
            "id": "way/1029690228",
            "properties": {
                "admin_level": "4",
                "boundary": "administrative",
                "source": "Hessische Verwaltung für Bodenmanagement und Geoinformation - Digitale Verwaltungsgrenzen (Shapefile)",
                "id": "way/1029690228"
            },
            "geometry": {
                "type": "LineString",
                "coordinates": [
                    [8.1515752, 50.599553],
                    [8.1506981, 50.5995161],
                    [8.1493549, 50.5994492],
                    [8.1488847, 50.6002187]
                ]
            }
        },
        {
            "type": "Feature",
            "id": "way/1029690233",
            "properties": {
                "admin_level": "4",
                "boundary": "administrative",
                "source": "Hessische Verwaltung für Bodenmanagement und Geoinformation - Digitale Verwaltungsgrenzen (Shapefile)",
                "id": "way/1029690233"
            },
            "geometry": {
                "type": "LineString",
                "coordinates": [
                    [8.1405829, 50.631511],
                    [8.1371699, 50.6336575],
                    [8.1320788, 50.6368474],
                    [8.1308958, 50.6361208],
                    [8.1284815, 50.6383544],
                    [8.1288554, 50.6386988],
                    [8.1263973, 50.6415418],
                    [8.12735, 50.6450626],
                    [8.1252534, 50.645102],
                    [8.1239956, 50.6451214],
                    [8.1220766, 50.6470357],
                    [8.1209753, 50.6481444]
                ]
            }
        },
        {
            "type": "Feature",
            "id": "way/1029690276",
            "properties": {
                "admin_level": "4",
                "boundary": "administrative",
                "source": "Hessische Verwaltung für Bodenmanagement und Geoinformation - Digitale Verwaltungsgrenzen (Shapefile)",
                "id": "way/1029690276"
            },
            "geometry": {
                "type": "LineString",
                "coordinates": [
                    [8.1188173, 50.6506582],
                    [8.114455, 50.6522524]
                ]
            }
        },
        {
            "type": "Feature",
            "id": "way/1029690289",
            "properties": {
                "admin_level": "4",
                "boundary": "administrative",
                "source": "Hessische Verwaltung für Bodenmanagement und Geoinformation - Digitale Verwaltungsgrenzen (Shapefile)",
                "id": "way/1029690289"
            },
            "geometry": {
                "type": "LineString",
                "coordinates": [
                    [8.3060474, 50.8609978],
                    [8.3081622, 50.8609981],
                    [8.3088593, 50.8610233],
                    [8.3097419, 50.8613705],
                    [8.3116682, 50.8617653]
                ]
            }
        },
        {
            "type": "Feature",
            "id": "way/1029690290",
            "properties": {
                "admin_level": "4",
                "boundary": "administrative",
                "source": "Hessische Verwaltung für Bodenmanagement und Geoinformation - Digitale Verwaltungsgrenzen (Shapefile)",
                "id": "way/1029690290"
            },
            "geometry": {
                "type": "LineString",
                "coordinates": [
                    [8.3116682, 50.8617653],
                    [8.3140629, 50.8618142],
                    [8.3150622, 50.8616901],
                    [8.3159267, 50.8616817],
                    [8.3192373, 50.8612363],
                    [8.3197653, 50.8613119],
                    [8.321119, 50.8619254],
                    [8.3225723, 50.8628681],
                    [8.3246616, 50.863319],
                    [8.3266485, 50.8634388],
                    [8.3278618, 50.8635922],
                    [8.3293873, 50.8637957],
                    [8.3304112, 50.8642717],
                    [8.3316256, 50.8646076],
                    [8.3349451, 50.8652196],
                    [8.335237, 50.8654024],
                    [8.3365347, 50.8657188],
                    [8.3376327, 50.8657574],
                    [8.3386436, 50.8657795],
                    [8.3398473, 50.8657065],
                    [8.3408071, 50.8655638],
                    [8.342072, 50.8654832],
                    [8.3428028, 50.8654516],
                    [8.3438643, 50.8652113],
                    [8.3454272, 50.8647072],
                    [8.3459509, 50.8647914],
                    [8.3493849, 50.8652714],
                    [8.351466, 50.8654947],
                    [8.3525344, 50.8654899],
                    [8.3529811, 50.8653533],
                    [8.3533487, 50.8647716],
                    [8.3542252, 50.8633051],
                    [8.3546213, 50.8628564],
                    [8.3553408, 50.8620244]
                ]
            }
        },
        {
            "type": "Feature",
            "id": "way/1056278258",
            "properties": {
                "admin_level": "4",
                "boundary": "administrative",
                "source": "Hessische Verwaltung für Bodenmanagement und Geoinformation - Digitale Verwaltungsgrenzen",
                "id": "way/1056278258"
            },
            "geometry": {
                "type": "LineString",
                "coordinates": [
                    [8.9903444, 50.0416913],
                    [8.9904234, 50.0417028],
                    [8.9914851, 50.0419082],
                    [8.9919038, 50.0420241],
                    [8.9922233, 50.0421566],
                    [8.9925665, 50.0422697],
                    [8.9937763, 50.0423814],
                    [8.9948785, 50.0426923],
                    [8.9966224, 50.0431014],
                    [8.9968768, 50.0431663],
                    [8.9980973, 50.043643],
                    [8.9983218, 50.0437406],
                    [8.9988598, 50.0441164],
                    [8.9989807, 50.0441829],
                    [9.0008926, 50.0446878],
                    [9.0016284, 50.0448614],
                    [9.0018577, 50.0449048],
                    [9.004333, 50.0453187],
                    [9.0049156, 50.0454021],
                    [9.0056688, 50.045498],
                    [9.0063843, 50.0455527],
                    [9.0090116, 50.0457229],
                    [9.0098271, 50.0457717],
                    [9.0109823, 50.0457591],
                    [9.0116089, 50.0457256],
                    [9.0120965, 50.0456943],
                    [9.0125272, 50.0456571],
                    [9.0128996, 50.0456145],
                    [9.0132437, 50.0455697],
                    [9.0146738, 50.0453455],
                    [9.015013, 50.0452842],
                    [9.0172379, 50.0447668],
                    [9.0177332, 50.0446641],
                    [9.0184319, 50.0445654],
                    [9.0198146, 50.0443231],
                    [9.0205077, 50.0442145],
                    [9.0218161, 50.0440676]
                ]
            }
        },
        {
            "type": "Feature",
            "id": "way/1056582595",
            "properties": {
                "admin_level": "4",
                "boundary": "administrative",
                "source": "Hessische Verwaltung für Bodenmanagement und Geoinformation - Digitale Verwaltungsgrenzen",
                "id": "way/1056582595"
            },
            "geometry": {
                "type": "LineString",
                "coordinates": [
                    [9.019973, 49.9948187],
                    [9.0189594, 49.9941477],
                    [9.0164937, 49.9928123],
                    [9.0153791, 49.992106],
                    [9.0141627, 49.9913827]
                ]
            }
        },
        {
            "type": "Feature",
            "id": "way/1074707627",
            "properties": {
                "admin_level": "4",
                "boundary": "administrative",
                "source": "Hessische Verwaltung für Bodenmanagement und Geoinformation - Digitale Verwaltungsgrenzen (Shapefile)",
                "id": "way/1074707627"
            },
            "geometry": {
                "type": "LineString",
                "coordinates": [
                    [8.0198241, 50.3876308],
                    [8.0203046, 50.387751],
                    [8.020723, 50.388742],
                    [8.0207906, 50.389629],
                    [8.0205179, 50.3913002],
                    [8.0209772, 50.3937351],
                    [8.0208645, 50.3945854],
                    [8.0204008, 50.396175],
                    [8.0208225, 50.3976289],
                    [8.0210389, 50.3984509],
                    [8.0218846, 50.3985414],
                    [8.0226666, 50.3988209],
                    [8.0230025, 50.3989984],
                    [8.0237414, 50.4003162],
                    [8.0243711, 50.4009224],
                    [8.0243124, 50.4009796]
                ]
            }
        },
        {
            "type": "Feature",
            "id": "way/1074707628",
            "properties": {
                "admin_level": "4",
                "boundary": "administrative",
                "source": "Hessische Verwaltung für Bodenmanagement und Geoinformation - Digitale Verwaltungsgrenzen (Shapefile)",
                "id": "way/1074707628"
            },
            "geometry": {
                "type": "LineString",
                "coordinates": [
                    [8.0428342, 50.3861244],
                    [8.0402402, 50.3862254],
                    [8.0394028, 50.3861896],
                    [8.0399281, 50.3849113],
                    [8.0398955, 50.3848828],
                    [8.0375623, 50.3847297]
                ]
            }
        },
        {
            "type": "Feature",
            "id": "way/1074711732",
            "properties": {
                "admin_level": "4",
                "boundary": "administrative",
                "source": "Hessische Verwaltung für Bodenmanagement und Geoinformation - Digitale Verwaltungsgrenzen (Shapefile)",
                "id": "way/1074711732"
            },
            "geometry": {
                "type": "LineString",
                "coordinates": [
                    [8.0661186, 50.3649889],
                    [8.065773, 50.3670487],
                    [8.0658514, 50.3671693]
                ]
            }
        },
        {
            "type": "Feature",
            "id": "way/1074745220",
            "properties": {
                "admin_level": "4",
                "boundary": "administrative",
                "source": "Hessische Verwaltung für Bodenmanagement und Geoinformation - Digitale Verwaltungsgrenzen (Shapefile)",
                "id": "way/1074745220"
            },
            "geometry": {
                "type": "LineString",
                "coordinates": [
                    [8.0104507, 50.4525126],
                    [8.0107545, 50.4527533],
                    [8.0106945, 50.4527908],
                    [8.0095295, 50.4578628],
                    [8.0095466, 50.458096],
                    [8.0095546, 50.4581342],
                    [8.0098289, 50.4589375],
                    [8.0102328, 50.4596936],
                    [8.0102952, 50.4599466]
                ]
            }
        },
        {
            "type": "Feature",
            "id": "way/1074745221",
            "properties": {
                "admin_level": "4",
                "boundary": "administrative",
                "source": "Hessische Verwaltung für Bodenmanagement und Geoinformation - Digitale Verwaltungsgrenzen (Shapefile)",
                "id": "way/1074745221"
            },
            "geometry": {
                "type": "LineString",
                "coordinates": [
                    [8.0010104, 50.4451614],
                    [8.0009459, 50.4453785],
                    [8.0008115, 50.445574],
                    [8.0005252, 50.4458257],
                    [8.0003218, 50.4460442],
                    [8.0001023, 50.4463343],
                    [8.0002544, 50.446656],
                    [8.000131, 50.4472953],
                    [8.0002184, 50.4477051],
                    [8.0008164, 50.4477396],
                    [8.0012968, 50.4477883],
                    [8.0017932, 50.4478513],
                    [8.0022545, 50.4479424],
                    [8.0030147, 50.4481276],
                    [8.0033356, 50.4481789],
                    [8.0042448, 50.4483409],
                    [8.005746, 50.4485839],
                    [8.0065854, 50.4486737],
                    [8.0081742, 50.4487702],
                    [8.007846, 50.4491073],
                    [8.0077636, 50.4494212],
                    [8.0077727, 50.4497839],
                    [8.0076356, 50.4500794],
                    [8.0076624, 50.4501963],
                    [8.0074592, 50.4504902],
                    [8.0073822, 50.4507708],
                    [8.0075963, 50.4510155],
                    [8.0082298, 50.451562],
                    [8.0083732, 50.4516585],
                    [8.0096241, 50.4520518],
                    [8.0100665, 50.45222],
                    [8.0104507, 50.4525126]
                ]
            }
        },
        {
            "type": "Feature",
            "id": "way/1074830899",
            "properties": {
                "admin_level": "4",
                "boundary": "administrative",
                "source": "Hessische Verwaltung für Bodenmanagement und Geoinformation - Digitale Verwaltungsgrenzen (Shapefile)",
                "id": "way/1074830899"
            },
            "geometry": {
                "type": "LineString",
                "coordinates": [
                    [8.1139447, 50.5355329],
                    [8.1139266, 50.5355823],
                    [8.1138506, 50.5358011],
                    [8.1137796, 50.535974],
                    [8.1155602, 50.5357614],
                    [8.1156134, 50.5357598],
                    [8.116323, 50.5359888],
                    [8.1164927, 50.5365168],
                    [8.1187286, 50.5353663],
                    [8.1188011, 50.5354769],
                    [8.1193892, 50.5364456],
                    [8.1197789, 50.5370992],
                    [8.120256, 50.5379167],
                    [8.1207177, 50.5386698],
                    [8.1212934, 50.5396332]
                ]
            }
        },
        {
            "type": "Feature",
            "id": "way/1074845349",
            "properties": {
                "admin_level": "4",
                "boundary": "administrative",
                "source": "Hessische Verwaltung für Bodenmanagement und Geoinformation - Digitale Verwaltungsgrenzen",
                "id": "way/1074845349"
            },
            "geometry": {
                "type": "LineString",
                "coordinates": [
                    [8.0248372, 50.5418559],
                    [8.0241778, 50.5421249],
                    [8.0239781, 50.5421779],
                    [8.0240925, 50.5422952]
                ]
            }
        },
        {
            "type": "Feature",
            "id": "way/1074845350",
            "properties": {
                "admin_level": "4",
                "boundary": "administrative",
                "source": "Hessische Verwaltung für Bodenmanagement und Geoinformation - Digitale Verwaltungsgrenzen",
                "id": "way/1074845350"
            },
            "geometry": {
                "type": "LineString",
                "coordinates": [
                    [8.0092277, 50.5292706],
                    [8.0102406, 50.5304676],
                    [8.010319, 50.5305228],
                    [8.010534, 50.5304627],
                    [8.0108685, 50.5304306],
                    [8.0111203, 50.5304927],
                    [8.0120238, 50.531259],
                    [8.0131568, 50.5320782],
                    [8.0131024, 50.5320798],
                    [8.0127, 50.5324249],
                    [8.0125397, 50.5325879],
                    [8.0125484, 50.5326448],
                    [8.0134754, 50.5332902],
                    [8.0135317, 50.5332826],
                    [8.0141028, 50.5340798],
                    [8.0145341, 50.5347203],
                    [8.0149751, 50.535086],
                    [8.0154154, 50.5354197],
                    [8.0165049, 50.5362304],
                    [8.0167126, 50.5364584],
                    [8.016931, 50.5366616],
                    [8.0171213, 50.536971],
                    [8.0183277, 50.5364012],
                    [8.0186615, 50.5366635],
                    [8.020145, 50.5378861],
                    [8.0205041, 50.5381639],
                    [8.0237724, 50.540807],
                    [8.0243684, 50.5413023],
                    [8.0245479, 50.5418521],
                    [8.0248372, 50.5418559]
                ]
            }
        },
        {
            "type": "Feature",
            "id": "way/1074845351",
            "properties": {
                "admin_level": "4",
                "boundary": "administrative",
                "source": "Hessische Verwaltung für Bodenmanagement und Geoinformation - Digitale Verwaltungsgrenzen",
                "id": "way/1074845351"
            },
            "geometry": {
                "type": "LineString",
                "coordinates": [
                    [7.9963176, 50.5248467],
                    [7.9996816, 50.5274395]
                ]
            }
        },
        {
            "type": "Feature",
            "id": "way/1074845352",
            "properties": {
                "admin_level": "4",
                "boundary": "administrative",
                "source": "Hessische Verwaltung für Bodenmanagement und Geoinformation - Digitale Verwaltungsgrenzen",
                "id": "way/1074845352"
            },
            "geometry": {
                "type": "LineString",
                "coordinates": [
                    [7.9808254, 50.49421],
                    [7.9807613, 50.4941244],
                    [7.9807296, 50.4941264],
                    [7.9805822, 50.4942093],
                    [7.9804418, 50.4942609],
                    [7.9804195, 50.4942619],
                    [7.9802379, 50.4941691],
                    [7.9801707, 50.4941629],
                    [7.9800898, 50.4942071],
                    [7.9799269, 50.4943482],
                    [7.979615, 50.4944857],
                    [7.9797082, 50.4948263],
                    [7.9793171, 50.4949328],
                    [7.978892, 50.4951356]
                ]
            }
        },
        {
            "type": "Feature",
            "id": "way/1074864280",
            "properties": {
                "admin_level": "4",
                "boundary": "administrative",
                "source": "Hessische Verwaltung für Bodenmanagement und Geoinformation - Digitale Verwaltungsgrenzen (Shapefile)",
                "id": "way/1074864280"
            },
            "geometry": {
                "type": "LineString",
                "coordinates": [
                    [8.1038548, 50.3077899],
                    [8.1041585, 50.3084579],
                    [8.1044289, 50.3089768],
                    [8.1046303, 50.3092481],
                    [8.1046547, 50.309256],
                    [8.1024374, 50.3099231],
                    [8.1046988, 50.3129913],
                    [8.1056482, 50.3143495],
                    [8.1053105, 50.314441],
                    [8.1058956, 50.3155888],
                    [8.1053352, 50.3156636],
                    [8.1058699, 50.3175842],
                    [8.1056967, 50.317658],
                    [8.1054442, 50.3176509],
                    [8.1055628, 50.3183377],
                    [8.1059462, 50.31938],
                    [8.1065976, 50.3193046],
                    [8.1068877, 50.3203725],
                    [8.1072145, 50.3212604],
                    [8.1073053, 50.3215373],
                    [8.1066179, 50.3216938],
                    [8.1065845, 50.3217205],
                    [8.1060814, 50.3232118],
                    [8.104102, 50.3234671],
                    [8.1026974, 50.3236151],
                    [8.1026633, 50.3236459],
                    [8.1026987, 50.3237939],
                    [8.1031147, 50.3250126],
                    [8.1028515, 50.3250286],
                    [8.1028084, 50.3250581],
                    [8.1027945, 50.3255497],
                    [8.102815, 50.3260511],
                    [8.1027658, 50.3260524],
                    [8.1027867, 50.326376],
                    [8.1028863, 50.3270385]
                ]
            }
        },
        {
            "type": "Feature",
            "id": "way/1075115529",
            "properties": {
                "admin_level": "4",
                "boundary": "administrative",
                "source": "HVBG Verwaltungsgrenzen shapefile",
                "id": "way/1075115529"
            },
            "geometry": {
                "type": "LineString",
                "coordinates": [
                    [8.4494036, 50.9402831],
                    [8.4496869, 50.9397447],
                    [8.4500402, 50.9394219],
                    [8.4505714, 50.9390354],
                    [8.4512255, 50.9383336],
                    [8.4513777, 50.9379269],
                    [8.4507445, 50.9370924],
                    [8.4505686, 50.9360851],
                    [8.4505207, 50.9354767],
                    [8.4506006, 50.9346834],
                    [8.4506766, 50.934214],
                    [8.4505578, 50.9337649],
                    [8.4505684, 50.9334275],
                    [8.4506877, 50.933178],
                    [8.4507554, 50.9330014],
                    [8.4512709, 50.9323613],
                    [8.4515616, 50.9321222],
                    [8.4521178, 50.931845],
                    [8.4531061, 50.9314148],
                    [8.4541596, 50.9309695],
                    [8.4556755, 50.929713],
                    [8.4561147, 50.9291372],
                    [8.4554511, 50.9284727],
                    [8.4551488, 50.9281144],
                    [8.4547179, 50.9276286],
                    [8.4553897, 50.9262044],
                    [8.4565513, 50.9244071],
                    [8.4583044, 50.9216505],
                    [8.4592083, 50.920132],
                    [8.4595445, 50.9198164],
                    [8.4597233, 50.9196728],
                    [8.4594352, 50.9196844],
                    [8.459326, 50.9196321],
                    [8.45899, 50.9196561],
                    [8.4587926, 50.919687],
                    [8.4581914, 50.9198282],
                    [8.4562876, 50.9166297]
                ]
            }
        },
        {
            "type": "Feature",
            "id": "way/1075268675",
            "properties": {
                "admin_level": "4",
                "boundary": "administrative",
                "source": "Hessische Verwaltung für Bodenmanagement und Geoinformation - Digitale Verwaltungsgrenzen",
                "id": "way/1075268675"
            },
            "geometry": {
                "type": "LineString",
                "coordinates": [
                    [9.8068509, 50.4221316],
                    [9.8061406, 50.4225226],
                    [9.8055637, 50.4227982],
                    [9.8049805, 50.4230849],
                    [9.8040579, 50.4235022],
                    [9.8035544, 50.4237348],
                    [9.8024162, 50.4240651],
                    [9.8022173, 50.4238378],
                    [9.8008884, 50.4240142],
                    [9.7994091, 50.4244259],
                    [9.7985273, 50.4246282],
                    [9.7984385, 50.4246515],
                    [9.7957143, 50.4250881],
                    [9.7949032, 50.4250888],
                    [9.7935549, 50.424936],
                    [9.7934264, 50.4249175],
                    [9.7915029, 50.4244439],
                    [9.7909798, 50.424594],
                    [9.7908911, 50.4246162],
                    [9.7901794, 50.4248261],
                    [9.789375, 50.4251655],
                    [9.7886447, 50.424678],
                    [9.7874565, 50.4238551],
                    [9.7870716, 50.4233723],
                    [9.7865464, 50.4230013],
                    [9.7860193, 50.4225206],
                    [9.7852273, 50.4217208],
                    [9.7847753, 50.4213345],
                    [9.7845631, 50.420487],
                    [9.7837284, 50.4205501],
                    [9.7836775, 50.4199872],
                    [9.7833539, 50.4194393],
                    [9.7825371, 50.4194686],
                    [9.7817064, 50.4194909],
                    [9.7806573, 50.4193162],
                    [9.78005, 50.4192305],
                    [9.7802311, 50.4190606],
                    [9.7803994, 50.4188278],
                    [9.7805332, 50.4185169],
                    [9.7804843, 50.4182748],
                    [9.7801565, 50.418345],
                    [9.7798366, 50.4184639],
                    [9.7797138, 50.4185306],
                    [9.7791206, 50.4187323],
                    [9.7785229, 50.4189455],
                    [9.7782935, 50.4190769],
                    [9.7781734, 50.4191246],
                    [9.7778498, 50.4194561],
                    [9.7774868, 50.4198492],
                    [9.7772616, 50.4201373],
                    [9.7771594, 50.4202562],
                    [9.7771288, 50.4203864],
                    [9.7770706, 50.420512],
                    [9.7769639, 50.4206852],
                    [9.7761065, 50.4209736],
                    [9.774875, 50.4216241],
                    [9.7746602, 50.4220608],
                    [9.7746245, 50.422072]
                ]
            }
        },
        {
            "type": "Feature",
            "id": "way/1076606960",
            "properties": {
                "admin_level": "4",
                "boundary": "administrative",
                "source": "Hessische Verwaltung für Bodenmanagement und Geoinformation - Digitale Verwaltungsgrenzen",
                "id": "way/1076606960"
            },
            "geometry": {
                "type": "LineString",
                "coordinates": [
                    [9.0200806, 49.9814711],
                    [9.0200752, 49.9814175],
                    [9.0199481, 49.9801517],
                    [9.0199384, 49.9790973],
                    [9.0199224, 49.9784922],
                    [9.0191299, 49.9784939],
                    [9.0186998, 49.9783843],
                    [9.0186068, 49.9778525],
                    [9.0192347, 49.9767163],
                    [9.0192509, 49.9756273],
                    [9.018941, 49.9746525]
                ]
            }
        },
        {
            "type": "Feature",
            "id": "way/1076606961",
            "properties": {
                "admin_level": "4",
                "boundary": "administrative",
                "source": "Hessische Verwaltung für Bodenmanagement und Geoinformation - Digitale Verwaltungsgrenzen",
                "id": "way/1076606961"
            },
            "geometry": {
                "type": "LineString",
                "coordinates": [
                    [9.018941, 49.9746525],
                    [9.0192655, 49.9745007],
                    [9.0194293, 49.9744511],
                    [9.0200458, 49.9745247],
                    [9.0201639, 49.9739153],
                    [9.0206814, 49.9728882],
                    [9.0212382, 49.9711055],
                    [9.0214438, 49.9702913]
                ]
            }
        },
        {
            "type": "Feature",
            "id": "way/1079767610",
            "properties": {
                "admin_level": "4",
                "boundary": "administrative",
                "source": "Hessische Verwaltung für Bodenmanagement und Geoinformation - Digitale Verwaltungsgrenzen",
                "id": "way/1079767610"
            },
            "geometry": {
                "type": "LineString",
                "coordinates": [
                    [9.0857938, 49.544307],
                    [9.085808, 49.5442799],
                    [9.0856484, 49.5439314],
                    [9.0855592, 49.5438254],
                    [9.0850537, 49.5435609],
                    [9.0845682, 49.5435591],
                    [9.0843642, 49.5435122],
                    [9.0837999, 49.5436194],
                    [9.0835439, 49.5436021]
                ]
            }
        },
        {
            "type": "Feature",
            "id": "way/1092813491",
            "properties": {
                "admin_level": "4",
                "boundary": "administrative",
                "source": "ALKIS Hessen + Shapefiles",
                "id": "way/1092813491"
            },
            "geometry": {
                "type": "LineString",
                "coordinates": [
                    [9.0780283, 49.8342603],
                    [9.0793977, 49.8341046],
                    [9.0801998, 49.8340457],
                    [9.0830714, 49.832655],
                    [9.0837156, 49.8311811],
                    [9.0838596, 49.8308913],
                    [9.0829747, 49.8295242],
                    [9.0851999, 49.8291065],
                    [9.085637, 49.8291077],
                    [9.0862443, 49.8278861],
                    [9.0869135, 49.8266162],
                    [9.0862524, 49.8261867],
                    [9.084256, 49.8250842],
                    [9.0819103, 49.8241194],
                    [9.0813881, 49.8230923],
                    [9.0798667, 49.821918],
                    [9.0781423, 49.8205026],
                    [9.077358, 49.8193938],
                    [9.0771755, 49.8183657],
                    [9.0772364, 49.8178423],
                    [9.077792, 49.8168101],
                    [9.0782196, 49.8158192],
                    [9.0787676, 49.81519],
                    [9.0799106, 49.8145373],
                    [9.0807224, 49.8138843],
                    [9.0812551, 49.8134337],
                    [9.0813755, 49.8126979],
                    [9.081752, 49.8119391],
                    [9.0821613, 49.8110048]
                ]
            }
        },
        {
            "type": "Feature",
            "id": "way/1092813492",
            "properties": {
                "admin_level": "4",
                "boundary": "administrative",
                "source": "ALKIS Hessen + Shapefiles",
                "id": "way/1092813492"
            },
            "geometry": {
                "type": "LineString",
                "coordinates": [
                    [9.0361215, 49.846382],
                    [9.036619, 49.8458825],
                    [9.0369548, 49.8453504],
                    [9.0371977, 49.8448558],
                    [9.0378022, 49.8426151]
                ]
            }
        },
        {
            "type": "Feature",
            "id": "way/1093321286",
            "properties": {
                "admin_level": "4",
                "boundary": "administrative",
                "source": "ALKIS Hessen + Shapefiles",
                "id": "way/1093321286"
            },
            "geometry": {
                "type": "LineString",
                "coordinates": [
                    [9.1010064, 49.7935571],
                    [9.1016732, 49.7938118],
                    [9.1031484, 49.7944483],
                    [9.1060807, 49.7962966],
                    [9.1071446, 49.7971553],
                    [9.1081977, 49.7979969]
                ]
            }
        },
        {
            "type": "Feature",
            "id": "way/1098476470",
            "properties": {
                "admin_level": "4",
                "boundary": "administrative",
                "source": "Hessische Verwaltung für Bodenmanagement und Geoinformation - Digitale Verwaltungsgrenzen",
                "id": "way/1098476470"
            },
            "geometry": {
                "type": "LineString",
                "coordinates": [
                    [9.0233658, 49.9101449],
                    [9.0234091, 49.9101156],
                    [9.0243099, 49.909506],
                    [9.0245746, 49.9093388],
                    [9.0250416, 49.9094896],
                    [9.0251281, 49.9093806],
                    [9.0253637, 49.9094345],
                    [9.0259453, 49.9097199],
                    [9.0266128, 49.9098221],
                    [9.0272409, 49.9099381],
                    [9.0274832, 49.9094903],
                    [9.0277409, 49.9095356],
                    [9.0284066, 49.9095329],
                    [9.0292072, 49.9096505],
                    [9.0292761, 49.9094788],
                    [9.0294529, 49.9089836],
                    [9.0306579, 49.9090573],
                    [9.0310767, 49.9091019],
                    [9.0310274, 49.9092711],
                    [9.0320319, 49.9094792],
                    [9.0322792, 49.9089895]
                ]
            }
        },
        {
            "type": "Feature",
            "id": "way/1103766772",
            "properties": {
                "admin_level": "4",
                "boundary": "administrative",
                "source": "Hessische Verwaltung für Bodenmanagement und Geoinformation - Digitale Verwaltungsgrenzen (Shapefile)",
                "id": "way/1103766772"
            },
            "geometry": {
                "type": "LineString",
                "coordinates": [
                    [7.8737995, 49.974138],
                    [7.8701541, 49.975779]
                ]
            }
        },
        {
            "type": "Feature",
            "id": "way/1103790428",
            "properties": {
                "admin_level": "4",
                "boundary": "administrative",
                "source": "Hessische Verwaltung für Bodenmanagement und Geoinformation - Digitale Verwaltungsgrenzen (Shapefile)",
                "id": "way/1103790428"
            },
            "geometry": {
                "type": "LineString",
                "coordinates": [
                    [7.9275094, 50.1192468],
                    [7.9274999, 50.1192273],
                    [7.9271299, 50.1194202],
                    [7.926847, 50.1195794],
                    [7.9265051, 50.1197238],
                    [7.9263276, 50.1197808],
                    [7.9261601, 50.1199417],
                    [7.9260187, 50.12001],
                    [7.9258351, 50.1202033],
                    [7.9253708, 50.1205174],
                    [7.925243, 50.1206683],
                    [7.9250532, 50.1206128],
                    [7.9247444, 50.120956],
                    [7.9246533, 50.121017],
                    [7.924548, 50.1210615],
                    [7.9243997, 50.1210841],
                    [7.9242172, 50.1210609],
                    [7.9240206, 50.1210506],
                    [7.9244403, 50.121286],
                    [7.9243938, 50.1215517],
                    [7.9243298, 50.1216437],
                    [7.9243254, 50.1217578],
                    [7.9243029, 50.1218373],
                    [7.9242366, 50.1218891],
                    [7.9240995, 50.1219084],
                    [7.9239586, 50.1218902],
                    [7.9240439, 50.1220745],
                    [7.9242213, 50.1221904],
                    [7.9242108, 50.1223511],
                    [7.9241604, 50.1224717],
                    [7.9241356, 50.1226709],
                    [7.9242297, 50.1228399],
                    [7.9244028, 50.122788],
                    [7.9246327, 50.1227583],
                    [7.9249513, 50.1230845],
                    [7.9251925, 50.1234051],
                    [7.9252339, 50.1236103],
                    [7.9251872, 50.1236694],
                    [7.9252316, 50.1240963],
                    [7.925011, 50.1244433],
                    [7.9247214, 50.1246371],
                    [7.9244016, 50.1247806],
                    [7.9241636, 50.1248583],
                    [7.923776, 50.1250224],
                    [7.9234415, 50.1251156],
                    [7.9231632, 50.1251444],
                    [7.9229279, 50.1251102],
                    [7.9228596, 50.1251556],
                    [7.9230907, 50.125291],
                    [7.9231758, 50.1254086],
                    [7.9231444, 50.1257702],
                    [7.9231271, 50.1264816],
                    [7.9230375, 50.1267452],
                    [7.9228915, 50.1269316],
                    [7.9228134, 50.1272211],
                    [7.9226982, 50.1272708],
                    [7.922641, 50.1274595],
                    [7.9226083, 50.1278207],
                    [7.9226552, 50.1281362],
                    [7.9225731, 50.1283178],
                    [7.9226426, 50.1287223],
                    [7.92261, 50.1289967],
                    [7.922507, 50.1293324],
                    [7.9223693, 50.1293549],
                    [7.9223529, 50.1295714],
                    [7.9222502, 50.1297247],
                    [7.9221179, 50.1302713],
                    [7.9220629, 50.130424],
                    [7.9221247, 50.1305571],
                    [7.9221229, 50.1307036],
                    [7.9220876, 50.130862],
                    [7.9220371, 50.1310263],
                    [7.9220507, 50.1312172],
                    [7.922122, 50.1312978],
                    [7.9223994, 50.131509],
                    [7.9223053, 50.1315372],
                    [7.9224125, 50.1317059],
                    [7.9224452, 50.1318194],
                    [7.9223897, 50.1318792],
                    [7.9221595, 50.1319588],
                    [7.9221643, 50.1320163],
                    [7.9225518, 50.1319892],
                    [7.9227564, 50.1320956],
                    [7.9228705, 50.1324352],
                    [7.922808, 50.1324437],
                    [7.922877, 50.1327144],
                    [7.9228272, 50.1328602],
                    [7.9227355, 50.1330352],
                    [7.9227016, 50.1332285],
                    [7.9224515, 50.1335651],
                    [7.9223242, 50.1336887],
                    [7.9222916, 50.1338848],
                    [7.9222468, 50.1339942],
                    [7.9222897, 50.1343349],
                    [7.9222704, 50.1345278],
                    [7.9223635, 50.1348068],
                    [7.9225674, 50.135067],
                    [7.9229448, 50.1352982],
                    [7.923659, 50.135572],
                    [7.923765, 50.1356453],
                    [7.923761, 50.1358415],
                    [7.9238875, 50.1359056],
                    [7.9240883, 50.1358593],
                    [7.9242224, 50.1360013],
                    [7.9244865, 50.1362651],
                    [7.9247222, 50.1363897],
                    [7.9248556, 50.1364864],
                    [7.9251239, 50.1365531],
                    [7.92529, 50.1366617],
                    [7.9255934, 50.1371047],
                    [7.9257056, 50.1373149],
                    [7.9256164, 50.1375616],
                    [7.9258421, 50.1390523],
                    [7.926171, 50.1392788],
                    [7.926205, 50.1397887],
                    [7.9263235, 50.1398633],
                    [7.9264465, 50.140118],
                    [7.9270526, 50.1406357],
                    [7.9273469, 50.140988],
                    [7.9292077, 50.142131],
                    [7.9319208, 50.1427969],
                    [7.9321863, 50.142966],
                    [7.932313, 50.1431627],
                    [7.9324039, 50.1433914],
                    [7.9324598, 50.1438804]
                ]
            }
        },
        {
            "type": "Feature",
            "id": "way/1104080685",
            "properties": {
                "admin_level": "4",
                "boundary": "administrative",
                "source": "Hessische Verwaltung für Bodenmanagement und Geoinformation - Digitale Verwaltungsgrenzen (Shapefile)",
                "id": "way/1104080685"
            },
            "geometry": {
                "type": "LineString",
                "coordinates": [
                    [8.0243124, 50.4009796],
                    [8.0232389, 50.4009443],
                    [8.0191742, 50.4010352],
                    [8.0191951, 50.400767],
                    [8.0187909, 50.4007493],
                    [8.0184633, 50.4007228],
                    [8.0180185, 50.400728],
                    [8.0170613, 50.4007546],
                    [8.015526, 50.4007843],
                    [8.0153995, 50.4007537],
                    [8.0142735, 50.4007773],
                    [8.0141368, 50.4008045]
                ]
            }
        },
        {
            "type": "Feature",
            "id": "way/1109220416",
            "properties": {
                "admin_level": "4",
                "boundary": "administrative",
                "source": "Hessische Verwaltung für Bodenmanagement und Geoinformation - Digitale Verwaltungsgrenzen",
                "id": "way/1109220416"
            },
            "geometry": {
                "type": "LineString",
                "coordinates": [
                    [9.9927025, 50.452586],
                    [9.9927132, 50.4525695],
                    [9.9929699, 50.452176],
                    [9.9932345, 50.4518398],
                    [9.9936425, 50.4515289],
                    [9.9930336, 50.4511744],
                    [9.9927529, 50.4510053],
                    [9.9923313, 50.4507113],
                    [9.9918679, 50.4504761],
                    [9.9921276, 50.4502084],
                    [9.9915279, 50.4498547],
                    [9.9912547, 50.4496473],
                    [9.9911079, 50.4495103],
                    [9.9907197, 50.4488426],
                    [9.9903869, 50.4483173],
                    [9.990196, 50.4477751],
                    [9.9901381, 50.4475801],
                    [9.9900766, 50.4472325],
                    [9.9899399, 50.4469183],
                    [9.9897749, 50.4468744],
                    [9.9895878, 50.4468479],
                    [9.9894237, 50.4468145],
                    [9.9892307, 50.4467584],
                    [9.9888376, 50.4467467],
                    [9.9886613, 50.4465225],
                    [9.9885387, 50.4462991],
                    [9.988184, 50.4458914],
                    [9.9880102, 50.4457691],
                    [9.9880005, 50.4454435]
                ]
            }
        },
        {
            "type": "Feature",
            "id": "way/1110338052",
            "properties": {
                "admin_level": "4",
                "boundary": "administrative",
                "source": "Hessische Verwaltung für Bodenmanagement und Geoinformation - Digitale Verwaltungsgrenzen",
                "id": "way/1110338052"
            },
            "geometry": {
                "type": "LineString",
                "coordinates": [
                    [10.0617053, 50.5566503],
                    [10.060476, 50.5560286],
                    [10.0592595, 50.5555289],
                    [10.0578827, 50.5550486],
                    [10.056728, 50.5545958]
                ]
            }
        },
        {
            "type": "Feature",
            "id": "way/1111126631",
            "properties": {
                "admin_level": "4",
                "boundary": "administrative",
                "source": "Hessische Verwaltung für Bodenmanagement und Geoinformation - Digitale Verwaltungsgrenzen",
                "id": "way/1111126631"
            },
            "geometry": {
                "type": "LineString",
                "coordinates": [
                    [9.920663, 50.7152057],
                    [9.9166049, 50.7126732],
                    [9.9156113, 50.7117912],
                    [9.9115644, 50.7087895],
                    [9.910942, 50.7076521],
                    [9.9088609, 50.7051972],
                    [9.9075068, 50.7032232]
                ]
            }
        },
        {
            "type": "Feature",
            "id": "way/1122459049",
            "properties": {
                "admin_level": "4",
                "boundary": "administrative",
                "source": "Hessische Verwaltung für Bodenmanagement und Geoinformation - Digitale Verwaltungsgrenzen",
                "id": "way/1122459049"
            },
            "geometry": {
                "type": "LineString",
                "coordinates": [
                    [9.0029237, 50.0974482],
                    [9.0020042, 50.0966274],
                    [8.9996108, 50.094748],
                    [8.9986029, 50.0937027]
                ]
            }
        },
        {
            "type": "Feature",
            "id": "way/1161137229",
            "properties": {
                "admin_level": "4",
                "boundary": "administrative",
                "source": "Hessische Verwaltung für Bodenmanagement und Geoinformation - Digitale Verwaltungsgrenzen (Shapefile)",
                "id": "way/1161137229"
            },
            "geometry": {
                "type": "LineString",
                "coordinates": [
                    [8.1734705, 50.8173379],
                    [8.1764228, 50.8188459],
                    [8.1784079, 50.8193887],
                    [8.1792442, 50.8196627],
                    [8.1801668, 50.8200039],
                    [8.1804035, 50.8208912],
                    [8.1800072, 50.8220174],
                    [8.1808675, 50.8233106],
                    [8.1820267, 50.8244358],
                    [8.1829095, 50.8250863],
                    [8.1841037, 50.8261731],
                    [8.185717, 50.8272878],
                    [8.1875863, 50.8286716],
                    [8.1883254, 50.8292099],
                    [8.1899416, 50.8296472],
                    [8.1932469, 50.8304535],
                    [8.195493, 50.8327016],
                    [8.1981726, 50.8340302]
                ]
            }
        },
        {
            "type": "Feature",
            "id": "way/1172296656",
            "properties": {
                "admin_level": "4",
                "boundary": "administrative",
                "source": "Hessische Verwaltung für Bodenmanagement und Geoinformation - Digitale Verwaltungsgrenzen (Shapefile)",
                "id": "way/1172296656"
            },
            "geometry": {
                "type": "LineString",
                "coordinates": [
                    [7.9299518, 50.1039025],
                    [7.9298518, 50.1039169],
                    [7.9298907, 50.1039501],
                    [7.9296006, 50.1039901],
                    [7.9294796, 50.1041218],
                    [7.929412, 50.1042488],
                    [7.9288799, 50.1044816],
                    [7.9282664, 50.1045111],
                    [7.9279222, 50.1044419],
                    [7.9275188, 50.104602]
                ]
            }
        },
        {
            "type": "Feature",
            "id": "way/1205309825",
            "properties": {
                "admin_level": "4",
                "boundary": "administrative",
                "source": "Hessische Verwaltung für Bodenmanagement und Geoinformation - Digitale Verwaltungsgrenzen",
                "id": "way/1205309825"
            },
            "geometry": {
                "type": "LineString",
                "coordinates": [
                    [9.0322792, 49.9089895],
                    [9.0319867, 49.9088363],
                    [9.031578, 49.9087375],
                    [9.0316881, 49.9082662],
                    [9.0313425, 49.9071946],
                    [9.031108, 49.9070752],
                    [9.0308347, 49.9068658],
                    [9.0308787, 49.9067539],
                    [9.0301613, 49.9060606],
                    [9.0299943, 49.9058343],
                    [9.0309381, 49.9055432],
                    [9.0311509, 49.905706],
                    [9.0323335, 49.9046977],
                    [9.032671, 49.9044023],
                    [9.0310285, 49.9039567],
                    [9.0315403, 49.9032435],
                    [9.0324881, 49.9019495],
                    [9.0325199, 49.9019495],
                    [9.0325308, 49.9018864],
                    [9.0327626, 49.9013947],
                    [9.0326177, 49.9013954],
                    [9.0322189, 49.9013743],
                    [9.031395, 49.9013132],
                    [9.0322278, 49.9005832],
                    [9.0322385, 49.9005484],
                    [9.0324335, 49.9003481],
                    [9.0330573, 49.9005751],
                    [9.0331514, 49.9004074],
                    [9.0332207, 49.9004215],
                    [9.0332592, 49.9003368],
                    [9.0338164, 49.8998043],
                    [9.0335974, 49.8997551],
                    [9.0335958, 49.8993532],
                    [9.0356849, 49.8993823],
                    [9.0357069, 49.8989308],
                    [9.0356047, 49.8982225],
                    [9.0355289, 49.8975937],
                    [9.0354864, 49.8970909],
                    [9.0357518, 49.8970528],
                    [9.036144, 49.8962303],
                    [9.0360771, 49.8961875],
                    [9.0371707, 49.8958435],
                    [9.037029, 49.8957607],
                    [9.036453, 49.895546],
                    [9.0366619, 49.8948959],
                    [9.0369188, 49.8944327],
                    [9.0376428, 49.8927177],
                    [9.0377344, 49.8923368]
                ]
            }
        },
        {
            "type": "Feature",
            "id": "way/1227022096",
            "properties": {
                "admin_level": "4",
                "boundary": "administrative",
                "id": "way/1227022096"
            },
            "geometry": {
                "type": "LineString",
                "coordinates": [
                    [7.9662042, 50.2214246],
                    [7.9661772, 50.2214152],
                    [7.9659085, 50.2213208],
                    [7.9657669, 50.2212935],
                    [7.9657526, 50.2213364],
                    [7.965735, 50.2213852],
                    [7.965207, 50.2211932],
                    [7.9650603, 50.2211165],
                    [7.964852, 50.2210057],
                    [7.9644333, 50.2207937],
                    [7.9634948, 50.2207727],
                    [7.9626846, 50.2207535],
                    [7.9617331, 50.2207277],
                    [7.9612143, 50.2206365],
                    [7.961125, 50.2205765],
                    [7.960423, 50.2201921],
                    [7.9597661, 50.220073],
                    [7.9592076, 50.2199745],
                    [7.9584316, 50.2199826],
                    [7.9583573, 50.2199828],
                    [7.9576421, 50.2199929],
                    [7.95664, 50.2200396],
                    [7.955622, 50.2200455],
                    [7.9545655, 50.2200553],
                    [7.9535494, 50.2203122],
                    [7.9528103, 50.2204383]
                ]
            }
        },
        {
            "type": "Feature",
            "id": "way/1227022097",
            "properties": {
                "admin_level": "4",
                "boundary": "administrative",
                "source": "Hessische Verwaltung für Bodenmanagement und Geoinformation - Digitale Verwaltungsgrenzen (Shapefile)",
                "id": "way/1227022097"
            },
            "geometry": {
                "type": "LineString",
                "coordinates": [
                    [7.9286856, 50.2079663],
                    [7.9309136, 50.2083929],
                    [7.9326545, 50.2087225]
                ]
            }
        },
        {
            "type": "Feature",
            "id": "way/1236014100",
            "properties": {
                "admin_level": "4",
                "boundary": "administrative",
                "source": "Hessische Verwaltung für Bodenmanagement und Geoinformation - Digitale Verwaltungsgrenzen",
                "id": "way/1236014100"
            },
            "geometry": {
                "type": "LineString",
                "coordinates": [
                    [8.3432812, 49.8781057],
                    [8.3425613, 49.879662],
                    [8.3415162, 49.8822576],
                    [8.3410381, 49.884628],
                    [8.3409669, 49.8860589],
                    [8.3411083, 49.8879764],
                    [8.3418844, 49.8912007],
                    [8.3427784, 49.8936867],
                    [8.344121, 49.8959891],
                    [8.3459992, 49.8982652],
                    [8.3484371, 49.9008977],
                    [8.3495786, 49.9021997]
                ]
            }
        },
        {
            "type": "Feature",
            "id": "way/1236014101",
            "properties": {
                "admin_level": "4",
                "boundary": "administrative",
                "source": "Hessische Verwaltung für Bodenmanagement und Geoinformation - Digitale Verwaltungsgrenzen",
                "id": "way/1236014101"
            },
            "geometry": {
                "type": "LineString",
                "coordinates": [
                    [8.3495786, 49.9021997],
                    [8.351656, 49.9048119]
                ]
            }
        },
        {
            "type": "Feature",
            "id": "way/1331194945",
            "properties": {
                "admin_level": "4",
                "boundary": "administrative",
                "source": "Hessische Verwaltung für Bodenmanagement und Geoinformation - Digitale Verwaltungsgrenzen",
                "id": "way/1331194945"
            },
            "geometry": {
                "type": "LineString",
                "coordinates": [
                    [8.8973495, 49.4966769],
                    [8.8973637, 49.4967095],
                    [8.8973772, 49.4967406],
                    [8.8975371, 49.4968273],
                    [8.8975597, 49.4968673],
                    [8.8976993, 49.4969161],
                    [8.8977961, 49.4969804],
                    [8.8977427, 49.4971189],
                    [8.897761, 49.4972152],
                    [8.8976415, 49.4972274],
                    [8.897414, 49.497173],
                    [8.8973342, 49.4971943],
                    [8.8972876, 49.4972556],
                    [8.8973405, 49.4973499],
                    [8.8973275, 49.4975173],
                    [8.8972798, 49.4976231],
                    [8.8972021, 49.4976695],
                    [8.8971709, 49.4977222],
                    [8.8972004, 49.4978121],
                    [8.8973152, 49.4979319],
                    [8.8974325, 49.4979279],
                    [8.8981067, 49.4980507],
                    [8.8981708, 49.4981224],
                    [8.8981561, 49.4981862],
                    [8.8981905, 49.4982184],
                    [8.898234, 49.4982592],
                    [8.898446, 49.4983359],
                    [8.8985166, 49.4983614],
                    [8.8986618, 49.4983628],
                    [8.8987083, 49.4983898],
                    [8.8988014, 49.4984438],
                    [8.8988027, 49.4987202],
                    [8.8987707, 49.4987855],
                    [8.8986063, 49.4989257],
                    [8.8985865, 49.4989819],
                    [8.898609, 49.4990291],
                    [8.8986709, 49.499159],
                    [8.8985517, 49.4992521],
                    [8.8985446, 49.4993285],
                    [8.8985994, 49.4994029],
                    [8.8987471, 49.4994507],
                    [8.8987862, 49.4995697],
                    [8.8987261, 49.499643],
                    [8.8986885, 49.4996579],
                    [8.8984822, 49.4997395],
                    [8.898456, 49.4997499],
                    [8.8984761, 49.4998001],
                    [8.8985338, 49.499944],
                    [8.898568, 49.4999591],
                    [8.8987188, 49.5000259],
                    [8.8988324, 49.500128],
                    [8.8986845, 49.5003202],
                    [8.8987244, 49.5003609],
                    [8.898964, 49.5006049],
                    [8.8989313, 49.5007454],
                    [8.898945, 49.5008139],
                    [8.8989828, 49.5010023],
                    [8.8990201, 49.5011882],
                    [8.8991096, 49.5013528],
                    [8.899169, 49.5015965],
                    [8.8992599, 49.501676],
                    [8.8994713, 49.501761],
                    [8.8995517, 49.5018838],
                    [8.899741, 49.5019181],
                    [8.8997556, 49.5019633],
                    [8.8997791, 49.5020363],
                    [8.8997701, 49.5020489],
                    [8.8997335, 49.5021],
                    [8.899376, 49.5021766],
                    [8.8993475, 49.5022254],
                    [8.8992622, 49.5023718],
                    [8.8992637, 49.5023964],
                    [8.8992667, 49.5024478],
                    [8.8993184, 49.5024889],
                    [8.8994082, 49.5025604],
                    [8.8995603, 49.5025817],
                    [8.8995885, 49.5025702],
                    [8.8997001, 49.5025244],
                    [8.8997204, 49.5023246],
                    [8.8997391, 49.5023186],
                    [8.899825, 49.5022909],
                    [8.8999044, 49.5023046],
                    [8.8999787, 49.5024024],
                    [8.9000268, 49.5024658],
                    [8.9000269, 49.5025426],
                    [8.9000271, 49.5028595],
                    [8.8998786, 49.5029613],
                    [8.8998621, 49.5030111],
                    [8.8998795, 49.5030408],
                    [8.9000649, 49.5031258],
                    [8.9001989, 49.5031422],
                    [8.9002475, 49.5031774],
                    [8.9000694, 49.5033394],
                    [8.8999829, 49.5034181],
                    [8.8997257, 49.5035665]
                ]
            }
        },
        {
            "type": "Feature",
            "id": "way/1364228076",
            "properties": {
                "admin_level": "4",
                "boundary": "administrative",
                "source": "Hessische Verwaltung für Bodenmanagement und Geoinformation - Digitale Verwaltungsgrenzen (Shapefile)",
                "id": "way/1364228076"
            },
            "geometry": {
                "type": "LineString",
                "coordinates": [
                    [7.9723385, 50.4062793],
                    [7.9714539, 50.4063204],
                    [7.9706721, 50.4065955],
                    [7.9702393, 50.4071444],
                    [7.9699706, 50.4079468],
                    [7.9695685, 50.4092284],
                    [7.9670151, 50.4094372],
                    [7.964713, 50.409616],
                    [7.964013, 50.411689],
                    [7.9645541, 50.4124582],
                    [7.9653753, 50.4137159]
                ]
            }
        },
        {
            "type": "Feature",
            "id": "way/1364228077",
            "properties": {
                "admin_level": "4",
                "boundary": "administrative",
                "source": "Hessische Verwaltung für Bodenmanagement und Geoinformation - Digitale Verwaltungsgrenzen (Shapefile)",
                "id": "way/1364228077"
            },
            "geometry": {
                "type": "LineString",
                "coordinates": [
                    [7.9893266, 50.4336883],
                    [7.9890846, 50.4340636],
                    [7.9885396, 50.4350482],
                    [7.9882285, 50.4355496],
                    [7.9868497, 50.4356297],
                    [7.9856638, 50.4356871],
                    [7.9834324, 50.4360048],
                    [7.9813409, 50.4358902],
                    [7.9798501, 50.4356002],
                    [7.9792256, 50.4351842],
                    [7.9790482, 50.4349869],
                    [7.9788296, 50.4347873],
                    [7.9785977, 50.4345455],
                    [7.9783219, 50.434278],
                    [7.9777137, 50.4346549],
                    [7.9768132, 50.4350552],
                    [7.9767247, 50.4352292],
                    [7.9763919, 50.4354592],
                    [7.9756971, 50.4356449],
                    [7.9750321, 50.4359438]
                ]
            }
        },
        {
            "type": "Feature",
            "id": "way/1391069399",
            "properties": {
                "admin_level": "4",
                "boundary": "administrative",
                "source": "Hessische Verwaltung für Bodenmanagement und Geoinformation - Digitale Verwaltungsgrenzen",
                "id": "way/1391069399"
            },
            "geometry": {
                "type": "LineString",
                "coordinates": [
                    [9.1220168, 49.5245453],
                    [9.1221752, 49.5243662],
                    [9.1224923, 49.5240537],
                    [9.1237465, 49.5233296],
                    [9.1247621, 49.5226216],
                    [9.1255321, 49.5222429],
                    [9.1265202, 49.5216295],
                    [9.126651, 49.521586],
                    [9.1255482, 49.5211233],
                    [9.1245592, 49.5206559],
                    [9.1239993, 49.520286],
                    [9.1236238, 49.5198089],
                    [9.1235742, 49.5192685],
                    [9.1238501, 49.518761],
                    [9.1239966, 49.5185555],
                    [9.125362, 49.5177032],
                    [9.1258265, 49.5172662],
                    [9.1262862, 49.5167632]
                ]
            }
        },
        {
            "type": "Feature",
            "id": "way/1391069400",
            "properties": {
                "admin_level": "4",
                "boundary": "administrative",
                "source": "Hessische Verwaltung für Bodenmanagement und Geoinformation - Digitale Verwaltungsgrenzen",
                "id": "way/1391069400"
            },
            "geometry": {
                "type": "LineString",
                "coordinates": [
                    [9.1262862, 49.5167632],
                    [9.1248601, 49.516532],
                    [9.1239454, 49.5162702],
                    [9.1234413, 49.5160444],
                    [9.1224957, 49.515357],
                    [9.1219692, 49.5148627],
                    [9.1216567, 49.5143218],
                    [9.1214685, 49.5138365],
                    [9.121194, 49.5133365],
                    [9.1205838, 49.5126305],
                    [9.1201878, 49.512392],
                    [9.1198641, 49.512161],
                    [9.1185017, 49.5124062],
                    [9.1179455, 49.5126804],
                    [9.1172845, 49.5128162],
                    [9.1164694, 49.5127183],
                    [9.116125, 49.5126418],
                    [9.1157236, 49.5124136],
                    [9.1155126, 49.5121975],
                    [9.1148079, 49.5118355],
                    [9.1142692, 49.5117454],
                    [9.1137839, 49.5116355],
                    [9.1130294, 49.5115488],
                    [9.1124076, 49.5113784],
                    [9.1116421, 49.511116],
                    [9.1109861, 49.5109645],
                    [9.1100131, 49.5106246],
                    [9.1081867, 49.5101819],
                    [9.1066928, 49.5097047],
                    [9.1060171, 49.5097972],
                    [9.1056306, 49.5101474],
                    [9.1052902, 49.5113243],
                    [9.1052706, 49.5118733],
                    [9.1053939, 49.5127716],
                    [9.1055119, 49.5133388],
                    [9.1058579, 49.5140619],
                    [9.1060683, 49.5146688],
                    [9.1064032, 49.5153908],
                    [9.1061093, 49.5160195],
                    [9.1058632, 49.5166755],
                    [9.1053574, 49.5173286],
                    [9.1045538, 49.5178779],
                    [9.103476, 49.5184222],
                    [9.1032502, 49.5186234],
                    [9.1021371, 49.5192734],
                    [9.1015343, 49.5197593],
                    [9.1013131, 49.5207914],
                    [9.1007569, 49.5224778],
                    [9.1006793, 49.5231093],
                    [9.100487, 49.5233831],
                    [9.1002672, 49.5239424],
                    [9.1002862, 49.5244995],
                    [9.1002424, 49.524889],
                    [9.1001168, 49.5253658],
                    [9.0997925, 49.5261931],
                    [9.098711, 49.526174],
                    [9.0980328, 49.5261394],
                    [9.097351, 49.5261915],
                    [9.0961971, 49.5261214],
                    [9.0935729, 49.5256107],
                    [9.0923181, 49.5254637],
                    [9.0916924, 49.5255822],
                    [9.0896548, 49.5255384],
                    [9.0885752, 49.5255582],
                    [9.0873236, 49.5259388],
                    [9.086001, 49.5260271],
                    [9.0850896, 49.5262238],
                    [9.0840553, 49.5264096],
                    [9.0836984, 49.5262902]
                ]
            }
        }
    ]
}